clade_or_herv,elements_within_herv_or_clade
Clade_0,LTR7-655_HERVH-891_int-3043_LTR7Y-71_LTR7B-121_LTR7C-42_LTR7A-3_MER66-11_MER66B-1_MER50-15_MER52-54_MER52C-1_HERV1-30_LTRd-1_I-50_PABL-37_B-37_LTR9-5_HUERS-51_P3-50_HERVIP10F-43_LTR10A-19_Harlequin-4_LTR2-1_LTR10B2-8_HERVIP10B3-34_HERV3-43_LTR4-12_LTR13-8_HERVK13-9_HERVK11-44_MER11C-18_HERVL32-6_LTR32-4_ERVL47-6_LTR47A2-2_HERVI-13_LTR10D-5_LTR9C-6_P3b-1_LTR9B-1_LTRc-8_LTR61-11_PRIMA41-40_PRIMA4-22_LTR-10_HERVK22-100_MER57A-16_HERVK9-168_MER9a3-83_MER57D-1_ERV24B-17_Prim-39_LTR24B-9_LTR14-6_HERVKC4-8_HERVK-61_ERV24-22_HERVS71-37_LTR6B-20_HERVFH19-14_LTR19B-1_LTR46-22_HERVFH21-22_LTR21A-8_LTR21B-7_LTR21C-3_HERVH48-30_MER48-29_MER84-10_LTR14C-12_HERVK14C-12_LTR53-3_LTR47B4-1_LTR47B3-2_LTR47B2-1_LTR57-16_MER70-2_MER70C-1_LTR76-10_HERVL18-37_LTR18A-24_LTR18C-8_LTR18B-5_LTR17-104_HERV17-116_LTR12-35_HERV9N-36_HERV9-91_LTR12F-34_LTR12C-41_HERV9NC-85_HERV30-18_LTR12D-21_-23_LTR12B-4_HERVL-452_MLT2A2-144_LTR30-14_HERV4-35_LTR27E-8_LTR27D-9_LTR28B-4_LTR1D1-6_LTR28C-4_LTR9D-3_LTR9A1-10_LTR25-2_MER66A-1_MER51E-6_MER51A-16_ERVL-47_E-5_LTR41-1_MER41E-1_MER41C-18_MER66C-1_MER41D-2_LTR6A-17_LTRe-5_LTR15-12_HERV15-14_LTRa-2_B4-34_MER70B-1_HERVE-108_a-30_LTR2C-36_MER57C1-1_LTR39-2_MER83A-1_LTR10B1-10_LTR10G-10_HERVIP10FH-2_LTR10E-1_MER4E-2_MER4B-3_MER101-1_LOR1-4_LTR22-9_LTR5-26_Hs-26_MER110-1_HERVK11D-10_MER11D-10_LTR24-7_PRIMAX-1_MER89-2_MER57C2-1_LTR22C2-2_LTR22C0-17_LTR22E-17_LTR22B1-17_LTR22A-17_LTR22B-4_ERV3-2_16A3-2_MER34D-1_MER34-1_HERVK14-32_LTR14B-16_LTR14A-13_MER11A-13_MER11B-17_LTR5B-17_LTR5A-12_LTR45C-1_MER9B-5_MER9a2-41_MER9a1-29_LTR10B-3_LTR71A-14_HERVP71A-22_LTR71B-7_MLT2D-4_MLT2B4-6_MLT2A1-283_MLT2B2-2_MLT2B1-13_MLT2B3-1_MLT2C1-2_LOR1a-2_LTR3B-28_HERVK3-60_LTR3-12_LTR3A-20_LTRb-1_LTR66-1_HERVL66-1_LTR16-1_MER66D-3_LTR52-4_HERV-12_Fc2-2_Fc1-10_LTR1-4_MER57E3-1
ERV_2908830,ERV_2908830_LTR7_HERVH_int
Clade_1,LTR7-2_HERVH-2_int-2
ERV_2734541,ERV_2734541_LTR7_HERVH_int
ERV_2926441,ERV_2926441_LTR7_HERVH_int
Clade_2,LTR7-652_HERVH-888_int-3040_LTR7Y-71_LTR7B-121_LTR7C-42_LTR7A-3_MER66-11_MER66B-1_MER50-15_MER52-54_MER52C-1_HERV1-30_LTRd-1_I-50_PABL-37_B-37_LTR9-5_HUERS-51_P3-50_HERVIP10F-43_LTR10A-19_Harlequin-4_LTR2-1_LTR10B2-8_HERVIP10B3-34_HERV3-43_LTR4-12_LTR13-8_HERVK13-9_HERVK11-44_MER11C-18_HERVL32-6_LTR32-4_ERVL47-6_LTR47A2-2_HERVI-13_LTR10D-5_LTR9C-6_P3b-1_LTR9B-1_LTRc-8_LTR61-11_PRIMA41-40_PRIMA4-22_LTR-10_HERVK22-100_MER57A-16_HERVK9-168_MER9a3-83_MER57D-1_ERV24B-17_Prim-39_LTR24B-9_LTR14-6_HERVKC4-8_HERVK-61_ERV24-22_HERVS71-37_LTR6B-20_HERVFH19-14_LTR19B-1_LTR46-22_HERVFH21-22_LTR21A-8_LTR21B-7_LTR21C-3_HERVH48-30_MER48-29_MER84-10_LTR14C-12_HERVK14C-12_LTR53-3_LTR47B4-1_LTR47B3-2_LTR47B2-1_LTR57-16_MER70-2_MER70C-1_LTR76-10_HERVL18-37_LTR18A-24_LTR18C-8_LTR18B-5_LTR17-104_HERV17-116_LTR12-35_HERV9N-36_HERV9-91_LTR12F-34_LTR12C-41_HERV9NC-85_HERV30-18_LTR12D-21_-23_LTR12B-4_HERVL-452_MLT2A2-144_LTR30-14_HERV4-35_LTR27E-8_LTR27D-9_LTR28B-4_LTR1D1-6_LTR28C-4_LTR9D-3_LTR9A1-10_LTR25-2_MER66A-1_MER51E-6_MER51A-16_ERVL-47_E-5_LTR41-1_MER41E-1_MER41C-18_MER66C-1_MER41D-2_LTR6A-17_LTRe-5_LTR15-12_HERV15-14_LTRa-2_B4-34_MER70B-1_HERVE-108_a-30_LTR2C-36_MER57C1-1_LTR39-2_MER83A-1_LTR10B1-10_LTR10G-10_HERVIP10FH-2_LTR10E-1_MER4E-2_MER4B-3_MER101-1_LOR1-4_LTR22-9_LTR5-26_Hs-26_MER110-1_HERVK11D-10_MER11D-10_LTR24-7_PRIMAX-1_MER89-2_MER57C2-1_LTR22C2-2_LTR22C0-17_LTR22E-17_LTR22B1-17_LTR22A-17_LTR22B-4_ERV3-2_16A3-2_MER34D-1_MER34-1_HERVK14-32_LTR14B-16_LTR14A-13_MER11A-13_MER11B-17_LTR5B-17_LTR5A-12_LTR45C-1_MER9B-5_MER9a2-41_MER9a1-29_LTR10B-3_LTR71A-14_HERVP71A-22_LTR71B-7_MLT2D-4_MLT2B4-6_MLT2A1-283_MLT2B2-2_MLT2B1-13_MLT2B3-1_MLT2C1-2_LOR1a-2_LTR3B-28_HERVK3-60_LTR3-12_LTR3A-20_LTRb-1_LTR66-1_HERVL66-1_LTR16-1_MER66D-3_LTR52-4_HERV-12_Fc2-2_Fc1-10_LTR1-4_MER57E3-1
Clade_3,LTR7-648_HERVH-884_int-3036_LTR7Y-71_LTR7B-121_LTR7C-42_LTR7A-3_MER66-11_MER66B-1_MER50-15_MER52-54_MER52C-1_HERV1-30_LTRd-1_I-50_PABL-37_B-37_LTR9-5_HUERS-51_P3-50_HERVIP10F-43_LTR10A-19_Harlequin-4_LTR2-1_LTR10B2-8_HERVIP10B3-34_HERV3-43_LTR4-12_LTR13-8_HERVK13-9_HERVK11-44_MER11C-18_HERVL32-6_LTR32-4_ERVL47-6_LTR47A2-2_HERVI-13_LTR10D-5_LTR9C-6_P3b-1_LTR9B-1_LTRc-8_LTR61-11_PRIMA41-40_PRIMA4-22_LTR-10_HERVK22-100_MER57A-16_HERVK9-168_MER9a3-83_MER57D-1_ERV24B-17_Prim-39_LTR24B-9_LTR14-6_HERVKC4-8_HERVK-61_ERV24-22_HERVS71-37_LTR6B-20_HERVFH19-14_LTR19B-1_LTR46-22_HERVFH21-22_LTR21A-8_LTR21B-7_LTR21C-3_HERVH48-30_MER48-29_MER84-10_LTR14C-12_HERVK14C-12_LTR53-3_LTR47B4-1_LTR47B3-2_LTR47B2-1_LTR57-16_MER70-2_MER70C-1_LTR76-10_HERVL18-37_LTR18A-24_LTR18C-8_LTR18B-5_LTR17-104_HERV17-116_LTR12-35_HERV9N-36_HERV9-91_LTR12F-34_LTR12C-41_HERV9NC-85_HERV30-18_LTR12D-21_-23_LTR12B-4_HERVL-452_MLT2A2-144_LTR30-14_HERV4-35_LTR27E-8_LTR27D-9_LTR28B-4_LTR1D1-6_LTR28C-4_LTR9D-3_LTR9A1-10_LTR25-2_MER66A-1_MER51E-6_MER51A-16_ERVL-47_E-5_LTR41-1_MER41E-1_MER41C-18_MER66C-1_MER41D-2_LTR6A-17_LTRe-5_LTR15-12_HERV15-14_LTRa-2_B4-34_MER70B-1_HERVE-108_a-30_LTR2C-36_MER57C1-1_LTR39-2_MER83A-1_LTR10B1-10_LTR10G-10_HERVIP10FH-2_LTR10E-1_MER4E-2_MER4B-3_MER101-1_LOR1-4_LTR22-9_LTR5-26_Hs-26_MER110-1_HERVK11D-10_MER11D-10_LTR24-7_PRIMAX-1_MER89-2_MER57C2-1_LTR22C2-2_LTR22C0-17_LTR22E-17_LTR22B1-17_LTR22A-17_LTR22B-4_ERV3-2_16A3-2_MER34D-1_MER34-1_HERVK14-32_LTR14B-16_LTR14A-13_MER11A-13_MER11B-17_LTR5B-17_LTR5A-12_LTR45C-1_MER9B-5_MER9a2-41_MER9a1-29_LTR10B-3_LTR71A-14_HERVP71A-22_LTR71B-7_MLT2D-4_MLT2B4-6_MLT2A1-283_MLT2B2-2_MLT2B1-13_MLT2B3-1_MLT2C1-2_LOR1a-2_LTR3B-28_HERVK3-60_LTR3-12_LTR3A-20_LTRb-1_LTR66-1_HERVL66-1_LTR16-1_MER66D-3_LTR52-4_HERV-12_Fc2-2_Fc1-10_LTR1-4_MER57E3-1
Clade_4,LTR7-60_HERVH-61_int-61
Clade_5,LTR7-4_HERVH-4_int-4
Clade_6,LTR7-2_HERVH-2_int-2
ERV_2165233,ERV_2165233_LTR7_HERVH_int
ERV_1385283,ERV_1385283_LTR7_HERVH_int
Clade_7,LTR7-2_HERVH-2_int-2
ERV_1146317,ERV_1146317_LTR7_HERVH_int
ERV_2781786,ERV_2781786_LTR7_HERVH_int
Clade_8,LTR7-56_HERVH-57_int-57
Clade_9,LTR7-38_HERVH-38_int-38
Clade_10,LTR7-29_HERVH-29_int-29
Clade_11,LTR7-17_HERVH-17_int-17
Clade_12,LTR7-4_HERVH-4_int-4
ERV_3211482,ERV_3211482_LTR7_HERVH_int
Clade_13,LTR7-3_HERVH-3_int-3
ERV_3701501,ERV_3701501_LTR7_HERVH_int
Clade_14,LTR7-2_HERVH-2_int-2
ERV_3523683,ERV_3523683_LTR7_HERVH_int
ERV_2273687,ERV_2273687_LTR7_HERVH_int
Clade_15,LTR7-13_HERVH-13_int-13
Clade_16,LTR7-3_HERVH-3_int-3
ERV_1325723,ERV_1325723_LTR7_HERVH_int
Clade_17,LTR7-2_HERVH-2_int-2
ERV_3516415,ERV_3516415_LTR7_HERVH_int
ERV_3385586,ERV_3385586_LTR7_HERVH_int
Clade_18,LTR7-10_HERVH-10_int-10
ERV_3628902,ERV_3628902_LTR7_HERVH_int
Clade_19,LTR7-9_HERVH-9_int-9
Clade_20,LTR7-6_HERVH-6_int-6
Clade_21,LTR7-3_HERVH-3_int-3
ERV_4060294,ERV_4060294_LTR7_HERVH_int
Clade_22,LTR7-2_HERVH-2_int-2
ERV_3665279,ERV_3665279_LTR7_HERVH_int
ERV_1096515,ERV_1096515_LTR7_HERVH_int
Clade_23,LTR7-3_HERVH-3_int-3
ERV_3017825,ERV_3017825_LTR7_HERVH_int
Clade_24,LTR7-2_HERVH-2_int-2
ERV_3888924,ERV_3888924_LTR7_HERVH_int
ERV_3888894,ERV_3888894_LTR7_HERVH_int
Clade_25,LTR7-3_HERVH-3_int-3
ERV_2717011,ERV_2717011_LTR7_HERVH_int
Clade_26,LTR7-2_HERVH-2_int-2
ERV_3662727,ERV_3662727_LTR7_HERVH_int
ERV_2619180,ERV_2619180_LTR7_HERVH_int
Clade_27,LTR7-12_HERVH-12_int-12
Clade_28,LTR7-2_HERVH-2_int-2
ERV_3873664,ERV_3873664_LTR7_HERVH_int
ERV_1008069,ERV_1008069_LTR7_HERVH_int
Clade_29,LTR7-10_HERVH-10_int-10
ERV_1912291,ERV_1912291_LTR7_HERVH_int
Clade_30,LTR7-9_HERVH-9_int-9
Clade_31,LTR7-7_HERVH-7_int-7
Clade_32,LTR7-4_HERVH-4_int-4
ERV_4285467,ERV_4285467_LTR7_HERVH_int
Clade_33,LTR7-3_HERVH-3_int-3
ERV_4284632,ERV_4284632_LTR7_HERVH_int
Clade_34,LTR7-2_HERVH-2_int-2
ERV_4388567,ERV_4388567_LTR7_HERVH_int
ERV_4286935,ERV_4286935_LTR7_HERVH_int
Clade_35,LTR7-3_HERVH-3_int-3
ERV_3269503,ERV_3269503_LTR7_HERVH_int
Clade_36,LTR7-2_HERVH-2_int-2
ERV_2991944,ERV_2991944_LTR7_HERVH_int
ERV_2862405,ERV_2862405_LTR7_HERVH_int
Clade_37,LTR7-2_HERVH-2_int-2
ERV_3368022,ERV_3368022_LTR7_HERVH_int
ERV_3495100,ERV_3495100_LTR7_HERVH_int
Clade_38,LTR7-9_HERVH-9_int-9
ERV_2273185,ERV_2273185_LTR7_HERVH_int
Clade_39,LTR7-8_HERVH-8_int-8
Clade_40,LTR7-3_HERVH-3_int-3
ERV_3326181,ERV_3326181_LTR7_HERVH_int
Clade_41,LTR7-2_HERVH-2_int-2
ERV_2918104,ERV_2918104_LTR7_HERVH_int
ERV_3985839,ERV_3985839_LTR7_HERVH_int
Clade_42,LTR7-5_HERVH-5_int-5
ERV_2778797,ERV_2778797_LTR7_HERVH_int
Clade_43,LTR7-4_HERVH-4_int-4
ERV_4379059,ERV_4379059_LTR7_HERVH_int
Clade_44,LTR7-3_HERVH-3_int-3
ERV_3383444,ERV_3383444_LTR7_HERVH_int
Clade_45,LTR7-2_HERVH-2_int-2
ERV_1112932,ERV_1112932_LTR7_HERVH_int
ERV_3510352,ERV_3510352_LTR7_HERVH_int
Clade_46,LTR7-18_HERVH-19_int-19
ERV_3112486,ERV_3112486_LTR7_HERVH_int
Clade_47,LTR7-17_HERVH-18_int-18
Clade_48,LTR7-15_HERVH-16_int-16
Clade_49,LTR7-4_HERVH-5_int-5
Clade_50,LTR7-2_HERVH-2_int-2
ERV_4062599,ERV_4062599_LTR7_HERVH_int
ERV_3382866,ERV_3382866_LTR7_HERVH_int
Clade_51,HERVH-3_int-3_LTR7-2
ERV_2999607,ERV_2999607_LTR7_HERVH_int
Clade_52,HERVH-2_int-2_LTR7-1
ERV_2865441,ERV_2865441_HERVH_int
ERV_2999983,ERV_2999983_LTR7_HERVH_int
Clade_53,LTR7-11_HERVH-11_int-11
Clade_54,LTR7-9_HERVH-9_int-9
Clade_55,LTR7-5_HERVH-5_int-5
Clade_56,LTR7-3_HERVH-3_int-3
ERV_1096756,ERV_1096756_LTR7_HERVH_int
Clade_57,LTR7-2_HERVH-2_int-2
ERV_2238619,ERV_2238619_LTR7_HERVH_int
ERV_2093052,ERV_2093052_LTR7_HERVH_int
Clade_58,LTR7-2_HERVH-2_int-2
ERV_3532515,ERV_3532515_LTR7_HERVH_int
ERV_1025486,ERV_1025486_LTR7_HERVH_int
Clade_59,LTR7-4_HERVH-4_int-4
ERV_3852395,ERV_3852395_LTR7_HERVH_int
Clade_60,LTR7-3_HERVH-3_int-3
ERV_1348467,ERV_1348467_LTR7_HERVH_int
Clade_61,LTR7-2_HERVH-2_int-2
ERV_4078006,ERV_4078006_LTR7_HERVH_int
ERV_3850008,ERV_3850008_LTR7_HERVH_int
Clade_62,LTR7-2_HERVH-2_int-2
ERV_3057597,ERV_3057597_LTR7_HERVH_int
ERV_3321220,ERV_3321220_LTR7_HERVH_int
Clade_63,LTR7-2_HERVH-2_int-2
ERV_2992441,ERV_2992441_LTR7_HERVH_int
ERV_1050009,ERV_1050009_LTR7_HERVH_int
Clade_64,LTR7-588_HERVH-823_int-2975_LTR7Y-71_LTR7B-121_LTR7C-42_LTR7A-3_MER66-11_MER66B-1_MER50-15_MER52-54_MER52C-1_HERV1-30_LTRd-1_I-50_PABL-37_B-37_LTR9-5_HUERS-51_P3-50_HERVIP10F-43_LTR10A-19_Harlequin-4_LTR2-1_LTR10B2-8_HERVIP10B3-34_HERV3-43_LTR4-12_LTR13-8_HERVK13-9_HERVK11-44_MER11C-18_HERVL32-6_LTR32-4_ERVL47-6_LTR47A2-2_HERVI-13_LTR10D-5_LTR9C-6_P3b-1_LTR9B-1_LTRc-8_LTR61-11_PRIMA41-40_PRIMA4-22_LTR-10_HERVK22-100_MER57A-16_HERVK9-168_MER9a3-83_MER57D-1_ERV24B-17_Prim-39_LTR24B-9_LTR14-6_HERVKC4-8_HERVK-61_ERV24-22_HERVS71-37_LTR6B-20_HERVFH19-14_LTR19B-1_LTR46-22_HERVFH21-22_LTR21A-8_LTR21B-7_LTR21C-3_HERVH48-30_MER48-29_MER84-10_LTR14C-12_HERVK14C-12_LTR53-3_LTR47B4-1_LTR47B3-2_LTR47B2-1_LTR57-16_MER70-2_MER70C-1_LTR76-10_HERVL18-37_LTR18A-24_LTR18C-8_LTR18B-5_LTR17-104_HERV17-116_LTR12-35_HERV9N-36_HERV9-91_LTR12F-34_LTR12C-41_HERV9NC-85_HERV30-18_LTR12D-21_-23_LTR12B-4_HERVL-452_MLT2A2-144_LTR30-14_HERV4-35_LTR27E-8_LTR27D-9_LTR28B-4_LTR1D1-6_LTR28C-4_LTR9D-3_LTR9A1-10_LTR25-2_MER66A-1_MER51E-6_MER51A-16_ERVL-47_E-5_LTR41-1_MER41E-1_MER41C-18_MER66C-1_MER41D-2_LTR6A-17_LTRe-5_LTR15-12_HERV15-14_LTRa-2_B4-34_MER70B-1_HERVE-108_a-30_LTR2C-36_MER57C1-1_LTR39-2_MER83A-1_LTR10B1-10_LTR10G-10_HERVIP10FH-2_LTR10E-1_MER4E-2_MER4B-3_MER101-1_LOR1-4_LTR22-9_LTR5-26_Hs-26_MER110-1_HERVK11D-10_MER11D-10_LTR24-7_PRIMAX-1_MER89-2_MER57C2-1_LTR22C2-2_LTR22C0-17_LTR22E-17_LTR22B1-17_LTR22A-17_LTR22B-4_ERV3-2_16A3-2_MER34D-1_MER34-1_HERVK14-32_LTR14B-16_LTR14A-13_MER11A-13_MER11B-17_LTR5B-17_LTR5A-12_LTR45C-1_MER9B-5_MER9a2-41_MER9a1-29_LTR10B-3_LTR71A-14_HERVP71A-22_LTR71B-7_MLT2D-4_MLT2B4-6_MLT2A1-283_MLT2B2-2_MLT2B1-13_MLT2B3-1_MLT2C1-2_LOR1a-2_LTR3B-28_HERVK3-60_LTR3-12_LTR3A-20_LTRb-1_LTR66-1_HERVL66-1_LTR16-1_MER66D-3_LTR52-4_HERV-12_Fc2-2_Fc1-10_LTR1-4_MER57E3-1
Clade_65,LTR7-12_HERVH-12_int-12_LTR7Y-1
Clade_66,LTR7-6_HERVH-6_int-6_LTR7Y-1
Clade_67,LTR7-4_HERVH-4_int-4_LTR7Y-1
ERV_3388689,ERV_3388689_LTR7Y_LTR7_HERVH_int
Clade_68,LTR7-3_HERVH-3_int-3
ERV_3366549,ERV_3366549_LTR7_HERVH_int
Clade_69,LTR7-2_HERVH-2_int-2
ERV_3066787,ERV_3066787_LTR7_HERVH_int
ERV_2999896,ERV_2999896_LTR7_HERVH_int
Clade_70,LTR7-2_HERVH-2_int-2
ERV_3272960,ERV_3272960_LTR7_HERVH_int
ERV_2997502,ERV_2997502_LTR7_HERVH_int
Clade_71,LTR7-6_HERVH-6_int-6
Clade_72,LTR7-2_HERVH-2_int-2
ERV_1919445,ERV_1919445_LTR7_HERVH_int
ERV_1448997,ERV_1448997_LTR7_HERVH_int
Clade_73,LTR7-4_HERVH-4_int-4
ERV_4266755,ERV_4266755_LTR7_HERVH_int
Clade_74,LTR7-3_HERVH-3_int-3
ERV_4066961,ERV_4066961_LTR7_HERVH_int
Clade_75,LTR7-2_HERVH-2_int-2
ERV_4071946,ERV_4071946_LTR7_HERVH_int
ERV_4069473,ERV_4069473_LTR7_HERVH_int
Clade_76,HERVH-811_int-2963_LTR7-576_LTR7Y-70_LTR7B-121_LTR7C-42_LTR7A-3_MER66-11_MER66B-1_MER50-15_MER52-54_MER52C-1_HERV1-30_LTRd-1_I-50_PABL-37_B-37_LTR9-5_HUERS-51_P3-50_HERVIP10F-43_LTR10A-19_Harlequin-4_LTR2-1_LTR10B2-8_HERVIP10B3-34_HERV3-43_LTR4-12_LTR13-8_HERVK13-9_HERVK11-44_MER11C-18_HERVL32-6_LTR32-4_ERVL47-6_LTR47A2-2_HERVI-13_LTR10D-5_LTR9C-6_P3b-1_LTR9B-1_LTRc-8_LTR61-11_PRIMA41-40_PRIMA4-22_LTR-10_HERVK22-100_MER57A-16_HERVK9-168_MER9a3-83_MER57D-1_ERV24B-17_Prim-39_LTR24B-9_LTR14-6_HERVKC4-8_HERVK-61_ERV24-22_HERVS71-37_LTR6B-20_HERVFH19-14_LTR19B-1_LTR46-22_HERVFH21-22_LTR21A-8_LTR21B-7_LTR21C-3_HERVH48-30_MER48-29_MER84-10_LTR14C-12_HERVK14C-12_LTR53-3_LTR47B4-1_LTR47B3-2_LTR47B2-1_LTR57-16_MER70-2_MER70C-1_LTR76-10_HERVL18-37_LTR18A-24_LTR18C-8_LTR18B-5_LTR17-104_HERV17-116_LTR12-35_HERV9N-36_HERV9-91_LTR12F-34_LTR12C-41_HERV9NC-85_HERV30-18_LTR12D-21_-23_LTR12B-4_HERVL-452_MLT2A2-144_LTR30-14_HERV4-35_LTR27E-8_LTR27D-9_LTR28B-4_LTR1D1-6_LTR28C-4_LTR9D-3_LTR9A1-10_LTR25-2_MER66A-1_MER51E-6_MER51A-16_ERVL-47_E-5_LTR41-1_MER41E-1_MER41C-18_MER66C-1_MER41D-2_LTR6A-17_LTRe-5_LTR15-12_HERV15-14_LTRa-2_B4-34_MER70B-1_HERVE-108_a-30_LTR2C-36_MER57C1-1_LTR39-2_MER83A-1_LTR10B1-10_LTR10G-10_HERVIP10FH-2_LTR10E-1_MER4E-2_MER4B-3_MER101-1_LOR1-4_LTR22-9_LTR5-26_Hs-26_MER110-1_HERVK11D-10_MER11D-10_LTR24-7_PRIMAX-1_MER89-2_MER57C2-1_LTR22C2-2_LTR22C0-17_LTR22E-17_LTR22B1-17_LTR22A-17_LTR22B-4_ERV3-2_16A3-2_MER34D-1_MER34-1_HERVK14-32_LTR14B-16_LTR14A-13_MER11A-13_MER11B-17_LTR5B-17_LTR5A-12_LTR45C-1_MER9B-5_MER9a2-41_MER9a1-29_LTR10B-3_LTR71A-14_HERVP71A-22_LTR71B-7_MLT2D-4_MLT2B4-6_MLT2A1-283_MLT2B2-2_MLT2B1-13_MLT2B3-1_MLT2C1-2_LOR1a-2_LTR3B-28_HERVK3-60_LTR3-12_LTR3A-20_LTRb-1_LTR66-1_HERVL66-1_LTR16-1_MER66D-3_LTR52-4_HERV-12_Fc2-2_Fc1-10_LTR1-4_MER57E3-1
Clade_77,HERVH-615_int-2767_LTR7-474_LTR7Y-6_LTR7B-89_LTR7C-42_LTR7A-3_MER66-11_MER66B-1_MER50-15_MER52-54_MER52C-1_HERV1-30_LTRd-1_I-50_PABL-37_B-37_LTR9-5_HUERS-51_P3-50_HERVIP10F-43_LTR10A-19_Harlequin-4_LTR2-1_LTR10B2-8_HERVIP10B3-34_HERV3-43_LTR4-12_LTR13-8_HERVK13-9_HERVK11-44_MER11C-18_HERVL32-6_LTR32-4_ERVL47-6_LTR47A2-2_HERVI-13_LTR10D-5_LTR9C-6_P3b-1_LTR9B-1_LTRc-8_LTR61-11_PRIMA41-40_PRIMA4-22_LTR-10_HERVK22-100_MER57A-16_HERVK9-168_MER9a3-83_MER57D-1_ERV24B-17_Prim-39_LTR24B-9_LTR14-6_HERVKC4-8_HERVK-61_ERV24-22_HERVS71-37_LTR6B-20_HERVFH19-14_LTR19B-1_LTR46-22_HERVFH21-22_LTR21A-8_LTR21B-7_LTR21C-3_HERVH48-30_MER48-29_MER84-10_LTR14C-12_HERVK14C-12_LTR53-3_LTR47B4-1_LTR47B3-2_LTR47B2-1_LTR57-16_MER70-2_MER70C-1_LTR76-10_HERVL18-37_LTR18A-24_LTR18C-8_LTR18B-5_LTR17-104_HERV17-116_LTR12-35_HERV9N-36_HERV9-91_LTR12F-34_LTR12C-41_HERV9NC-85_HERV30-18_LTR12D-21_-23_LTR12B-4_HERVL-452_MLT2A2-144_LTR30-14_HERV4-35_LTR27E-8_LTR27D-9_LTR28B-4_LTR1D1-6_LTR28C-4_LTR9D-3_LTR9A1-10_LTR25-2_MER66A-1_MER51E-6_MER51A-16_ERVL-47_E-5_LTR41-1_MER41E-1_MER41C-18_MER66C-1_MER41D-2_LTR6A-17_LTRe-5_LTR15-12_HERV15-14_LTRa-2_B4-34_MER70B-1_HERVE-108_a-30_LTR2C-36_MER57C1-1_LTR39-2_MER83A-1_LTR10B1-10_LTR10G-10_HERVIP10FH-2_LTR10E-1_MER4E-2_MER4B-3_MER101-1_LOR1-4_LTR22-9_LTR5-26_Hs-26_MER110-1_HERVK11D-10_MER11D-10_LTR24-7_PRIMAX-1_MER89-2_MER57C2-1_LTR22C2-2_LTR22C0-17_LTR22E-17_LTR22B1-17_LTR22A-17_LTR22B-4_ERV3-2_16A3-2_MER34D-1_MER34-1_HERVK14-32_LTR14B-16_LTR14A-13_MER11A-13_MER11B-17_LTR5B-17_LTR5A-12_LTR45C-1_MER9B-5_MER9a2-41_MER9a1-29_LTR10B-3_LTR71A-14_HERVP71A-22_LTR71B-7_MLT2D-4_MLT2B4-6_MLT2A1-283_MLT2B2-2_MLT2B1-13_MLT2B3-1_MLT2C1-2_LOR1a-2_LTR3B-28_HERVK3-60_LTR3-12_LTR3A-20_LTRb-1_LTR66-1_HERVL66-1_LTR16-1_MER66D-3_LTR52-4_HERV-12_Fc2-2_Fc1-10_LTR1-4_MER57E3-1
Clade_78,HERVH-2_int-2_LTR7-1
ERV_2124290,ERV_2124290_HERVH_int
ERV_2208090,ERV_2208090_LTR7_HERVH_int
Clade_79,LTR7-473_HERVH-613_int-2765_LTR7Y-6_LTR7B-89_LTR7C-42_LTR7A-3_MER66-11_MER66B-1_MER50-15_MER52-54_MER52C-1_HERV1-30_LTRd-1_I-50_PABL-37_B-37_LTR9-5_HUERS-51_P3-50_HERVIP10F-43_LTR10A-19_Harlequin-4_LTR2-1_LTR10B2-8_HERVIP10B3-34_HERV3-43_LTR4-12_LTR13-8_HERVK13-9_HERVK11-44_MER11C-18_HERVL32-6_LTR32-4_ERVL47-6_LTR47A2-2_HERVI-13_LTR10D-5_LTR9C-6_P3b-1_LTR9B-1_LTRc-8_LTR61-11_PRIMA41-40_PRIMA4-22_LTR-10_HERVK22-100_MER57A-16_HERVK9-168_MER9a3-83_MER57D-1_ERV24B-17_Prim-39_LTR24B-9_LTR14-6_HERVKC4-8_HERVK-61_ERV24-22_HERVS71-37_LTR6B-20_HERVFH19-14_LTR19B-1_LTR46-22_HERVFH21-22_LTR21A-8_LTR21B-7_LTR21C-3_HERVH48-30_MER48-29_MER84-10_LTR14C-12_HERVK14C-12_LTR53-3_LTR47B4-1_LTR47B3-2_LTR47B2-1_LTR57-16_MER70-2_MER70C-1_LTR76-10_HERVL18-37_LTR18A-24_LTR18C-8_LTR18B-5_LTR17-104_HERV17-116_LTR12-35_HERV9N-36_HERV9-91_LTR12F-34_LTR12C-41_HERV9NC-85_HERV30-18_LTR12D-21_-23_LTR12B-4_HERVL-452_MLT2A2-144_LTR30-14_HERV4-35_LTR27E-8_LTR27D-9_LTR28B-4_LTR1D1-6_LTR28C-4_LTR9D-3_LTR9A1-10_LTR25-2_MER66A-1_MER51E-6_MER51A-16_ERVL-47_E-5_LTR41-1_MER41E-1_MER41C-18_MER66C-1_MER41D-2_LTR6A-17_LTRe-5_LTR15-12_HERV15-14_LTRa-2_B4-34_MER70B-1_HERVE-108_a-30_LTR2C-36_MER57C1-1_LTR39-2_MER83A-1_LTR10B1-10_LTR10G-10_HERVIP10FH-2_LTR10E-1_MER4E-2_MER4B-3_MER101-1_LOR1-4_LTR22-9_LTR5-26_Hs-26_MER110-1_HERVK11D-10_MER11D-10_LTR24-7_PRIMAX-1_MER89-2_MER57C2-1_LTR22C2-2_LTR22C0-17_LTR22E-17_LTR22B1-17_LTR22A-17_LTR22B-4_ERV3-2_16A3-2_MER34D-1_MER34-1_HERVK14-32_LTR14B-16_LTR14A-13_MER11A-13_MER11B-17_LTR5B-17_LTR5A-12_LTR45C-1_MER9B-5_MER9a2-41_MER9a1-29_LTR10B-3_LTR71A-14_HERVP71A-22_LTR71B-7_MLT2D-4_MLT2B4-6_MLT2A1-283_MLT2B2-2_MLT2B1-13_MLT2B3-1_MLT2C1-2_LOR1a-2_LTR3B-28_HERVK3-60_LTR3-12_LTR3A-20_LTRb-1_LTR66-1_HERVL66-1_LTR16-1_MER66D-3_LTR52-4_HERV-12_Fc2-2_Fc1-10_LTR1-4_MER57E3-1
ERV_4377030,ERV_4377030_LTR7_HERVH_int
Clade_80,LTR7-472_HERVH-612_int-2764_LTR7Y-6_LTR7B-89_LTR7C-42_LTR7A-3_MER66-11_MER66B-1_MER50-15_MER52-54_MER52C-1_HERV1-30_LTRd-1_I-50_PABL-37_B-37_LTR9-5_HUERS-51_P3-50_HERVIP10F-43_LTR10A-19_Harlequin-4_LTR2-1_LTR10B2-8_HERVIP10B3-34_HERV3-43_LTR4-12_LTR13-8_HERVK13-9_HERVK11-44_MER11C-18_HERVL32-6_LTR32-4_ERVL47-6_LTR47A2-2_HERVI-13_LTR10D-5_LTR9C-6_P3b-1_LTR9B-1_LTRc-8_LTR61-11_PRIMA41-40_PRIMA4-22_LTR-10_HERVK22-100_MER57A-16_HERVK9-168_MER9a3-83_MER57D-1_ERV24B-17_Prim-39_LTR24B-9_LTR14-6_HERVKC4-8_HERVK-61_ERV24-22_HERVS71-37_LTR6B-20_HERVFH19-14_LTR19B-1_LTR46-22_HERVFH21-22_LTR21A-8_LTR21B-7_LTR21C-3_HERVH48-30_MER48-29_MER84-10_LTR14C-12_HERVK14C-12_LTR53-3_LTR47B4-1_LTR47B3-2_LTR47B2-1_LTR57-16_MER70-2_MER70C-1_LTR76-10_HERVL18-37_LTR18A-24_LTR18C-8_LTR18B-5_LTR17-104_HERV17-116_LTR12-35_HERV9N-36_HERV9-91_LTR12F-34_LTR12C-41_HERV9NC-85_HERV30-18_LTR12D-21_-23_LTR12B-4_HERVL-452_MLT2A2-144_LTR30-14_HERV4-35_LTR27E-8_LTR27D-9_LTR28B-4_LTR1D1-6_LTR28C-4_LTR9D-3_LTR9A1-10_LTR25-2_MER66A-1_MER51E-6_MER51A-16_ERVL-47_E-5_LTR41-1_MER41E-1_MER41C-18_MER66C-1_MER41D-2_LTR6A-17_LTRe-5_LTR15-12_HERV15-14_LTRa-2_B4-34_MER70B-1_HERVE-108_a-30_LTR2C-36_MER57C1-1_LTR39-2_MER83A-1_LTR10B1-10_LTR10G-10_HERVIP10FH-2_LTR10E-1_MER4E-2_MER4B-3_MER101-1_LOR1-4_LTR22-9_LTR5-26_Hs-26_MER110-1_HERVK11D-10_MER11D-10_LTR24-7_PRIMAX-1_MER89-2_MER57C2-1_LTR22C2-2_LTR22C0-17_LTR22E-17_LTR22B1-17_LTR22A-17_LTR22B-4_ERV3-2_16A3-2_MER34D-1_MER34-1_HERVK14-32_LTR14B-16_LTR14A-13_MER11A-13_MER11B-17_LTR5B-17_LTR5A-12_LTR45C-1_MER9B-5_MER9a2-41_MER9a1-29_LTR10B-3_LTR71A-14_HERVP71A-22_LTR71B-7_MLT2D-4_MLT2B4-6_MLT2A1-283_MLT2B2-2_MLT2B1-13_MLT2B3-1_MLT2C1-2_LOR1a-2_LTR3B-28_HERVK3-60_LTR3-12_LTR3A-20_LTRb-1_LTR66-1_HERVL66-1_LTR16-1_MER66D-3_LTR52-4_HERV-12_Fc2-2_Fc1-10_LTR1-4_MER57E3-1
Clade_81,LTR7-2_HERVH-2_int-2
ERV_3044332,ERV_3044332_LTR7_HERVH_int
ERV_2506687,ERV_2506687_LTR7_HERVH_int
Clade_82,LTR7-470_HERVH-610_int-2762_LTR7Y-6_LTR7B-89_LTR7C-42_LTR7A-3_MER66-11_MER66B-1_MER50-15_MER52-54_MER52C-1_HERV1-30_LTRd-1_I-50_PABL-37_B-37_LTR9-5_HUERS-51_P3-50_HERVIP10F-43_LTR10A-19_Harlequin-4_LTR2-1_LTR10B2-8_HERVIP10B3-34_HERV3-43_LTR4-12_LTR13-8_HERVK13-9_HERVK11-44_MER11C-18_HERVL32-6_LTR32-4_ERVL47-6_LTR47A2-2_HERVI-13_LTR10D-5_LTR9C-6_P3b-1_LTR9B-1_LTRc-8_LTR61-11_PRIMA41-40_PRIMA4-22_LTR-10_HERVK22-100_MER57A-16_HERVK9-168_MER9a3-83_MER57D-1_ERV24B-17_Prim-39_LTR24B-9_LTR14-6_HERVKC4-8_HERVK-61_ERV24-22_HERVS71-37_LTR6B-20_HERVFH19-14_LTR19B-1_LTR46-22_HERVFH21-22_LTR21A-8_LTR21B-7_LTR21C-3_HERVH48-30_MER48-29_MER84-10_LTR14C-12_HERVK14C-12_LTR53-3_LTR47B4-1_LTR47B3-2_LTR47B2-1_LTR57-16_MER70-2_MER70C-1_LTR76-10_HERVL18-37_LTR18A-24_LTR18C-8_LTR18B-5_LTR17-104_HERV17-116_LTR12-35_HERV9N-36_HERV9-91_LTR12F-34_LTR12C-41_HERV9NC-85_HERV30-18_LTR12D-21_-23_LTR12B-4_HERVL-452_MLT2A2-144_LTR30-14_HERV4-35_LTR27E-8_LTR27D-9_LTR28B-4_LTR1D1-6_LTR28C-4_LTR9D-3_LTR9A1-10_LTR25-2_MER66A-1_MER51E-6_MER51A-16_ERVL-47_E-5_LTR41-1_MER41E-1_MER41C-18_MER66C-1_MER41D-2_LTR6A-17_LTRe-5_LTR15-12_HERV15-14_LTRa-2_B4-34_MER70B-1_HERVE-108_a-30_LTR2C-36_MER57C1-1_LTR39-2_MER83A-1_LTR10B1-10_LTR10G-10_HERVIP10FH-2_LTR10E-1_MER4E-2_MER4B-3_MER101-1_LOR1-4_LTR22-9_LTR5-26_Hs-26_MER110-1_HERVK11D-10_MER11D-10_LTR24-7_PRIMAX-1_MER89-2_MER57C2-1_LTR22C2-2_LTR22C0-17_LTR22E-17_LTR22B1-17_LTR22A-17_LTR22B-4_ERV3-2_16A3-2_MER34D-1_MER34-1_HERVK14-32_LTR14B-16_LTR14A-13_MER11A-13_MER11B-17_LTR5B-17_LTR5A-12_LTR45C-1_MER9B-5_MER9a2-41_MER9a1-29_LTR10B-3_LTR71A-14_HERVP71A-22_LTR71B-7_MLT2D-4_MLT2B4-6_MLT2A1-283_MLT2B2-2_MLT2B1-13_MLT2B3-1_MLT2C1-2_LOR1a-2_LTR3B-28_HERVK3-60_LTR3-12_LTR3A-20_LTRb-1_LTR66-1_HERVL66-1_LTR16-1_MER66D-3_LTR52-4_HERV-12_Fc2-2_Fc1-10_LTR1-4_MER57E3-1
ERV_1337971,ERV_1337971_LTR7_HERVH_int
Clade_83,LTR7-469_HERVH-609_int-2761_LTR7Y-6_LTR7B-89_LTR7C-42_LTR7A-3_MER66-11_MER66B-1_MER50-15_MER52-54_MER52C-1_HERV1-30_LTRd-1_I-50_PABL-37_B-37_LTR9-5_HUERS-51_P3-50_HERVIP10F-43_LTR10A-19_Harlequin-4_LTR2-1_LTR10B2-8_HERVIP10B3-34_HERV3-43_LTR4-12_LTR13-8_HERVK13-9_HERVK11-44_MER11C-18_HERVL32-6_LTR32-4_ERVL47-6_LTR47A2-2_HERVI-13_LTR10D-5_LTR9C-6_P3b-1_LTR9B-1_LTRc-8_LTR61-11_PRIMA41-40_PRIMA4-22_LTR-10_HERVK22-100_MER57A-16_HERVK9-168_MER9a3-83_MER57D-1_ERV24B-17_Prim-39_LTR24B-9_LTR14-6_HERVKC4-8_HERVK-61_ERV24-22_HERVS71-37_LTR6B-20_HERVFH19-14_LTR19B-1_LTR46-22_HERVFH21-22_LTR21A-8_LTR21B-7_LTR21C-3_HERVH48-30_MER48-29_MER84-10_LTR14C-12_HERVK14C-12_LTR53-3_LTR47B4-1_LTR47B3-2_LTR47B2-1_LTR57-16_MER70-2_MER70C-1_LTR76-10_HERVL18-37_LTR18A-24_LTR18C-8_LTR18B-5_LTR17-104_HERV17-116_LTR12-35_HERV9N-36_HERV9-91_LTR12F-34_LTR12C-41_HERV9NC-85_HERV30-18_LTR12D-21_-23_LTR12B-4_HERVL-452_MLT2A2-144_LTR30-14_HERV4-35_LTR27E-8_LTR27D-9_LTR28B-4_LTR1D1-6_LTR28C-4_LTR9D-3_LTR9A1-10_LTR25-2_MER66A-1_MER51E-6_MER51A-16_ERVL-47_E-5_LTR41-1_MER41E-1_MER41C-18_MER66C-1_MER41D-2_LTR6A-17_LTRe-5_LTR15-12_HERV15-14_LTRa-2_B4-34_MER70B-1_HERVE-108_a-30_LTR2C-36_MER57C1-1_LTR39-2_MER83A-1_LTR10B1-10_LTR10G-10_HERVIP10FH-2_LTR10E-1_MER4E-2_MER4B-3_MER101-1_LOR1-4_LTR22-9_LTR5-26_Hs-26_MER110-1_HERVK11D-10_MER11D-10_LTR24-7_PRIMAX-1_MER89-2_MER57C2-1_LTR22C2-2_LTR22C0-17_LTR22E-17_LTR22B1-17_LTR22A-17_LTR22B-4_ERV3-2_16A3-2_MER34D-1_MER34-1_HERVK14-32_LTR14B-16_LTR14A-13_MER11A-13_MER11B-17_LTR5B-17_LTR5A-12_LTR45C-1_MER9B-5_MER9a2-41_MER9a1-29_LTR10B-3_LTR71A-14_HERVP71A-22_LTR71B-7_MLT2D-4_MLT2B4-6_MLT2A1-283_MLT2B2-2_MLT2B1-13_MLT2B3-1_MLT2C1-2_LOR1a-2_LTR3B-28_HERVK3-60_LTR3-12_LTR3A-20_LTRb-1_LTR66-1_HERVL66-1_LTR16-1_MER66D-3_LTR52-4_HERV-12_Fc2-2_Fc1-10_LTR1-4_MER57E3-1
Clade_84,LTR7-15_HERVH-15_int-15
Clade_85,LTR7-8_HERVH-8_int-8
ERV_3033624,ERV_3033624_LTR7_HERVH_int
Clade_86,LTR7-7_HERVH-7_int-7
ERV_2078152,ERV_2078152_LTR7_HERVH_int
Clade_87,LTR7-6_HERVH-6_int-6
Clade_88,LTR7-2_HERVH-2_int-2
ERV_1487451,ERV_1487451_LTR7_HERVH_int
ERV_3260769,ERV_3260769_LTR7_HERVH_int
Clade_89,LTR7-4_HERVH-4_int-4
Clade_90,LTR7-2_HERVH-2_int-2
ERV_2087416,ERV_2087416_LTR7_HERVH_int
ERV_2955014,ERV_2955014_LTR7_HERVH_int
Clade_91,LTR7-2_HERVH-2_int-2
ERV_3498552,ERV_3498552_LTR7_HERVH_int
ERV_2801974,ERV_2801974_LTR7_HERVH_int
Clade_92,LTR7-7_HERVH-7_int-7
Clade_93,LTR7-5_HERVH-5_int-5
ERV_3267566,ERV_3267566_LTR7_HERVH_int
Clade_94,LTR7-4_HERVH-4_int-4
ERV_1905706,ERV_1905706_LTR7_HERVH_int
Clade_95,LTR7-3_HERVH-3_int-3
ERV_1401891,ERV_1401891_LTR7_HERVH_int
Clade_96,LTR7-2_HERVH-2_int-2
ERV_3034200,ERV_3034200_LTR7_HERVH_int
ERV_3303623,ERV_3303623_LTR7_HERVH_int
Clade_97,LTR7-2_HERVH-2_int-2
ERV_2951456,ERV_2951456_LTR7_HERVH_int
ERV_2606191,ERV_2606191_LTR7_HERVH_int
Clade_98,LTR7-454_HERVH-594_int-2746_LTR7Y-6_LTR7B-89_LTR7C-42_LTR7A-3_MER66-11_MER66B-1_MER50-15_MER52-54_MER52C-1_HERV1-30_LTRd-1_I-50_PABL-37_B-37_LTR9-5_HUERS-51_P3-50_HERVIP10F-43_LTR10A-19_Harlequin-4_LTR2-1_LTR10B2-8_HERVIP10B3-34_HERV3-43_LTR4-12_LTR13-8_HERVK13-9_HERVK11-44_MER11C-18_HERVL32-6_LTR32-4_ERVL47-6_LTR47A2-2_HERVI-13_LTR10D-5_LTR9C-6_P3b-1_LTR9B-1_LTRc-8_LTR61-11_PRIMA41-40_PRIMA4-22_LTR-10_HERVK22-100_MER57A-16_HERVK9-168_MER9a3-83_MER57D-1_ERV24B-17_Prim-39_LTR24B-9_LTR14-6_HERVKC4-8_HERVK-61_ERV24-22_HERVS71-37_LTR6B-20_HERVFH19-14_LTR19B-1_LTR46-22_HERVFH21-22_LTR21A-8_LTR21B-7_LTR21C-3_HERVH48-30_MER48-29_MER84-10_LTR14C-12_HERVK14C-12_LTR53-3_LTR47B4-1_LTR47B3-2_LTR47B2-1_LTR57-16_MER70-2_MER70C-1_LTR76-10_HERVL18-37_LTR18A-24_LTR18C-8_LTR18B-5_LTR17-104_HERV17-116_LTR12-35_HERV9N-36_HERV9-91_LTR12F-34_LTR12C-41_HERV9NC-85_HERV30-18_LTR12D-21_-23_LTR12B-4_HERVL-452_MLT2A2-144_LTR30-14_HERV4-35_LTR27E-8_LTR27D-9_LTR28B-4_LTR1D1-6_LTR28C-4_LTR9D-3_LTR9A1-10_LTR25-2_MER66A-1_MER51E-6_MER51A-16_ERVL-47_E-5_LTR41-1_MER41E-1_MER41C-18_MER66C-1_MER41D-2_LTR6A-17_LTRe-5_LTR15-12_HERV15-14_LTRa-2_B4-34_MER70B-1_HERVE-108_a-30_LTR2C-36_MER57C1-1_LTR39-2_MER83A-1_LTR10B1-10_LTR10G-10_HERVIP10FH-2_LTR10E-1_MER4E-2_MER4B-3_MER101-1_LOR1-4_LTR22-9_LTR5-26_Hs-26_MER110-1_HERVK11D-10_MER11D-10_LTR24-7_PRIMAX-1_MER89-2_MER57C2-1_LTR22C2-2_LTR22C0-17_LTR22E-17_LTR22B1-17_LTR22A-17_LTR22B-4_ERV3-2_16A3-2_MER34D-1_MER34-1_HERVK14-32_LTR14B-16_LTR14A-13_MER11A-13_MER11B-17_LTR5B-17_LTR5A-12_LTR45C-1_MER9B-5_MER9a2-41_MER9a1-29_LTR10B-3_LTR71A-14_HERVP71A-22_LTR71B-7_MLT2D-4_MLT2B4-6_MLT2A1-283_MLT2B2-2_MLT2B1-13_MLT2B3-1_MLT2C1-2_LOR1a-2_LTR3B-28_HERVK3-60_LTR3-12_LTR3A-20_LTRb-1_LTR66-1_HERVL66-1_LTR16-1_MER66D-3_LTR52-4_HERV-12_Fc2-2_Fc1-10_LTR1-4_MER57E3-1
Clade_99,LTR7-437_HERVH-575_int-2727_LTR7Y-5_LTR7B-89_LTR7C-42_LTR7A-3_MER66-11_MER66B-1_MER50-15_MER52-54_MER52C-1_HERV1-30_LTRd-1_I-50_PABL-37_B-37_LTR9-5_HUERS-51_P3-50_HERVIP10F-43_LTR10A-19_Harlequin-4_LTR2-1_LTR10B2-8_HERVIP10B3-34_HERV3-43_LTR4-12_LTR13-8_HERVK13-9_HERVK11-44_MER11C-18_HERVL32-6_LTR32-4_ERVL47-6_LTR47A2-2_HERVI-13_LTR10D-5_LTR9C-6_P3b-1_LTR9B-1_LTRc-8_LTR61-11_PRIMA41-40_PRIMA4-22_LTR-10_HERVK22-100_MER57A-16_HERVK9-168_MER9a3-83_MER57D-1_ERV24B-17_Prim-39_LTR24B-9_LTR14-6_HERVKC4-8_HERVK-61_ERV24-22_HERVS71-37_LTR6B-20_HERVFH19-14_LTR19B-1_LTR46-22_HERVFH21-22_LTR21A-8_LTR21B-7_LTR21C-3_HERVH48-30_MER48-29_MER84-10_LTR14C-12_HERVK14C-12_LTR53-3_LTR47B4-1_LTR47B3-2_LTR47B2-1_LTR57-16_MER70-2_MER70C-1_LTR76-10_HERVL18-37_LTR18A-24_LTR18C-8_LTR18B-5_LTR17-104_HERV17-116_LTR12-35_HERV9N-36_HERV9-91_LTR12F-34_LTR12C-41_HERV9NC-85_HERV30-18_LTR12D-21_-23_LTR12B-4_HERVL-452_MLT2A2-144_LTR30-14_HERV4-35_LTR27E-8_LTR27D-9_LTR28B-4_LTR1D1-6_LTR28C-4_LTR9D-3_LTR9A1-10_LTR25-2_MER66A-1_MER51E-6_MER51A-16_ERVL-47_E-5_LTR41-1_MER41E-1_MER41C-18_MER66C-1_MER41D-2_LTR6A-17_LTRe-5_LTR15-12_HERV15-14_LTRa-2_B4-34_MER70B-1_HERVE-108_a-30_LTR2C-36_MER57C1-1_LTR39-2_MER83A-1_LTR10B1-10_LTR10G-10_HERVIP10FH-2_LTR10E-1_MER4E-2_MER4B-3_MER101-1_LOR1-4_LTR22-9_LTR5-26_Hs-26_MER110-1_HERVK11D-10_MER11D-10_LTR24-7_PRIMAX-1_MER89-2_MER57C2-1_LTR22C2-2_LTR22C0-17_LTR22E-17_LTR22B1-17_LTR22A-17_LTR22B-4_ERV3-2_16A3-2_MER34D-1_MER34-1_HERVK14-32_LTR14B-16_LTR14A-13_MER11A-13_MER11B-17_LTR5B-17_LTR5A-12_LTR45C-1_MER9B-5_MER9a2-41_MER9a1-29_LTR10B-3_LTR71A-14_HERVP71A-22_LTR71B-7_MLT2D-4_MLT2B4-6_MLT2A1-283_MLT2B2-2_MLT2B1-13_MLT2B3-1_MLT2C1-2_LOR1a-2_LTR3B-28_HERVK3-60_LTR3-12_LTR3A-20_LTRb-1_LTR66-1_HERVL66-1_LTR16-1_MER66D-3_LTR52-4_HERV-12_Fc2-2_Fc1-10_LTR1-4_MER57E3-1
Clade_100,LTR7-436_HERVH-573_int-2725_LTR7Y-5_LTR7B-89_LTR7C-42_LTR7A-2_MER66-11_MER66B-1_MER50-15_MER52-54_MER52C-1_HERV1-30_LTRd-1_I-50_PABL-37_B-37_LTR9-5_HUERS-51_P3-50_HERVIP10F-43_LTR10A-19_Harlequin-4_LTR2-1_LTR10B2-8_HERVIP10B3-34_HERV3-43_LTR4-12_LTR13-8_HERVK13-9_HERVK11-44_MER11C-18_HERVL32-6_LTR32-4_ERVL47-6_LTR47A2-2_HERVI-13_LTR10D-5_LTR9C-6_P3b-1_LTR9B-1_LTRc-8_LTR61-11_PRIMA41-40_PRIMA4-22_LTR-10_HERVK22-100_MER57A-16_HERVK9-168_MER9a3-83_MER57D-1_ERV24B-17_Prim-39_LTR24B-9_LTR14-6_HERVKC4-8_HERVK-61_ERV24-22_HERVS71-37_LTR6B-20_HERVFH19-14_LTR19B-1_LTR46-22_HERVFH21-22_LTR21A-8_LTR21B-7_LTR21C-3_HERVH48-30_MER48-29_MER84-10_LTR14C-12_HERVK14C-12_LTR53-3_LTR47B4-1_LTR47B3-2_LTR47B2-1_LTR57-16_MER70-2_MER70C-1_LTR76-10_HERVL18-37_LTR18A-24_LTR18C-8_LTR18B-5_LTR17-104_HERV17-116_LTR12-35_HERV9N-36_HERV9-91_LTR12F-34_LTR12C-41_HERV9NC-85_HERV30-18_LTR12D-21_-23_LTR12B-4_HERVL-452_MLT2A2-144_LTR30-14_HERV4-35_LTR27E-8_LTR27D-9_LTR28B-4_LTR1D1-6_LTR28C-4_LTR9D-3_LTR9A1-10_LTR25-2_MER66A-1_MER51E-6_MER51A-16_ERVL-47_E-5_LTR41-1_MER41E-1_MER41C-18_MER66C-1_MER41D-2_LTR6A-17_LTRe-5_LTR15-12_HERV15-14_LTRa-2_B4-34_MER70B-1_HERVE-108_a-30_LTR2C-36_MER57C1-1_LTR39-2_MER83A-1_LTR10B1-10_LTR10G-10_HERVIP10FH-2_LTR10E-1_MER4E-2_MER4B-3_MER101-1_LOR1-4_LTR22-9_LTR5-26_Hs-26_MER110-1_HERVK11D-10_MER11D-10_LTR24-7_PRIMAX-1_MER89-2_MER57C2-1_LTR22C2-2_LTR22C0-17_LTR22E-17_LTR22B1-17_LTR22A-17_LTR22B-4_ERV3-2_16A3-2_MER34D-1_MER34-1_HERVK14-32_LTR14B-16_LTR14A-13_MER11A-13_MER11B-17_LTR5B-17_LTR5A-12_LTR45C-1_MER9B-5_MER9a2-41_MER9a1-29_LTR10B-3_LTR71A-14_HERVP71A-22_LTR71B-7_MLT2D-4_MLT2B4-6_MLT2A1-283_MLT2B2-2_MLT2B1-13_MLT2B3-1_MLT2C1-2_LOR1a-2_LTR3B-28_HERVK3-60_LTR3-12_LTR3A-20_LTRb-1_LTR66-1_HERVL66-1_LTR16-1_MER66D-3_LTR52-4_HERV-12_Fc2-2_Fc1-10_LTR1-4_MER57E3-1
Clade_101,LTR7-336_HERVH-473_int-2625_LTR7Y-5_LTR7B-88_LTR7C-42_LTR7A-2_MER66-11_MER66B-1_MER50-15_MER52-54_MER52C-1_HERV1-30_LTRd-1_I-50_PABL-37_B-37_LTR9-5_HUERS-51_P3-50_HERVIP10F-43_LTR10A-19_Harlequin-4_LTR2-1_LTR10B2-8_HERVIP10B3-34_HERV3-43_LTR4-12_LTR13-8_HERVK13-9_HERVK11-44_MER11C-18_HERVL32-6_LTR32-4_ERVL47-6_LTR47A2-2_HERVI-13_LTR10D-5_LTR9C-6_P3b-1_LTR9B-1_LTRc-8_LTR61-11_PRIMA41-40_PRIMA4-22_LTR-10_HERVK22-100_MER57A-16_HERVK9-168_MER9a3-83_MER57D-1_ERV24B-17_Prim-39_LTR24B-9_LTR14-6_HERVKC4-8_HERVK-61_ERV24-22_HERVS71-37_LTR6B-20_HERVFH19-14_LTR19B-1_LTR46-22_HERVFH21-22_LTR21A-8_LTR21B-7_LTR21C-3_HERVH48-30_MER48-29_MER84-10_LTR14C-12_HERVK14C-12_LTR53-3_LTR47B4-1_LTR47B3-2_LTR47B2-1_LTR57-16_MER70-2_MER70C-1_LTR76-10_HERVL18-37_LTR18A-24_LTR18C-8_LTR18B-5_LTR17-104_HERV17-116_LTR12-35_HERV9N-36_HERV9-91_LTR12F-34_LTR12C-41_HERV9NC-85_HERV30-18_LTR12D-21_-23_LTR12B-4_HERVL-452_MLT2A2-144_LTR30-14_HERV4-35_LTR27E-8_LTR27D-9_LTR28B-4_LTR1D1-6_LTR28C-4_LTR9D-3_LTR9A1-10_LTR25-2_MER66A-1_MER51E-6_MER51A-16_ERVL-47_E-5_LTR41-1_MER41E-1_MER41C-18_MER66C-1_MER41D-2_LTR6A-17_LTRe-5_LTR15-12_HERV15-14_LTRa-2_B4-34_MER70B-1_HERVE-108_a-30_LTR2C-36_MER57C1-1_LTR39-2_MER83A-1_LTR10B1-10_LTR10G-10_HERVIP10FH-2_LTR10E-1_MER4E-2_MER4B-3_MER101-1_LOR1-4_LTR22-9_LTR5-26_Hs-26_MER110-1_HERVK11D-10_MER11D-10_LTR24-7_PRIMAX-1_MER89-2_MER57C2-1_LTR22C2-2_LTR22C0-17_LTR22E-17_LTR22B1-17_LTR22A-17_LTR22B-4_ERV3-2_16A3-2_MER34D-1_MER34-1_HERVK14-32_LTR14B-16_LTR14A-13_MER11A-13_MER11B-17_LTR5B-17_LTR5A-12_LTR45C-1_MER9B-5_MER9a2-41_MER9a1-29_LTR10B-3_LTR71A-14_HERVP71A-22_LTR71B-7_MLT2D-4_MLT2B4-6_MLT2A1-283_MLT2B2-2_MLT2B1-13_MLT2B3-1_MLT2C1-2_LOR1a-2_LTR3B-28_HERVK3-60_LTR3-12_LTR3A-20_LTRb-1_LTR66-1_HERVL66-1_LTR16-1_MER66D-3_LTR52-4_HERV-12_Fc2-2_Fc1-10_LTR1-4_MER57E3-1
ERV_1882529,ERV_1882529_LTR7_HERVH_int
Clade_102,LTR7-335_HERVH-472_int-2624_LTR7Y-5_LTR7B-88_LTR7C-42_LTR7A-2_MER66-11_MER66B-1_MER50-15_MER52-54_MER52C-1_HERV1-30_LTRd-1_I-50_PABL-37_B-37_LTR9-5_HUERS-51_P3-50_HERVIP10F-43_LTR10A-19_Harlequin-4_LTR2-1_LTR10B2-8_HERVIP10B3-34_HERV3-43_LTR4-12_LTR13-8_HERVK13-9_HERVK11-44_MER11C-18_HERVL32-6_LTR32-4_ERVL47-6_LTR47A2-2_HERVI-13_LTR10D-5_LTR9C-6_P3b-1_LTR9B-1_LTRc-8_LTR61-11_PRIMA41-40_PRIMA4-22_LTR-10_HERVK22-100_MER57A-16_HERVK9-168_MER9a3-83_MER57D-1_ERV24B-17_Prim-39_LTR24B-9_LTR14-6_HERVKC4-8_HERVK-61_ERV24-22_HERVS71-37_LTR6B-20_HERVFH19-14_LTR19B-1_LTR46-22_HERVFH21-22_LTR21A-8_LTR21B-7_LTR21C-3_HERVH48-30_MER48-29_MER84-10_LTR14C-12_HERVK14C-12_LTR53-3_LTR47B4-1_LTR47B3-2_LTR47B2-1_LTR57-16_MER70-2_MER70C-1_LTR76-10_HERVL18-37_LTR18A-24_LTR18C-8_LTR18B-5_LTR17-104_HERV17-116_LTR12-35_HERV9N-36_HERV9-91_LTR12F-34_LTR12C-41_HERV9NC-85_HERV30-18_LTR12D-21_-23_LTR12B-4_HERVL-452_MLT2A2-144_LTR30-14_HERV4-35_LTR27E-8_LTR27D-9_LTR28B-4_LTR1D1-6_LTR28C-4_LTR9D-3_LTR9A1-10_LTR25-2_MER66A-1_MER51E-6_MER51A-16_ERVL-47_E-5_LTR41-1_MER41E-1_MER41C-18_MER66C-1_MER41D-2_LTR6A-17_LTRe-5_LTR15-12_HERV15-14_LTRa-2_B4-34_MER70B-1_HERVE-108_a-30_LTR2C-36_MER57C1-1_LTR39-2_MER83A-1_LTR10B1-10_LTR10G-10_HERVIP10FH-2_LTR10E-1_MER4E-2_MER4B-3_MER101-1_LOR1-4_LTR22-9_LTR5-26_Hs-26_MER110-1_HERVK11D-10_MER11D-10_LTR24-7_PRIMAX-1_MER89-2_MER57C2-1_LTR22C2-2_LTR22C0-17_LTR22E-17_LTR22B1-17_LTR22A-17_LTR22B-4_ERV3-2_16A3-2_MER34D-1_MER34-1_HERVK14-32_LTR14B-16_LTR14A-13_MER11A-13_MER11B-17_LTR5B-17_LTR5A-12_LTR45C-1_MER9B-5_MER9a2-41_MER9a1-29_LTR10B-3_LTR71A-14_HERVP71A-22_LTR71B-7_MLT2D-4_MLT2B4-6_MLT2A1-283_MLT2B2-2_MLT2B1-13_MLT2B3-1_MLT2C1-2_LOR1a-2_LTR3B-28_HERVK3-60_LTR3-12_LTR3A-20_LTRb-1_LTR66-1_HERVL66-1_LTR16-1_MER66D-3_LTR52-4_HERV-12_Fc2-2_Fc1-10_LTR1-4_MER57E3-1
Clade_103,LTR7-81_HERVH-81_int-81_LTR7Y-1_LTR7B-2_LTR7C-1
Clade_104,LTR7-11_HERVH-11_int-11_LTR7Y-1
Clade_105,LTR7-2_HERVH-2_int-2
ERV_2406609,ERV_2406609_LTR7_HERVH_int
ERV_2572379,ERV_2572379_LTR7_HERVH_int
Clade_106,LTR7-9_HERVH-9_int-9_LTR7Y-1
Clade_107,LTR7-7_HERVH-7_int-7_LTR7Y-1
ERV_3514865,ERV_3514865_LTR7_HERVH_int
Clade_108,LTR7-6_HERVH-6_int-6_LTR7Y-1
ERV_2652405,ERV_2652405_LTR7_HERVH_int
Clade_109,LTR7Y-1_LTR7-5_HERVH-5_int-5
Clade_110,LTR7Y-1_LTR7-2_HERVH-2_int-2
ERV_3278711,ERV_3278711_LTR7Y_LTR7_HERVH_int
ERV_1846425,ERV_1846425_LTR7_HERVH_int
Clade_111,LTR7-3_HERVH-3_int-3
ERV_2302731,ERV_2302731_LTR7_HERVH_int
Clade_112,LTR7-2_HERVH-2_int-2
ERV_2348734,ERV_2348734_LTR7_HERVH_int
ERV_3414031,ERV_3414031_LTR7_HERVH_int
Clade_113,LTR7-2_HERVH-2_int-2
ERV_3284156,ERV_3284156_LTR7_HERVH_int
ERV_2622888,ERV_2622888_LTR7_HERVH_int
Clade_114,LTR7-70_HERVH-70_int-70_LTR7B-2_LTR7C-1
Clade_115,LTR7-67_HERVH-67_int-67_LTR7B-2_LTR7C-1
ERV_1835764,ERV_1835764_LTR7_HERVH_int_LTR7B
Clade_116,LTR7-66_HERVH-66_int-66_LTR7C-1_LTR7B-1
Clade_117,LTR7-13_HERVH-13_int-13
ERV_2333378,ERV_2333378_LTR7_HERVH_int
Clade_118,LTR7-12_HERVH-12_int-12
ERV_1029445,ERV_1029445_LTR7_HERVH_int
Clade_119,LTR7-11_HERVH-11_int-11
ERV_4084185,ERV_4084185_LTR7_HERVH_int
Clade_120,LTR7-10_HERVH-10_int-10
Clade_121,LTR7-2_HERVH-2_int-2
ERV_3575810,ERV_3575810_LTR7_HERVH_int
ERV_2763668,ERV_2763668_LTR7_HERVH_int
Clade_122,LTR7-8_HERVH-8_int-8
ERV_3769443,ERV_3769443_LTR7_HERVH_int
Clade_123,LTR7-7_HERVH-7_int-7
ERV_1291551,ERV_1291551_LTR7_HERVH_int
Clade_124,LTR7-6_HERVH-6_int-6
ERV_1248979,ERV_1248979_LTR7_HERVH_int
Clade_125,LTR7-5_HERVH-5_int-5
ERV_2767867,ERV_2767867_LTR7_HERVH_int
Clade_126,LTR7-4_HERVH-4_int-4
ERV_2239620,ERV_2239620_LTR7_HERVH_int
Clade_127,LTR7-3_HERVH-3_int-3
ERV_2085593,ERV_2085593_LTR7_HERVH_int
Clade_128,LTR7-2_HERVH-2_int-2
ERV_4007049,ERV_4007049_LTR7_HERVH_int
ERV_2767774,ERV_2767774_LTR7_HERVH_int
Clade_129,LTR7-53_HERVH-53_int-53_LTR7C-1_LTR7B-1
Clade_130,LTR7-5_HERVH-5_int-5
ERV_1337497,ERV_1337497_LTR7_HERVH_int
Clade_131,LTR7-4_HERVH-4_int-4
Clade_132,LTR7-2_HERVH-2_int-2
ERV_2953409,ERV_2953409_LTR7_HERVH_int
ERV_1972776,ERV_1972776_LTR7_HERVH_int
Clade_133,LTR7-2_HERVH-2_int-2
ERV_4130378,ERV_4130378_LTR7_HERVH_int
ERV_4183878,ERV_4183878_LTR7_HERVH_int
Clade_134,LTR7-48_HERVH-48_int-48_LTR7C-1_LTR7B-1
Clade_135,LTR7-41_HERVH-41_int-41_LTR7C-1_LTR7B-1
Clade_136,LTR7-5_HERVH-5_int-5
Clade_137,LTR7-3_HERVH-3_int-3
ERV_3763069,ERV_3763069_LTR7_HERVH_int
Clade_138,LTR7-2_HERVH-2_int-2
ERV_4286611,ERV_4286611_LTR7_HERVH_int
ERV_2139011,ERV_2139011_LTR7_HERVH_int
Clade_139,LTR7-2_HERVH-2_int-2
ERV_1161322,ERV_1161322_LTR7_HERVH_int
ERV_1230865,ERV_1230865_LTR7_HERVH_int
Clade_140,LTR7-36_HERVH-36_int-36_LTR7C-1_LTR7B-1
ERV_2609860,ERV_2609860_LTR7_HERVH_int
Clade_141,LTR7-35_HERVH-35_int-35_LTR7C-1_LTR7B-1
Clade_142,LTR7-27_HERVH-27_int-27_LTR7C-1_LTR7B-1
Clade_143,LTR7-25_HERVH-25_int-25_LTR7C-1_LTR7B-1
Clade_144,LTR7-13_HERVH-13_int-13_LTR7C-1
Clade_145,LTR7-11_HERVH-11_int-11_LTR7C-1
ERV_2642121,ERV_2642121_LTR7_HERVH_int
Clade_146,LTR7-10_HERVH-10_int-10_LTR7C-1
ERV_2678614,ERV_2678614_LTR7C_LTR7_HERVH_int
Clade_147,LTR7-9_HERVH-9_int-9
Clade_148,LTR7-5_HERVH-5_int-5
ERV_2743680,ERV_2743680_LTR7_HERVH_int
Clade_149,LTR7-4_HERVH-4_int-4
Clade_150,LTR7-2_HERVH-2_int-2
ERV_3926069,ERV_3926069_LTR7_HERVH_int
ERV_3798866,ERV_3798866_LTR7_HERVH_int
Clade_151,LTR7-2_HERVH-2_int-2
ERV_2794451,ERV_2794451_LTR7_HERVH_int
ERV_3700153,ERV_3700153_LTR7_HERVH_int
Clade_152,LTR7-4_HERVH-4_int-4
Clade_153,LTR7-2_HERVH-2_int-2
ERV_2948026,ERV_2948026_LTR7_HERVH_int
ERV_2794841,ERV_2794841_LTR7_HERVH_int
Clade_154,LTR7-2_HERVH-2_int-2
ERV_2599230,ERV_2599230_LTR7_HERVH_int
ERV_2715400,ERV_2715400_LTR7_HERVH_int
Clade_155,LTR7-2_HERVH-2_int-2
ERV_4058598,ERV_4058598_LTR7_HERVH_int
ERV_3209590,ERV_3209590_LTR7_HERVH_int
Clade_156,LTR7-12_HERVH-12_int-12_LTR7B-1
Clade_157,LTR7-4_HERVH-4_int-4_LTR7B-1
Clade_158,LTR7-2_HERVH-2_int-2
ERV_2711852,ERV_2711852_LTR7_HERVH_int
ERV_2557385,ERV_2557385_LTR7_HERVH_int
Clade_159,LTR7-2_HERVH-2_int-2_LTR7B-1
ERV_4002704,ERV_4002704_LTR7_HERVH_int
ERV_1703138,ERV_1703138_LTR7_HERVH_int_LTR7B
Clade_160,LTR7-8_HERVH-8_int-8
Clade_161,LTR7-2_HERVH-2_int-2
ERV_1085575,ERV_1085575_LTR7_HERVH_int
ERV_2896801,ERV_2896801_LTR7_HERVH_int
Clade_162,LTR7-6_HERVH-6_int-6
Clade_163,LTR7-2_HERVH-2_int-2
ERV_2765399,ERV_2765399_LTR7_HERVH_int
ERV_2634913,ERV_2634913_LTR7_HERVH_int
Clade_164,LTR7-4_HERVH-4_int-4
ERV_2926306,ERV_2926306_LTR7_HERVH_int
Clade_165,LTR7-3_HERVH-3_int-3
ERV_2222675,ERV_2222675_LTR7_HERVH_int
Clade_166,LTR7-2_HERVH-2_int-2
ERV_2397086,ERV_2397086_LTR7_HERVH_int
ERV_1222665,ERV_1222665_LTR7_HERVH_int
Clade_167,LTR7-2_HERVH-2_int-2
ERV_4147048,ERV_4147048_LTR7_HERVH_int
ERV_4119672,ERV_4119672_LTR7_HERVH_int
Clade_168,LTR7-8_HERVH-8_int-8
ERV_3714004,ERV_3714004_LTR7_HERVH_int
Clade_169,LTR7-7_HERVH-7_int-7
Clade_170,LTR7-5_HERVH-5_int-5
ERV_3429149,ERV_3429149_LTR7_HERVH_int
Clade_171,LTR7-4_HERVH-4_int-4
ERV_2929706,ERV_2929706_LTR7_HERVH_int
Clade_172,LTR7-3_HERVH-3_int-3
ERV_4002938,ERV_4002938_LTR7_HERVH_int
Clade_173,LTR7-2_HERVH-2_int-2
ERV_2945474,ERV_2945474_LTR7_HERVH_int
ERV_2248744,ERV_2248744_LTR7_HERVH_int
Clade_174,LTR7-2_HERVH-2_int-2
ERV_2797383,ERV_2797383_LTR7_HERVH_int
ERV_1196098,ERV_1196098_LTR7_HERVH_int
Clade_175,LTR7-7_HERVH-7_int-7
Clade_176,LTR7-2_HERVH-2_int-2
ERV_3801219,ERV_3801219_LTR7_HERVH_int
ERV_2397072,ERV_2397072_LTR7_HERVH_int
Clade_177,LTR7-5_HERVH-5_int-5
Clade_178,LTR7-3_HERVH-3_int-3
ERV_4186657,ERV_4186657_LTR7_HERVH_int
Clade_179,LTR7-2_HERVH-2_int-2
ERV_2217638,ERV_2217638_LTR7_HERVH_int
ERV_2927368,ERV_2927368_LTR7_HERVH_int
Clade_180,LTR7-2_HERVH-2_int-2
ERV_3906582,ERV_3906582_LTR7_HERVH_int
ERV_1969597,ERV_1969597_LTR7_HERVH_int
Clade_181,LTR7-3_HERVH-3_int-3
ERV_3887197,ERV_3887197_LTR7_HERVH_int
Clade_182,LTR7-2_HERVH-2_int-2
ERV_3139914,ERV_3139914_LTR7_HERVH_int
ERV_2729349,ERV_2729349_LTR7_HERVH_int
Clade_183,LTR7-254_HERVH-391_int-2543_LTR7B-86_LTR7Y-4_LTR7A-2_MER66-11_MER66B-1_MER50-15_MER52-54_MER52C-1_HERV1-30_LTRd-1_I-50_PABL-37_B-37_LTR9-5_HUERS-51_P3-50_HERVIP10F-43_LTR10A-19_Harlequin-4_LTR2-1_LTR10B2-8_HERVIP10B3-34_HERV3-43_LTR4-12_LTR13-8_HERVK13-9_HERVK11-44_MER11C-18_HERVL32-6_LTR32-4_ERVL47-6_LTR47A2-2_HERVI-13_LTR10D-5_LTR9C-6_P3b-1_LTR9B-1_LTRc-8_LTR61-11_PRIMA41-40_PRIMA4-22_LTR-10_HERVK22-100_MER57A-16_HERVK9-168_MER9a3-83_MER57D-1_ERV24B-17_Prim-39_LTR24B-9_LTR14-6_HERVKC4-8_HERVK-61_ERV24-22_HERVS71-37_LTR6B-20_HERVFH19-14_LTR19B-1_LTR46-22_LTR7C-41_HERVFH21-22_LTR21A-8_LTR21B-7_LTR21C-3_HERVH48-30_MER48-29_MER84-10_LTR14C-12_HERVK14C-12_LTR53-3_LTR47B4-1_LTR47B3-2_LTR47B2-1_LTR57-16_MER70-2_MER70C-1_LTR76-10_HERVL18-37_LTR18A-24_LTR18C-8_LTR18B-5_LTR17-104_HERV17-116_LTR12-35_HERV9N-36_HERV9-91_LTR12F-34_LTR12C-41_HERV9NC-85_HERV30-18_LTR12D-21_-23_LTR12B-4_HERVL-452_MLT2A2-144_LTR30-14_HERV4-35_LTR27E-8_LTR27D-9_LTR28B-4_LTR1D1-6_LTR28C-4_LTR9D-3_LTR9A1-10_LTR25-2_MER66A-1_MER51E-6_MER51A-16_ERVL-47_E-5_LTR41-1_MER41E-1_MER41C-18_MER66C-1_MER41D-2_LTR6A-17_LTRe-5_LTR15-12_HERV15-14_LTRa-2_B4-34_MER70B-1_HERVE-108_a-30_LTR2C-36_MER57C1-1_LTR39-2_MER83A-1_LTR10B1-10_LTR10G-10_HERVIP10FH-2_LTR10E-1_MER4E-2_MER4B-3_MER101-1_LOR1-4_LTR22-9_LTR5-26_Hs-26_MER110-1_HERVK11D-10_MER11D-10_LTR24-7_PRIMAX-1_MER89-2_MER57C2-1_LTR22C2-2_LTR22C0-17_LTR22E-17_LTR22B1-17_LTR22A-17_LTR22B-4_ERV3-2_16A3-2_MER34D-1_MER34-1_HERVK14-32_LTR14B-16_LTR14A-13_MER11A-13_MER11B-17_LTR5B-17_LTR5A-12_LTR45C-1_MER9B-5_MER9a2-41_MER9a1-29_LTR10B-3_LTR71A-14_HERVP71A-22_LTR71B-7_MLT2D-4_MLT2B4-6_MLT2A1-283_MLT2B2-2_MLT2B1-13_MLT2B3-1_MLT2C1-2_LOR1a-2_LTR3B-28_HERVK3-60_LTR3-12_LTR3A-20_LTRb-1_LTR66-1_HERVL66-1_LTR16-1_MER66D-3_LTR52-4_HERV-12_Fc2-2_Fc1-10_LTR1-4_MER57E3-1
Clade_184,LTR7-252_HERVH-389_int-2541_LTR7B-86_LTR7Y-4_LTR7A-2_MER66-11_MER66B-1_MER50-15_MER52-54_MER52C-1_HERV1-30_LTRd-1_I-50_PABL-37_B-37_LTR9-5_HUERS-51_P3-50_HERVIP10F-43_LTR10A-19_Harlequin-4_LTR2-1_LTR10B2-8_HERVIP10B3-34_HERV3-43_LTR4-12_LTR13-8_HERVK13-9_HERVK11-44_MER11C-18_HERVL32-6_LTR32-4_ERVL47-6_LTR47A2-2_HERVI-13_LTR10D-5_LTR9C-6_P3b-1_LTR9B-1_LTRc-8_LTR61-11_PRIMA41-40_PRIMA4-22_LTR-10_HERVK22-100_MER57A-16_HERVK9-168_MER9a3-83_MER57D-1_ERV24B-17_Prim-39_LTR24B-9_LTR14-6_HERVKC4-8_HERVK-61_ERV24-22_HERVS71-37_LTR6B-20_HERVFH19-14_LTR19B-1_LTR46-22_LTR7C-41_HERVFH21-22_LTR21A-8_LTR21B-7_LTR21C-3_HERVH48-30_MER48-29_MER84-10_LTR14C-12_HERVK14C-12_LTR53-3_LTR47B4-1_LTR47B3-2_LTR47B2-1_LTR57-16_MER70-2_MER70C-1_LTR76-10_HERVL18-37_LTR18A-24_LTR18C-8_LTR18B-5_LTR17-104_HERV17-116_LTR12-35_HERV9N-36_HERV9-91_LTR12F-34_LTR12C-41_HERV9NC-85_HERV30-18_LTR12D-21_-23_LTR12B-4_HERVL-452_MLT2A2-144_LTR30-14_HERV4-35_LTR27E-8_LTR27D-9_LTR28B-4_LTR1D1-6_LTR28C-4_LTR9D-3_LTR9A1-10_LTR25-2_MER66A-1_MER51E-6_MER51A-16_ERVL-47_E-5_LTR41-1_MER41E-1_MER41C-18_MER66C-1_MER41D-2_LTR6A-17_LTRe-5_LTR15-12_HERV15-14_LTRa-2_B4-34_MER70B-1_HERVE-108_a-30_LTR2C-36_MER57C1-1_LTR39-2_MER83A-1_LTR10B1-10_LTR10G-10_HERVIP10FH-2_LTR10E-1_MER4E-2_MER4B-3_MER101-1_LOR1-4_LTR22-9_LTR5-26_Hs-26_MER110-1_HERVK11D-10_MER11D-10_LTR24-7_PRIMAX-1_MER89-2_MER57C2-1_LTR22C2-2_LTR22C0-17_LTR22E-17_LTR22B1-17_LTR22A-17_LTR22B-4_ERV3-2_16A3-2_MER34D-1_MER34-1_HERVK14-32_LTR14B-16_LTR14A-13_MER11A-13_MER11B-17_LTR5B-17_LTR5A-12_LTR45C-1_MER9B-5_MER9a2-41_MER9a1-29_LTR10B-3_LTR71A-14_HERVP71A-22_LTR71B-7_MLT2D-4_MLT2B4-6_MLT2A1-283_MLT2B2-2_MLT2B1-13_MLT2B3-1_MLT2C1-2_LOR1a-2_LTR3B-28_HERVK3-60_LTR3-12_LTR3A-20_LTRb-1_LTR66-1_HERVL66-1_LTR16-1_MER66D-3_LTR52-4_HERV-12_Fc2-2_Fc1-10_LTR1-4_MER57E3-1
Clade_185,LTR7-242_HERVH-379_int-2531_LTR7B-86_LTR7Y-4_LTR7A-2_MER66-11_MER66B-1_MER50-15_MER52-54_MER52C-1_HERV1-30_LTRd-1_I-50_PABL-37_B-37_LTR9-5_HUERS-51_P3-50_HERVIP10F-43_LTR10A-19_Harlequin-4_LTR2-1_LTR10B2-8_HERVIP10B3-34_HERV3-43_LTR4-12_LTR13-8_HERVK13-9_HERVK11-44_MER11C-18_HERVL32-6_LTR32-4_ERVL47-6_LTR47A2-2_HERVI-13_LTR10D-5_LTR9C-6_P3b-1_LTR9B-1_LTRc-8_LTR61-11_PRIMA41-40_PRIMA4-22_LTR-10_HERVK22-100_MER57A-16_HERVK9-168_MER9a3-83_MER57D-1_ERV24B-17_Prim-39_LTR24B-9_LTR14-6_HERVKC4-8_HERVK-61_ERV24-22_HERVS71-37_LTR6B-20_HERVFH19-14_LTR19B-1_LTR46-22_LTR7C-41_HERVFH21-22_LTR21A-8_LTR21B-7_LTR21C-3_HERVH48-30_MER48-29_MER84-10_LTR14C-12_HERVK14C-12_LTR53-3_LTR47B4-1_LTR47B3-2_LTR47B2-1_LTR57-16_MER70-2_MER70C-1_LTR76-10_HERVL18-37_LTR18A-24_LTR18C-8_LTR18B-5_LTR17-104_HERV17-116_LTR12-35_HERV9N-36_HERV9-91_LTR12F-34_LTR12C-41_HERV9NC-85_HERV30-18_LTR12D-21_-23_LTR12B-4_HERVL-452_MLT2A2-144_LTR30-14_HERV4-35_LTR27E-8_LTR27D-9_LTR28B-4_LTR1D1-6_LTR28C-4_LTR9D-3_LTR9A1-10_LTR25-2_MER66A-1_MER51E-6_MER51A-16_ERVL-47_E-5_LTR41-1_MER41E-1_MER41C-18_MER66C-1_MER41D-2_LTR6A-17_LTRe-5_LTR15-12_HERV15-14_LTRa-2_B4-34_MER70B-1_HERVE-108_a-30_LTR2C-36_MER57C1-1_LTR39-2_MER83A-1_LTR10B1-10_LTR10G-10_HERVIP10FH-2_LTR10E-1_MER4E-2_MER4B-3_MER101-1_LOR1-4_LTR22-9_LTR5-26_Hs-26_MER110-1_HERVK11D-10_MER11D-10_LTR24-7_PRIMAX-1_MER89-2_MER57C2-1_LTR22C2-2_LTR22C0-17_LTR22E-17_LTR22B1-17_LTR22A-17_LTR22B-4_ERV3-2_16A3-2_MER34D-1_MER34-1_HERVK14-32_LTR14B-16_LTR14A-13_MER11A-13_MER11B-17_LTR5B-17_LTR5A-12_LTR45C-1_MER9B-5_MER9a2-41_MER9a1-29_LTR10B-3_LTR71A-14_HERVP71A-22_LTR71B-7_MLT2D-4_MLT2B4-6_MLT2A1-283_MLT2B2-2_MLT2B1-13_MLT2B3-1_MLT2C1-2_LOR1a-2_LTR3B-28_HERVK3-60_LTR3-12_LTR3A-20_LTRb-1_LTR66-1_HERVL66-1_LTR16-1_MER66D-3_LTR52-4_HERV-12_Fc2-2_Fc1-10_LTR1-4_MER57E3-1
Clade_186,LTR7-176_HERVH-313_int-2465_LTR7B-83_LTR7Y-4_LTR7A-2_MER66-11_MER66B-1_MER50-15_MER52-54_MER52C-1_HERV1-30_LTRd-1_I-50_PABL-37_B-37_LTR9-5_HUERS-51_P3-50_HERVIP10F-43_LTR10A-19_Harlequin-4_LTR2-1_LTR10B2-8_HERVIP10B3-34_HERV3-43_LTR4-12_LTR13-8_HERVK13-9_HERVK11-44_MER11C-18_HERVL32-6_LTR32-4_ERVL47-6_LTR47A2-2_HERVI-13_LTR10D-5_LTR9C-6_P3b-1_LTR9B-1_LTRc-8_LTR61-11_PRIMA41-40_PRIMA4-22_LTR-10_HERVK22-100_MER57A-16_HERVK9-168_MER9a3-83_MER57D-1_ERV24B-17_Prim-39_LTR24B-9_LTR14-6_HERVKC4-8_HERVK-61_ERV24-22_HERVS71-37_LTR6B-20_HERVFH19-14_LTR19B-1_LTR46-22_LTR7C-41_HERVFH21-22_LTR21A-8_LTR21B-7_LTR21C-3_HERVH48-30_MER48-29_MER84-10_LTR14C-12_HERVK14C-12_LTR53-3_LTR47B4-1_LTR47B3-2_LTR47B2-1_LTR57-16_MER70-2_MER70C-1_LTR76-10_HERVL18-37_LTR18A-24_LTR18C-8_LTR18B-5_LTR17-104_HERV17-116_LTR12-35_HERV9N-36_HERV9-91_LTR12F-34_LTR12C-41_HERV9NC-85_HERV30-18_LTR12D-21_-23_LTR12B-4_HERVL-452_MLT2A2-144_LTR30-14_HERV4-35_LTR27E-8_LTR27D-9_LTR28B-4_LTR1D1-6_LTR28C-4_LTR9D-3_LTR9A1-10_LTR25-2_MER66A-1_MER51E-6_MER51A-16_ERVL-47_E-5_LTR41-1_MER41E-1_MER41C-18_MER66C-1_MER41D-2_LTR6A-17_LTRe-5_LTR15-12_HERV15-14_LTRa-2_B4-34_MER70B-1_HERVE-108_a-30_LTR2C-36_MER57C1-1_LTR39-2_MER83A-1_LTR10B1-10_LTR10G-10_HERVIP10FH-2_LTR10E-1_MER4E-2_MER4B-3_MER101-1_LOR1-4_LTR22-9_LTR5-26_Hs-26_MER110-1_HERVK11D-10_MER11D-10_LTR24-7_PRIMAX-1_MER89-2_MER57C2-1_LTR22C2-2_LTR22C0-17_LTR22E-17_LTR22B1-17_LTR22A-17_LTR22B-4_ERV3-2_16A3-2_MER34D-1_MER34-1_HERVK14-32_LTR14B-16_LTR14A-13_MER11A-13_MER11B-17_LTR5B-17_LTR5A-12_LTR45C-1_MER9B-5_MER9a2-41_MER9a1-29_LTR10B-3_LTR71A-14_HERVP71A-22_LTR71B-7_MLT2D-4_MLT2B4-6_MLT2A1-283_MLT2B2-2_MLT2B1-13_MLT2B3-1_MLT2C1-2_LOR1a-2_LTR3B-28_HERVK3-60_LTR3-12_LTR3A-20_LTRb-1_LTR66-1_HERVL66-1_LTR16-1_MER66D-3_LTR52-4_HERV-12_Fc2-2_Fc1-10_LTR1-4_MER57E3-1
Clade_187,LTR7-169_HERVH-306_int-2458_LTR7B-83_LTR7Y-4_LTR7A-2_MER66-11_MER66B-1_MER50-15_MER52-54_MER52C-1_HERV1-30_LTRd-1_I-50_PABL-37_B-37_LTR9-5_HUERS-51_P3-50_HERVIP10F-43_LTR10A-19_Harlequin-4_LTR2-1_LTR10B2-8_HERVIP10B3-34_HERV3-43_LTR4-12_LTR13-8_HERVK13-9_HERVK11-44_MER11C-18_HERVL32-6_LTR32-4_ERVL47-6_LTR47A2-2_HERVI-13_LTR10D-5_LTR9C-6_P3b-1_LTR9B-1_LTRc-8_LTR61-11_PRIMA41-40_PRIMA4-22_LTR-10_HERVK22-100_MER57A-16_HERVK9-168_MER9a3-83_MER57D-1_ERV24B-17_Prim-39_LTR24B-9_LTR14-6_HERVKC4-8_HERVK-61_ERV24-22_HERVS71-37_LTR6B-20_HERVFH19-14_LTR19B-1_LTR46-22_LTR7C-41_HERVFH21-22_LTR21A-8_LTR21B-7_LTR21C-3_HERVH48-30_MER48-29_MER84-10_LTR14C-12_HERVK14C-12_LTR53-3_LTR47B4-1_LTR47B3-2_LTR47B2-1_LTR57-16_MER70-2_MER70C-1_LTR76-10_HERVL18-37_LTR18A-24_LTR18C-8_LTR18B-5_LTR17-104_HERV17-116_LTR12-35_HERV9N-36_HERV9-91_LTR12F-34_LTR12C-41_HERV9NC-85_HERV30-18_LTR12D-21_-23_LTR12B-4_HERVL-452_MLT2A2-144_LTR30-14_HERV4-35_LTR27E-8_LTR27D-9_LTR28B-4_LTR1D1-6_LTR28C-4_LTR9D-3_LTR9A1-10_LTR25-2_MER66A-1_MER51E-6_MER51A-16_ERVL-47_E-5_LTR41-1_MER41E-1_MER41C-18_MER66C-1_MER41D-2_LTR6A-17_LTRe-5_LTR15-12_HERV15-14_LTRa-2_B4-34_MER70B-1_HERVE-108_a-30_LTR2C-36_MER57C1-1_LTR39-2_MER83A-1_LTR10B1-10_LTR10G-10_HERVIP10FH-2_LTR10E-1_MER4E-2_MER4B-3_MER101-1_LOR1-4_LTR22-9_LTR5-26_Hs-26_MER110-1_HERVK11D-10_MER11D-10_LTR24-7_PRIMAX-1_MER89-2_MER57C2-1_LTR22C2-2_LTR22C0-17_LTR22E-17_LTR22B1-17_LTR22A-17_LTR22B-4_ERV3-2_16A3-2_MER34D-1_MER34-1_HERVK14-32_LTR14B-16_LTR14A-13_MER11A-13_MER11B-17_LTR5B-17_LTR5A-12_LTR45C-1_MER9B-5_MER9a2-41_MER9a1-29_LTR10B-3_LTR71A-14_HERVP71A-22_LTR71B-7_MLT2D-4_MLT2B4-6_MLT2A1-283_MLT2B2-2_MLT2B1-13_MLT2B3-1_MLT2C1-2_LOR1a-2_LTR3B-28_HERVK3-60_LTR3-12_LTR3A-20_LTRb-1_LTR66-1_HERVL66-1_LTR16-1_MER66D-3_LTR52-4_HERV-12_Fc2-2_Fc1-10_LTR1-4_MER57E3-1
Clade_188,LTR7-153_HERVH-290_int-2442_LTR7B-83_LTR7Y-4_LTR7A-2_MER66-11_MER66B-1_MER50-15_MER52-54_MER52C-1_HERV1-30_LTRd-1_I-50_PABL-37_B-37_LTR9-5_HUERS-51_P3-50_HERVIP10F-43_LTR10A-19_Harlequin-4_LTR2-1_LTR10B2-8_HERVIP10B3-34_HERV3-43_LTR4-12_LTR13-8_HERVK13-9_HERVK11-44_MER11C-18_HERVL32-6_LTR32-4_ERVL47-6_LTR47A2-2_HERVI-13_LTR10D-5_LTR9C-6_P3b-1_LTR9B-1_LTRc-8_LTR61-11_PRIMA41-40_PRIMA4-22_LTR-10_HERVK22-100_MER57A-16_HERVK9-168_MER9a3-83_MER57D-1_ERV24B-17_Prim-39_LTR24B-9_LTR14-6_HERVKC4-8_HERVK-61_ERV24-22_HERVS71-37_LTR6B-20_HERVFH19-14_LTR19B-1_LTR46-22_LTR7C-41_HERVFH21-22_LTR21A-8_LTR21B-7_LTR21C-3_HERVH48-30_MER48-29_MER84-10_LTR14C-12_HERVK14C-12_LTR53-3_LTR47B4-1_LTR47B3-2_LTR47B2-1_LTR57-16_MER70-2_MER70C-1_LTR76-10_HERVL18-37_LTR18A-24_LTR18C-8_LTR18B-5_LTR17-104_HERV17-116_LTR12-35_HERV9N-36_HERV9-91_LTR12F-34_LTR12C-41_HERV9NC-85_HERV30-18_LTR12D-21_-23_LTR12B-4_HERVL-452_MLT2A2-144_LTR30-14_HERV4-35_LTR27E-8_LTR27D-9_LTR28B-4_LTR1D1-6_LTR28C-4_LTR9D-3_LTR9A1-10_LTR25-2_MER66A-1_MER51E-6_MER51A-16_ERVL-47_E-5_LTR41-1_MER41E-1_MER41C-18_MER66C-1_MER41D-2_LTR6A-17_LTRe-5_LTR15-12_HERV15-14_LTRa-2_B4-34_MER70B-1_HERVE-108_a-30_LTR2C-36_MER57C1-1_LTR39-2_MER83A-1_LTR10B1-10_LTR10G-10_HERVIP10FH-2_LTR10E-1_MER4E-2_MER4B-3_MER101-1_LOR1-4_LTR22-9_LTR5-26_Hs-26_MER110-1_HERVK11D-10_MER11D-10_LTR24-7_PRIMAX-1_MER89-2_MER57C2-1_LTR22C2-2_LTR22C0-17_LTR22E-17_LTR22B1-17_LTR22A-17_LTR22B-4_ERV3-2_16A3-2_MER34D-1_MER34-1_HERVK14-32_LTR14B-16_LTR14A-13_MER11A-13_MER11B-17_LTR5B-17_LTR5A-12_LTR45C-1_MER9B-5_MER9a2-41_MER9a1-29_LTR10B-3_LTR71A-14_HERVP71A-22_LTR71B-7_MLT2D-4_MLT2B4-6_MLT2A1-283_MLT2B2-2_MLT2B1-13_MLT2B3-1_MLT2C1-2_LOR1a-2_LTR3B-28_HERVK3-60_LTR3-12_LTR3A-20_LTRb-1_LTR66-1_HERVL66-1_LTR16-1_MER66D-3_LTR52-4_HERV-12_Fc2-2_Fc1-10_LTR1-4_MER57E3-1
Clade_189,LTR7-4_HERVH-4_int-4
Clade_190,LTR7-2_HERVH-2_int-2
ERV_3018703,ERV_3018703_LTR7_HERVH_int
ERV_3769002,ERV_3769002_LTR7_HERVH_int
Clade_191,LTR7-2_HERVH-2_int-2
ERV_4028701,ERV_4028701_LTR7_HERVH_int
ERV_4028380,ERV_4028380_LTR7_HERVH_int
Clade_192,LTR7-149_HERVH-286_int-2438_LTR7B-83_LTR7Y-4_LTR7A-2_MER66-11_MER66B-1_MER50-15_MER52-54_MER52C-1_HERV1-30_LTRd-1_I-50_PABL-37_B-37_LTR9-5_HUERS-51_P3-50_HERVIP10F-43_LTR10A-19_Harlequin-4_LTR2-1_LTR10B2-8_HERVIP10B3-34_HERV3-43_LTR4-12_LTR13-8_HERVK13-9_HERVK11-44_MER11C-18_HERVL32-6_LTR32-4_ERVL47-6_LTR47A2-2_HERVI-13_LTR10D-5_LTR9C-6_P3b-1_LTR9B-1_LTRc-8_LTR61-11_PRIMA41-40_PRIMA4-22_LTR-10_HERVK22-100_MER57A-16_HERVK9-168_MER9a3-83_MER57D-1_ERV24B-17_Prim-39_LTR24B-9_LTR14-6_HERVKC4-8_HERVK-61_ERV24-22_HERVS71-37_LTR6B-20_HERVFH19-14_LTR19B-1_LTR46-22_LTR7C-41_HERVFH21-22_LTR21A-8_LTR21B-7_LTR21C-3_HERVH48-30_MER48-29_MER84-10_LTR14C-12_HERVK14C-12_LTR53-3_LTR47B4-1_LTR47B3-2_LTR47B2-1_LTR57-16_MER70-2_MER70C-1_LTR76-10_HERVL18-37_LTR18A-24_LTR18C-8_LTR18B-5_LTR17-104_HERV17-116_LTR12-35_HERV9N-36_HERV9-91_LTR12F-34_LTR12C-41_HERV9NC-85_HERV30-18_LTR12D-21_-23_LTR12B-4_HERVL-452_MLT2A2-144_LTR30-14_HERV4-35_LTR27E-8_LTR27D-9_LTR28B-4_LTR1D1-6_LTR28C-4_LTR9D-3_LTR9A1-10_LTR25-2_MER66A-1_MER51E-6_MER51A-16_ERVL-47_E-5_LTR41-1_MER41E-1_MER41C-18_MER66C-1_MER41D-2_LTR6A-17_LTRe-5_LTR15-12_HERV15-14_LTRa-2_B4-34_MER70B-1_HERVE-108_a-30_LTR2C-36_MER57C1-1_LTR39-2_MER83A-1_LTR10B1-10_LTR10G-10_HERVIP10FH-2_LTR10E-1_MER4E-2_MER4B-3_MER101-1_LOR1-4_LTR22-9_LTR5-26_Hs-26_MER110-1_HERVK11D-10_MER11D-10_LTR24-7_PRIMAX-1_MER89-2_MER57C2-1_LTR22C2-2_LTR22C0-17_LTR22E-17_LTR22B1-17_LTR22A-17_LTR22B-4_ERV3-2_16A3-2_MER34D-1_MER34-1_HERVK14-32_LTR14B-16_LTR14A-13_MER11A-13_MER11B-17_LTR5B-17_LTR5A-12_LTR45C-1_MER9B-5_MER9a2-41_MER9a1-29_LTR10B-3_LTR71A-14_HERVP71A-22_LTR71B-7_MLT2D-4_MLT2B4-6_MLT2A1-283_MLT2B2-2_MLT2B1-13_MLT2B3-1_MLT2C1-2_LOR1a-2_LTR3B-28_HERVK3-60_LTR3-12_LTR3A-20_LTRb-1_LTR66-1_HERVL66-1_LTR16-1_MER66D-3_LTR52-4_HERV-12_Fc2-2_Fc1-10_LTR1-4_MER57E3-1
ERV_1248209,ERV_1248209_LTR7_HERVH_int
Clade_193,LTR7-148_HERVH-285_int-2437_LTR7B-83_LTR7Y-4_LTR7A-2_MER66-11_MER66B-1_MER50-15_MER52-54_MER52C-1_HERV1-30_LTRd-1_I-50_PABL-37_B-37_LTR9-5_HUERS-51_P3-50_HERVIP10F-43_LTR10A-19_Harlequin-4_LTR2-1_LTR10B2-8_HERVIP10B3-34_HERV3-43_LTR4-12_LTR13-8_HERVK13-9_HERVK11-44_MER11C-18_HERVL32-6_LTR32-4_ERVL47-6_LTR47A2-2_HERVI-13_LTR10D-5_LTR9C-6_P3b-1_LTR9B-1_LTRc-8_LTR61-11_PRIMA41-40_PRIMA4-22_LTR-10_HERVK22-100_MER57A-16_HERVK9-168_MER9a3-83_MER57D-1_ERV24B-17_Prim-39_LTR24B-9_LTR14-6_HERVKC4-8_HERVK-61_ERV24-22_HERVS71-37_LTR6B-20_HERVFH19-14_LTR19B-1_LTR46-22_LTR7C-41_HERVFH21-22_LTR21A-8_LTR21B-7_LTR21C-3_HERVH48-30_MER48-29_MER84-10_LTR14C-12_HERVK14C-12_LTR53-3_LTR47B4-1_LTR47B3-2_LTR47B2-1_LTR57-16_MER70-2_MER70C-1_LTR76-10_HERVL18-37_LTR18A-24_LTR18C-8_LTR18B-5_LTR17-104_HERV17-116_LTR12-35_HERV9N-36_HERV9-91_LTR12F-34_LTR12C-41_HERV9NC-85_HERV30-18_LTR12D-21_-23_LTR12B-4_HERVL-452_MLT2A2-144_LTR30-14_HERV4-35_LTR27E-8_LTR27D-9_LTR28B-4_LTR1D1-6_LTR28C-4_LTR9D-3_LTR9A1-10_LTR25-2_MER66A-1_MER51E-6_MER51A-16_ERVL-47_E-5_LTR41-1_MER41E-1_MER41C-18_MER66C-1_MER41D-2_LTR6A-17_LTRe-5_LTR15-12_HERV15-14_LTRa-2_B4-34_MER70B-1_HERVE-108_a-30_LTR2C-36_MER57C1-1_LTR39-2_MER83A-1_LTR10B1-10_LTR10G-10_HERVIP10FH-2_LTR10E-1_MER4E-2_MER4B-3_MER101-1_LOR1-4_LTR22-9_LTR5-26_Hs-26_MER110-1_HERVK11D-10_MER11D-10_LTR24-7_PRIMAX-1_MER89-2_MER57C2-1_LTR22C2-2_LTR22C0-17_LTR22E-17_LTR22B1-17_LTR22A-17_LTR22B-4_ERV3-2_16A3-2_MER34D-1_MER34-1_HERVK14-32_LTR14B-16_LTR14A-13_MER11A-13_MER11B-17_LTR5B-17_LTR5A-12_LTR45C-1_MER9B-5_MER9a2-41_MER9a1-29_LTR10B-3_LTR71A-14_HERVP71A-22_LTR71B-7_MLT2D-4_MLT2B4-6_MLT2A1-283_MLT2B2-2_MLT2B1-13_MLT2B3-1_MLT2C1-2_LOR1a-2_LTR3B-28_HERVK3-60_LTR3-12_LTR3A-20_LTRb-1_LTR66-1_HERVL66-1_LTR16-1_MER66D-3_LTR52-4_HERV-12_Fc2-2_Fc1-10_LTR1-4_MER57E3-1
Clade_194,LTR7-2_HERVH-2_int-2
ERV_4167120,ERV_4167120_LTR7_HERVH_int
ERV_2227252,ERV_2227252_LTR7_HERVH_int
Clade_195,LTR7-146_HERVH-283_int-2435_LTR7B-83_LTR7Y-4_LTR7A-2_MER66-11_MER66B-1_MER50-15_MER52-54_MER52C-1_HERV1-30_LTRd-1_I-50_PABL-37_B-37_LTR9-5_HUERS-51_P3-50_HERVIP10F-43_LTR10A-19_Harlequin-4_LTR2-1_LTR10B2-8_HERVIP10B3-34_HERV3-43_LTR4-12_LTR13-8_HERVK13-9_HERVK11-44_MER11C-18_HERVL32-6_LTR32-4_ERVL47-6_LTR47A2-2_HERVI-13_LTR10D-5_LTR9C-6_P3b-1_LTR9B-1_LTRc-8_LTR61-11_PRIMA41-40_PRIMA4-22_LTR-10_HERVK22-100_MER57A-16_HERVK9-168_MER9a3-83_MER57D-1_ERV24B-17_Prim-39_LTR24B-9_LTR14-6_HERVKC4-8_HERVK-61_ERV24-22_HERVS71-37_LTR6B-20_HERVFH19-14_LTR19B-1_LTR46-22_LTR7C-41_HERVFH21-22_LTR21A-8_LTR21B-7_LTR21C-3_HERVH48-30_MER48-29_MER84-10_LTR14C-12_HERVK14C-12_LTR53-3_LTR47B4-1_LTR47B3-2_LTR47B2-1_LTR57-16_MER70-2_MER70C-1_LTR76-10_HERVL18-37_LTR18A-24_LTR18C-8_LTR18B-5_LTR17-104_HERV17-116_LTR12-35_HERV9N-36_HERV9-91_LTR12F-34_LTR12C-41_HERV9NC-85_HERV30-18_LTR12D-21_-23_LTR12B-4_HERVL-452_MLT2A2-144_LTR30-14_HERV4-35_LTR27E-8_LTR27D-9_LTR28B-4_LTR1D1-6_LTR28C-4_LTR9D-3_LTR9A1-10_LTR25-2_MER66A-1_MER51E-6_MER51A-16_ERVL-47_E-5_LTR41-1_MER41E-1_MER41C-18_MER66C-1_MER41D-2_LTR6A-17_LTRe-5_LTR15-12_HERV15-14_LTRa-2_B4-34_MER70B-1_HERVE-108_a-30_LTR2C-36_MER57C1-1_LTR39-2_MER83A-1_LTR10B1-10_LTR10G-10_HERVIP10FH-2_LTR10E-1_MER4E-2_MER4B-3_MER101-1_LOR1-4_LTR22-9_LTR5-26_Hs-26_MER110-1_HERVK11D-10_MER11D-10_LTR24-7_PRIMAX-1_MER89-2_MER57C2-1_LTR22C2-2_LTR22C0-17_LTR22E-17_LTR22B1-17_LTR22A-17_LTR22B-4_ERV3-2_16A3-2_MER34D-1_MER34-1_HERVK14-32_LTR14B-16_LTR14A-13_MER11A-13_MER11B-17_LTR5B-17_LTR5A-12_LTR45C-1_MER9B-5_MER9a2-41_MER9a1-29_LTR10B-3_LTR71A-14_HERVP71A-22_LTR71B-7_MLT2D-4_MLT2B4-6_MLT2A1-283_MLT2B2-2_MLT2B1-13_MLT2B3-1_MLT2C1-2_LOR1a-2_LTR3B-28_HERVK3-60_LTR3-12_LTR3A-20_LTRb-1_LTR66-1_HERVL66-1_LTR16-1_MER66D-3_LTR52-4_HERV-12_Fc2-2_Fc1-10_LTR1-4_MER57E3-1
Clade_196,LTR7-21_HERVH-22_int-22_LTR7B-2_LTR7Y-1
Clade_197,LTR7-4_HERVH-4_int-4
ERV_2385664,ERV_2385664_LTR7_HERVH_int
Clade_198,LTR7-3_HERVH-3_int-3
ERV_3349085,ERV_3349085_LTR7_HERVH_int
Clade_199,LTR7-2_HERVH-2_int-2
ERV_2260783,ERV_2260783_LTR7_HERVH_int
ERV_3262822,ERV_3262822_LTR7_HERVH_int
Clade_200,LTR7-17_HERVH-18_int-18_LTR7B-2_LTR7Y-1
Clade_201,LTR7-8_HERVH-8_int-8_LTR7B-1
Clade_202,LTR7-2_HERVH-2_int-2_LTR7B-1
ERV_3044779,ERV_3044779_LTR7_HERVH_int
ERV_2072814,ERV_2072814_LTR7_HERVH_int_LTR7B
Clade_203,LTR7-6_HERVH-6_int-6
ERV_3300644,ERV_3300644_LTR7_HERVH_int
Clade_204,LTR7-5_HERVH-5_int-5
ERV_3270454,ERV_3270454_LTR7_HERVH_int
Clade_205,LTR7-4_HERVH-4_int-4
ERV_4392701,ERV_4392701_LTR7_HERVH_int
Clade_206,LTR7-3_HERVH-3_int-3
ERV_2613106,ERV_2613106_LTR7_HERVH_int
Clade_207,LTR7-2_HERVH-2_int-2
ERV_1237372,ERV_1237372_LTR7_HERVH_int
ERV_2689313,ERV_2689313_LTR7_HERVH_int
Clade_208,LTR7-9_HERVH-10_int-10_LTR7Y-1_LTR7B-1
Clade_209,LTR7-3_HERVH-3_int-3
ERV_2678687,ERV_2678687_LTR7_HERVH_int
Clade_210,LTR7-2_HERVH-2_int-2
ERV_4389639,ERV_4389639_LTR7_HERVH_int
ERV_1960264,ERV_1960264_LTR7_HERVH_int
Clade_211,LTR7-6_HERVH-7_int-7_LTR7Y-1_LTR7B-1
Clade_212,LTR7-5_HERVH-5_int-5
Clade_213,LTR7-2_HERVH-2_int-2
ERV_4150768,ERV_4150768_LTR7_HERVH_int
ERV_3786153,ERV_3786153_LTR7_HERVH_int
Clade_214,LTR7-3_HERVH-3_int-3
ERV_2138669,ERV_2138669_LTR7_HERVH_int
Clade_215,LTR7-2_HERVH-2_int-2
ERV_1940131,ERV_1940131_LTR7_HERVH_int
ERV_1357246,ERV_1357246_LTR7_HERVH_int
Clade_216,HERVH-2_int-2_LTR7Y-1_LTR7B-1_LTR7-1
ERV_4387763,ERV_4387763_HERVH_int_LTR7Y_LTR7B
ERV_2644036,ERV_2644036_LTR7_HERVH_int
Clade_217,LTR7-125_HERVH-261_int-2413_LTR7A-2_MER66-11_MER66B-1_MER50-15_MER52-54_MER52C-1_HERV1-30_LTRd-1_I-50_PABL-37_B-37_LTR9-5_HUERS-51_P3-50_HERVIP10F-43_LTR10A-19_Harlequin-4_LTR2-1_LTR10B2-8_HERVIP10B3-34_HERV3-43_LTR4-12_LTR13-8_HERVK13-9_HERVK11-44_MER11C-18_HERVL32-6_LTR32-4_ERVL47-6_LTR47A2-2_HERVI-13_LTR10D-5_LTR9C-6_P3b-1_LTR9B-1_LTRc-8_LTR61-11_PRIMA41-40_PRIMA4-22_LTR-10_HERVK22-100_MER57A-16_HERVK9-168_MER9a3-83_MER57D-1_ERV24B-17_Prim-39_LTR24B-9_LTR14-6_HERVKC4-8_HERVK-61_ERV24-22_HERVS71-37_LTR6B-20_HERVFH19-14_LTR19B-1_LTR46-22_LTR7C-41_HERVFH21-22_LTR21A-8_LTR21B-7_LTR21C-3_HERVH48-30_MER48-29_MER84-10_LTR14C-12_HERVK14C-12_LTR53-3_LTR47B4-1_LTR47B3-2_LTR47B2-1_LTR57-16_MER70-2_MER70C-1_LTR76-10_HERVL18-37_LTR18A-24_LTR18C-8_LTR18B-5_LTR17-104_HERV17-116_LTR12-35_HERV9N-36_HERV9-91_LTR12F-34_LTR12C-41_HERV9NC-85_HERV30-18_LTR12D-21_-23_LTR12B-4_HERVL-452_MLT2A2-144_LTR30-14_HERV4-35_LTR27E-8_LTR27D-9_LTR28B-4_LTR1D1-6_LTR28C-4_LTR9D-3_LTR9A1-10_LTR25-2_MER66A-1_MER51E-6_MER51A-16_ERVL-47_E-5_LTR41-1_MER41E-1_MER41C-18_MER66C-1_MER41D-2_LTR6A-17_LTRe-5_LTR15-12_HERV15-14_LTRa-2_B4-34_MER70B-1_HERVE-108_a-30_LTR2C-36_MER57C1-1_LTR39-2_MER83A-1_LTR10B1-10_LTR10G-10_HERVIP10FH-2_LTR10E-1_MER4E-2_MER4B-3_MER101-1_LOR1-4_LTR22-9_LTR5-26_Hs-26_MER110-1_HERVK11D-10_MER11D-10_LTR24-7_PRIMAX-1_MER89-2_MER57C2-1_LTR22C2-2_LTR22C0-17_LTR22E-17_LTR22B1-17_LTR22A-17_LTR22B-4_ERV3-2_16A3-2_MER34D-1_MER34-1_HERVK14-32_LTR14B-16_LTR14A-13_MER11A-13_MER11B-17_LTR5B-17_LTR5A-12_LTR45C-1_MER9B-5_MER9a2-41_MER9a1-29_LTR10B-3_LTR71A-14_HERVP71A-22_LTR71B-7_MLT2D-4_MLT2B4-6_MLT2A1-283_MLT2B2-2_MLT2B1-13_MLT2B3-1_MLT2C1-2_LOR1a-2_LTR3B-28_HERVK3-60_LTR3-12_LTR3A-20_LTRb-1_LTR66-1_HERVL66-1_LTR16-1_MER66D-3_LTR52-4_HERV-12_Fc2-2_Fc1-10_LTR1-4_MER57E3-1_LTR7B-81_LTR7Y-3
Clade_218,LTR7-123_HERVH-259_int-2411_LTR7A-2_MER66-11_MER66B-1_MER50-15_MER52-54_MER52C-1_HERV1-30_LTRd-1_I-50_PABL-37_B-37_LTR9-5_HUERS-51_P3-50_HERVIP10F-43_LTR10A-19_Harlequin-4_LTR2-1_LTR10B2-8_HERVIP10B3-34_HERV3-43_LTR4-12_LTR13-8_HERVK13-9_HERVK11-44_MER11C-18_HERVL32-6_LTR32-4_ERVL47-6_LTR47A2-2_HERVI-13_LTR10D-5_LTR9C-6_P3b-1_LTR9B-1_LTRc-8_LTR61-11_PRIMA41-40_PRIMA4-22_LTR-10_HERVK22-100_MER57A-16_HERVK9-168_MER9a3-83_MER57D-1_ERV24B-17_Prim-39_LTR24B-9_LTR14-6_HERVKC4-8_HERVK-61_ERV24-22_HERVS71-37_LTR6B-20_HERVFH19-14_LTR19B-1_LTR46-22_LTR7C-41_HERVFH21-22_LTR21A-8_LTR21B-7_LTR21C-3_HERVH48-30_MER48-29_MER84-10_LTR14C-12_HERVK14C-12_LTR53-3_LTR47B4-1_LTR47B3-2_LTR47B2-1_LTR57-16_MER70-2_MER70C-1_LTR76-10_HERVL18-37_LTR18A-24_LTR18C-8_LTR18B-5_LTR17-104_HERV17-116_LTR12-35_HERV9N-36_HERV9-91_LTR12F-34_LTR12C-41_HERV9NC-85_HERV30-18_LTR12D-21_-23_LTR12B-4_HERVL-452_MLT2A2-144_LTR30-14_HERV4-35_LTR27E-8_LTR27D-9_LTR28B-4_LTR1D1-6_LTR28C-4_LTR9D-3_LTR9A1-10_LTR25-2_MER66A-1_MER51E-6_MER51A-16_ERVL-47_E-5_LTR41-1_MER41E-1_MER41C-18_MER66C-1_MER41D-2_LTR6A-17_LTRe-5_LTR15-12_HERV15-14_LTRa-2_B4-34_MER70B-1_HERVE-108_a-30_LTR2C-36_MER57C1-1_LTR39-2_MER83A-1_LTR10B1-10_LTR10G-10_HERVIP10FH-2_LTR10E-1_MER4E-2_MER4B-3_MER101-1_LOR1-4_LTR22-9_LTR5-26_Hs-26_MER110-1_HERVK11D-10_MER11D-10_LTR24-7_PRIMAX-1_MER89-2_MER57C2-1_LTR22C2-2_LTR22C0-17_LTR22E-17_LTR22B1-17_LTR22A-17_LTR22B-4_ERV3-2_16A3-2_MER34D-1_MER34-1_HERVK14-32_LTR14B-16_LTR14A-13_MER11A-13_MER11B-17_LTR5B-17_LTR5A-12_LTR45C-1_MER9B-5_MER9a2-41_MER9a1-29_LTR10B-3_LTR71A-14_HERVP71A-22_LTR71B-7_MLT2D-4_MLT2B4-6_MLT2A1-283_MLT2B2-2_MLT2B1-13_MLT2B3-1_MLT2C1-2_LOR1a-2_LTR3B-28_HERVK3-60_LTR3-12_LTR3A-20_LTRb-1_LTR66-1_HERVL66-1_LTR16-1_MER66D-3_LTR52-4_HERV-12_Fc2-2_Fc1-10_LTR1-4_MER57E3-1_LTR7B-81_LTR7Y-3
Clade_219,LTR7-114_HERVH-250_int-2402_LTR7A-2_MER66-11_MER66B-1_MER50-15_MER52-54_MER52C-1_HERV1-30_LTRd-1_I-50_PABL-37_B-37_LTR9-5_HUERS-51_P3-50_HERVIP10F-43_LTR10A-19_Harlequin-4_LTR2-1_LTR10B2-8_HERVIP10B3-34_HERV3-43_LTR4-12_LTR13-8_HERVK13-9_HERVK11-44_MER11C-18_HERVL32-6_LTR32-4_ERVL47-6_LTR47A2-2_HERVI-13_LTR10D-5_LTR9C-6_P3b-1_LTR9B-1_LTRc-8_LTR61-11_PRIMA41-40_PRIMA4-22_LTR-10_HERVK22-100_MER57A-16_HERVK9-168_MER9a3-83_MER57D-1_ERV24B-17_Prim-39_LTR24B-9_LTR14-6_HERVKC4-8_HERVK-61_ERV24-22_HERVS71-37_LTR6B-20_HERVFH19-14_LTR19B-1_LTR46-22_LTR7C-41_HERVFH21-22_LTR21A-8_LTR21B-7_LTR21C-3_HERVH48-30_MER48-29_MER84-10_LTR14C-12_HERVK14C-12_LTR53-3_LTR47B4-1_LTR47B3-2_LTR47B2-1_LTR57-16_MER70-2_MER70C-1_LTR76-10_HERVL18-37_LTR18A-24_LTR18C-8_LTR18B-5_LTR17-104_HERV17-116_LTR12-35_HERV9N-36_HERV9-91_LTR12F-34_LTR12C-41_HERV9NC-85_HERV30-18_LTR12D-21_-23_LTR12B-4_HERVL-452_MLT2A2-144_LTR30-14_HERV4-35_LTR27E-8_LTR27D-9_LTR28B-4_LTR1D1-6_LTR28C-4_LTR9D-3_LTR9A1-10_LTR25-2_MER66A-1_MER51E-6_MER51A-16_ERVL-47_E-5_LTR41-1_MER41E-1_MER41C-18_MER66C-1_MER41D-2_LTR6A-17_LTRe-5_LTR15-12_HERV15-14_LTRa-2_B4-34_MER70B-1_HERVE-108_a-30_LTR2C-36_MER57C1-1_LTR39-2_MER83A-1_LTR10B1-10_LTR10G-10_HERVIP10FH-2_LTR10E-1_MER4E-2_MER4B-3_MER101-1_LOR1-4_LTR22-9_LTR5-26_Hs-26_MER110-1_HERVK11D-10_MER11D-10_LTR24-7_PRIMAX-1_MER89-2_MER57C2-1_LTR22C2-2_LTR22C0-17_LTR22E-17_LTR22B1-17_LTR22A-17_LTR22B-4_ERV3-2_16A3-2_MER34D-1_MER34-1_HERVK14-32_LTR14B-16_LTR14A-13_MER11A-13_MER11B-17_LTR5B-17_LTR5A-12_LTR45C-1_MER9B-5_MER9a2-41_MER9a1-29_LTR10B-3_LTR71A-14_HERVP71A-22_LTR71B-7_MLT2D-4_MLT2B4-6_MLT2A1-283_MLT2B2-2_MLT2B1-13_MLT2B3-1_MLT2C1-2_LOR1a-2_LTR3B-28_HERVK3-60_LTR3-12_LTR3A-20_LTRb-1_LTR66-1_HERVL66-1_LTR16-1_MER66D-3_LTR52-4_HERV-12_Fc2-2_Fc1-10_LTR1-4_MER57E3-1_LTR7B-81_LTR7Y-3
Clade_220,LTR7-113_HERVH-248_int-2400_LTR7A-1_MER66-11_MER66B-1_MER50-15_MER52-54_MER52C-1_HERV1-30_LTRd-1_I-50_PABL-37_B-37_LTR9-5_HUERS-51_P3-50_HERVIP10F-43_LTR10A-19_Harlequin-4_LTR2-1_LTR10B2-8_HERVIP10B3-34_HERV3-43_LTR4-12_LTR13-8_HERVK13-9_HERVK11-44_MER11C-18_HERVL32-6_LTR32-4_ERVL47-6_LTR47A2-2_HERVI-13_LTR10D-5_LTR9C-6_P3b-1_LTR9B-1_LTRc-8_LTR61-11_PRIMA41-40_PRIMA4-22_LTR-10_HERVK22-100_MER57A-16_HERVK9-168_MER9a3-83_MER57D-1_ERV24B-17_Prim-39_LTR24B-9_LTR14-6_HERVKC4-8_HERVK-61_ERV24-22_HERVS71-37_LTR6B-20_HERVFH19-14_LTR19B-1_LTR46-22_LTR7C-41_HERVFH21-22_LTR21A-8_LTR21B-7_LTR21C-3_HERVH48-30_MER48-29_MER84-10_LTR14C-12_HERVK14C-12_LTR53-3_LTR47B4-1_LTR47B3-2_LTR47B2-1_LTR57-16_MER70-2_MER70C-1_LTR76-10_HERVL18-37_LTR18A-24_LTR18C-8_LTR18B-5_LTR17-104_HERV17-116_LTR12-35_HERV9N-36_HERV9-91_LTR12F-34_LTR12C-41_HERV9NC-85_HERV30-18_LTR12D-21_-23_LTR12B-4_HERVL-452_MLT2A2-144_LTR30-14_HERV4-35_LTR27E-8_LTR27D-9_LTR28B-4_LTR1D1-6_LTR28C-4_LTR9D-3_LTR9A1-10_LTR25-2_MER66A-1_MER51E-6_MER51A-16_ERVL-47_E-5_LTR41-1_MER41E-1_MER41C-18_MER66C-1_MER41D-2_LTR6A-17_LTRe-5_LTR15-12_HERV15-14_LTRa-2_B4-34_MER70B-1_HERVE-108_a-30_LTR2C-36_MER57C1-1_LTR39-2_MER83A-1_LTR10B1-10_LTR10G-10_HERVIP10FH-2_LTR10E-1_MER4E-2_MER4B-3_MER101-1_LOR1-4_LTR22-9_LTR5-26_Hs-26_MER110-1_HERVK11D-10_MER11D-10_LTR24-7_PRIMAX-1_MER89-2_MER57C2-1_LTR22C2-2_LTR22C0-17_LTR22E-17_LTR22B1-17_LTR22A-17_LTR22B-4_ERV3-2_16A3-2_MER34D-1_MER34-1_HERVK14-32_LTR14B-16_LTR14A-13_MER11A-13_MER11B-17_LTR5B-17_LTR5A-12_LTR45C-1_MER9B-5_MER9a2-41_MER9a1-29_LTR10B-3_LTR71A-14_HERVP71A-22_LTR71B-7_MLT2D-4_MLT2B4-6_MLT2A1-283_MLT2B2-2_MLT2B1-13_MLT2B3-1_MLT2C1-2_LOR1a-2_LTR3B-28_HERVK3-60_LTR3-12_LTR3A-20_LTRb-1_LTR66-1_HERVL66-1_LTR16-1_MER66D-3_LTR52-4_HERV-12_Fc2-2_Fc1-10_LTR1-4_MER57E3-1_LTR7B-80_LTR7Y-3
Clade_221,LTR7-108_HERVH-243_int-2395_LTR7A-1_MER66-11_MER66B-1_MER50-15_MER52-54_MER52C-1_HERV1-30_LTRd-1_I-50_PABL-37_B-37_LTR9-5_HUERS-51_P3-50_HERVIP10F-43_LTR10A-19_Harlequin-4_LTR2-1_LTR10B2-8_HERVIP10B3-34_HERV3-43_LTR4-12_LTR13-8_HERVK13-9_HERVK11-44_MER11C-18_HERVL32-6_LTR32-4_ERVL47-6_LTR47A2-2_HERVI-13_LTR10D-5_LTR9C-6_P3b-1_LTR9B-1_LTRc-8_LTR61-11_PRIMA41-40_PRIMA4-22_LTR-10_HERVK22-100_MER57A-16_HERVK9-168_MER9a3-83_MER57D-1_ERV24B-17_Prim-39_LTR24B-9_LTR14-6_HERVKC4-8_HERVK-61_ERV24-22_HERVS71-37_LTR6B-20_HERVFH19-14_LTR19B-1_LTR46-22_LTR7C-41_HERVFH21-22_LTR21A-8_LTR21B-7_LTR21C-3_HERVH48-30_MER48-29_MER84-10_LTR14C-12_HERVK14C-12_LTR53-3_LTR47B4-1_LTR47B3-2_LTR47B2-1_LTR57-16_MER70-2_MER70C-1_LTR76-10_HERVL18-37_LTR18A-24_LTR18C-8_LTR18B-5_LTR17-104_HERV17-116_LTR12-35_HERV9N-36_HERV9-91_LTR12F-34_LTR12C-41_HERV9NC-85_HERV30-18_LTR12D-21_-23_LTR12B-4_HERVL-452_MLT2A2-144_LTR30-14_HERV4-35_LTR27E-8_LTR27D-9_LTR28B-4_LTR1D1-6_LTR28C-4_LTR9D-3_LTR9A1-10_LTR25-2_MER66A-1_MER51E-6_MER51A-16_ERVL-47_E-5_LTR41-1_MER41E-1_MER41C-18_MER66C-1_MER41D-2_LTR6A-17_LTRe-5_LTR15-12_HERV15-14_LTRa-2_B4-34_MER70B-1_HERVE-108_a-30_LTR2C-36_MER57C1-1_LTR39-2_MER83A-1_LTR10B1-10_LTR10G-10_HERVIP10FH-2_LTR10E-1_MER4E-2_MER4B-3_MER101-1_LOR1-4_LTR22-9_LTR5-26_Hs-26_MER110-1_HERVK11D-10_MER11D-10_LTR24-7_PRIMAX-1_MER89-2_MER57C2-1_LTR22C2-2_LTR22C0-17_LTR22E-17_LTR22B1-17_LTR22A-17_LTR22B-4_ERV3-2_16A3-2_MER34D-1_MER34-1_HERVK14-32_LTR14B-16_LTR14A-13_MER11A-13_MER11B-17_LTR5B-17_LTR5A-12_LTR45C-1_MER9B-5_MER9a2-41_MER9a1-29_LTR10B-3_LTR71A-14_HERVP71A-22_LTR71B-7_MLT2D-4_MLT2B4-6_MLT2A1-283_MLT2B2-2_MLT2B1-13_MLT2B3-1_MLT2C1-2_LOR1a-2_LTR3B-28_HERVK3-60_LTR3-12_LTR3A-20_LTRb-1_LTR66-1_HERVL66-1_LTR16-1_MER66D-3_LTR52-4_HERV-12_Fc2-2_Fc1-10_LTR1-4_MER57E3-1_LTR7B-80_LTR7Y-3
Clade_222,LTR7-102_HERVH-237_int-2389_LTR7A-1_MER66-11_MER66B-1_MER50-15_MER52-54_MER52C-1_HERV1-30_LTRd-1_I-50_PABL-37_B-37_LTR9-5_HUERS-51_P3-50_HERVIP10F-43_LTR10A-19_Harlequin-4_LTR2-1_LTR10B2-8_HERVIP10B3-34_HERV3-43_LTR4-12_LTR13-8_HERVK13-9_HERVK11-44_MER11C-18_HERVL32-6_LTR32-4_ERVL47-6_LTR47A2-2_HERVI-13_LTR10D-5_LTR9C-6_P3b-1_LTR9B-1_LTRc-8_LTR61-11_PRIMA41-40_PRIMA4-22_LTR-10_HERVK22-100_MER57A-16_HERVK9-168_MER9a3-83_MER57D-1_ERV24B-17_Prim-39_LTR24B-9_LTR14-6_HERVKC4-8_HERVK-61_ERV24-22_HERVS71-37_LTR6B-20_HERVFH19-14_LTR19B-1_LTR46-22_LTR7C-41_HERVFH21-22_LTR21A-8_LTR21B-7_LTR21C-3_HERVH48-30_MER48-29_MER84-10_LTR14C-12_HERVK14C-12_LTR53-3_LTR47B4-1_LTR47B3-2_LTR47B2-1_LTR57-16_MER70-2_MER70C-1_LTR76-10_HERVL18-37_LTR18A-24_LTR18C-8_LTR18B-5_LTR17-104_HERV17-116_LTR12-35_HERV9N-36_HERV9-91_LTR12F-34_LTR12C-41_HERV9NC-85_HERV30-18_LTR12D-21_-23_LTR12B-4_HERVL-452_MLT2A2-144_LTR30-14_HERV4-35_LTR27E-8_LTR27D-9_LTR28B-4_LTR1D1-6_LTR28C-4_LTR9D-3_LTR9A1-10_LTR25-2_MER66A-1_MER51E-6_MER51A-16_ERVL-47_E-5_LTR41-1_MER41E-1_MER41C-18_MER66C-1_MER41D-2_LTR6A-17_LTRe-5_LTR15-12_HERV15-14_LTRa-2_B4-34_MER70B-1_HERVE-108_a-30_LTR2C-36_MER57C1-1_LTR39-2_MER83A-1_LTR10B1-10_LTR10G-10_HERVIP10FH-2_LTR10E-1_MER4E-2_MER4B-3_MER101-1_LOR1-4_LTR22-9_LTR5-26_Hs-26_MER110-1_HERVK11D-10_MER11D-10_LTR24-7_PRIMAX-1_MER89-2_MER57C2-1_LTR22C2-2_LTR22C0-17_LTR22E-17_LTR22B1-17_LTR22A-17_LTR22B-4_ERV3-2_16A3-2_MER34D-1_MER34-1_HERVK14-32_LTR14B-16_LTR14A-13_MER11A-13_MER11B-17_LTR5B-17_LTR5A-12_LTR45C-1_MER9B-5_MER9a2-41_MER9a1-29_LTR10B-3_LTR71A-14_HERVP71A-22_LTR71B-7_MLT2D-4_MLT2B4-6_MLT2A1-283_MLT2B2-2_MLT2B1-13_MLT2B3-1_MLT2C1-2_LOR1a-2_LTR3B-28_HERVK3-60_LTR3-12_LTR3A-20_LTRb-1_LTR66-1_HERVL66-1_LTR16-1_MER66D-3_LTR52-4_HERV-12_Fc2-2_Fc1-10_LTR1-4_MER57E3-1_LTR7B-80_LTR7Y-3
Clade_223,LTR7-13_HERVH-13_int-13
Clade_224,LTR7-11_HERVH-11_int-11
Clade_225,LTR7-2_HERVH-2_int-2
ERV_3004713,ERV_3004713_LTR7_HERVH_int
ERV_1853231,ERV_1853231_LTR7_HERVH_int
Clade_226,LTR7-9_HERVH-9_int-9
Clade_227,LTR7-6_HERVH-6_int-6
ERV_4441578,ERV_4441578_LTR7_HERVH_int
Clade_228,LTR7-5_HERVH-5_int-5
ERV_1259211,ERV_1259211_LTR7_HERVH_int
Clade_229,LTR7-4_HERVH-4_int-4
ERV_4381752,ERV_4381752_LTR7_HERVH_int
Clade_230,LTR7-3_HERVH-3_int-3
ERV_2160424,ERV_2160424_LTR7_HERVH_int
Clade_231,LTR7-2_HERVH-2_int-2
ERV_3024380,ERV_3024380_LTR7_HERVH_int
ERV_3548152,ERV_3548152_LTR7_HERVH_int
Clade_232,LTR7-3_HERVH-3_int-3
ERV_1830843,ERV_1830843_LTR7_HERVH_int
Clade_233,LTR7-2_HERVH-2_int-2
ERV_2709431,ERV_2709431_LTR7_HERVH_int
ERV_1321083,ERV_1321083_LTR7_HERVH_int
Clade_234,LTR7-2_HERVH-2_int-2
ERV_3782473,ERV_3782473_LTR7_HERVH_int
ERV_4381970,ERV_4381970_LTR7_HERVH_int
Clade_235,LTR7-89_HERVH-224_int-2376_LTR7A-1_MER66-11_MER66B-1_MER50-15_MER52-54_MER52C-1_HERV1-30_LTRd-1_I-50_PABL-37_B-37_LTR9-5_HUERS-51_P3-50_HERVIP10F-43_LTR10A-19_Harlequin-4_LTR2-1_LTR10B2-8_HERVIP10B3-34_HERV3-43_LTR4-12_LTR13-8_HERVK13-9_HERVK11-44_MER11C-18_HERVL32-6_LTR32-4_ERVL47-6_LTR47A2-2_HERVI-13_LTR10D-5_LTR9C-6_P3b-1_LTR9B-1_LTRc-8_LTR61-11_PRIMA41-40_PRIMA4-22_LTR-10_HERVK22-100_MER57A-16_HERVK9-168_MER9a3-83_MER57D-1_ERV24B-17_Prim-39_LTR24B-9_LTR14-6_HERVKC4-8_HERVK-61_ERV24-22_HERVS71-37_LTR6B-20_HERVFH19-14_LTR19B-1_LTR46-22_LTR7C-41_HERVFH21-22_LTR21A-8_LTR21B-7_LTR21C-3_HERVH48-30_MER48-29_MER84-10_LTR14C-12_HERVK14C-12_LTR53-3_LTR47B4-1_LTR47B3-2_LTR47B2-1_LTR57-16_MER70-2_MER70C-1_LTR76-10_HERVL18-37_LTR18A-24_LTR18C-8_LTR18B-5_LTR17-104_HERV17-116_LTR12-35_HERV9N-36_HERV9-91_LTR12F-34_LTR12C-41_HERV9NC-85_HERV30-18_LTR12D-21_-23_LTR12B-4_HERVL-452_MLT2A2-144_LTR30-14_HERV4-35_LTR27E-8_LTR27D-9_LTR28B-4_LTR1D1-6_LTR28C-4_LTR9D-3_LTR9A1-10_LTR25-2_MER66A-1_MER51E-6_MER51A-16_ERVL-47_E-5_LTR41-1_MER41E-1_MER41C-18_MER66C-1_MER41D-2_LTR6A-17_LTRe-5_LTR15-12_HERV15-14_LTRa-2_B4-34_MER70B-1_HERVE-108_a-30_LTR2C-36_MER57C1-1_LTR39-2_MER83A-1_LTR10B1-10_LTR10G-10_HERVIP10FH-2_LTR10E-1_MER4E-2_MER4B-3_MER101-1_LOR1-4_LTR22-9_LTR5-26_Hs-26_MER110-1_HERVK11D-10_MER11D-10_LTR24-7_PRIMAX-1_MER89-2_MER57C2-1_LTR22C2-2_LTR22C0-17_LTR22E-17_LTR22B1-17_LTR22A-17_LTR22B-4_ERV3-2_16A3-2_MER34D-1_MER34-1_HERVK14-32_LTR14B-16_LTR14A-13_MER11A-13_MER11B-17_LTR5B-17_LTR5A-12_LTR45C-1_MER9B-5_MER9a2-41_MER9a1-29_LTR10B-3_LTR71A-14_HERVP71A-22_LTR71B-7_MLT2D-4_MLT2B4-6_MLT2A1-283_MLT2B2-2_MLT2B1-13_MLT2B3-1_MLT2C1-2_LOR1a-2_LTR3B-28_HERVK3-60_LTR3-12_LTR3A-20_LTRb-1_LTR66-1_HERVL66-1_LTR16-1_MER66D-3_LTR52-4_HERV-12_Fc2-2_Fc1-10_LTR1-4_MER57E3-1_LTR7B-80_LTR7Y-3
Clade_236,LTR7-4_HERVH-5_int-5
ERV_3050555,ERV_3050555_LTR7_HERVH_int
Clade_237,LTR7-3_HERVH-4_int-4
Clade_238,LTR7-2_HERVH-2_int-2
ERV_2719567,ERV_2719567_LTR7_HERVH_int
ERV_1767247,ERV_1767247_LTR7_HERVH_int
Clade_239,LTR7-1_HERVH-2_int-2
ERV_3852385,ERV_3852385_LTR7_HERVH_int
ERV_2896966,ERV_2896966_HERVH_int
Clade_240,LTR7-85_HERVH-219_int-2371_LTR7A-1_MER66-11_MER66B-1_MER50-15_MER52-54_MER52C-1_HERV1-30_LTRd-1_I-50_PABL-37_B-37_LTR9-5_HUERS-51_P3-50_HERVIP10F-43_LTR10A-19_Harlequin-4_LTR2-1_LTR10B2-8_HERVIP10B3-34_HERV3-43_LTR4-12_LTR13-8_HERVK13-9_HERVK11-44_MER11C-18_HERVL32-6_LTR32-4_ERVL47-6_LTR47A2-2_HERVI-13_LTR10D-5_LTR9C-6_P3b-1_LTR9B-1_LTRc-8_LTR61-11_PRIMA41-40_PRIMA4-22_LTR-10_HERVK22-100_MER57A-16_HERVK9-168_MER9a3-83_MER57D-1_ERV24B-17_Prim-39_LTR24B-9_LTR14-6_HERVKC4-8_HERVK-61_ERV24-22_HERVS71-37_LTR6B-20_HERVFH19-14_LTR19B-1_LTR46-22_LTR7C-41_HERVFH21-22_LTR21A-8_LTR21B-7_LTR21C-3_HERVH48-30_MER48-29_MER84-10_LTR14C-12_HERVK14C-12_LTR53-3_LTR47B4-1_LTR47B3-2_LTR47B2-1_LTR57-16_MER70-2_MER70C-1_LTR76-10_HERVL18-37_LTR18A-24_LTR18C-8_LTR18B-5_LTR17-104_HERV17-116_LTR12-35_HERV9N-36_HERV9-91_LTR12F-34_LTR12C-41_HERV9NC-85_HERV30-18_LTR12D-21_-23_LTR12B-4_HERVL-452_MLT2A2-144_LTR30-14_HERV4-35_LTR27E-8_LTR27D-9_LTR28B-4_LTR1D1-6_LTR28C-4_LTR9D-3_LTR9A1-10_LTR25-2_MER66A-1_MER51E-6_MER51A-16_ERVL-47_E-5_LTR41-1_MER41E-1_MER41C-18_MER66C-1_MER41D-2_LTR6A-17_LTRe-5_LTR15-12_HERV15-14_LTRa-2_B4-34_MER70B-1_HERVE-108_a-30_LTR2C-36_MER57C1-1_LTR39-2_MER83A-1_LTR10B1-10_LTR10G-10_HERVIP10FH-2_LTR10E-1_MER4E-2_MER4B-3_MER101-1_LOR1-4_LTR22-9_LTR5-26_Hs-26_MER110-1_HERVK11D-10_MER11D-10_LTR24-7_PRIMAX-1_MER89-2_MER57C2-1_LTR22C2-2_LTR22C0-17_LTR22E-17_LTR22B1-17_LTR22A-17_LTR22B-4_ERV3-2_16A3-2_MER34D-1_MER34-1_HERVK14-32_LTR14B-16_LTR14A-13_MER11A-13_MER11B-17_LTR5B-17_LTR5A-12_LTR45C-1_MER9B-5_MER9a2-41_MER9a1-29_LTR10B-3_LTR71A-14_HERVP71A-22_LTR71B-7_MLT2D-4_MLT2B4-6_MLT2A1-283_MLT2B2-2_MLT2B1-13_MLT2B3-1_MLT2C1-2_LOR1a-2_LTR3B-28_HERVK3-60_LTR3-12_LTR3A-20_LTRb-1_LTR66-1_HERVL66-1_LTR16-1_MER66D-3_LTR52-4_HERV-12_Fc2-2_Fc1-10_LTR1-4_MER57E3-1_LTR7B-80_LTR7Y-3
Clade_241,LTR7-3_HERVH-3_int-3
ERV_2065012,ERV_2065012_LTR7_HERVH_int
Clade_242,LTR7-2_HERVH-2_int-2
ERV_1312602,ERV_1312602_LTR7_HERVH_int
ERV_2324063,ERV_2324063_LTR7_HERVH_int
Clade_243,LTR7-82_HERVH-216_int-2368_LTR7A-1_MER66-11_MER66B-1_MER50-15_MER52-54_MER52C-1_HERV1-30_LTRd-1_I-50_PABL-37_B-37_LTR9-5_HUERS-51_P3-50_HERVIP10F-43_LTR10A-19_Harlequin-4_LTR2-1_LTR10B2-8_HERVIP10B3-34_HERV3-43_LTR4-12_LTR13-8_HERVK13-9_HERVK11-44_MER11C-18_HERVL32-6_LTR32-4_ERVL47-6_LTR47A2-2_HERVI-13_LTR10D-5_LTR9C-6_P3b-1_LTR9B-1_LTRc-8_LTR61-11_PRIMA41-40_PRIMA4-22_LTR-10_HERVK22-100_MER57A-16_HERVK9-168_MER9a3-83_MER57D-1_ERV24B-17_Prim-39_LTR24B-9_LTR14-6_HERVKC4-8_HERVK-61_ERV24-22_HERVS71-37_LTR6B-20_HERVFH19-14_LTR19B-1_LTR46-22_LTR7C-41_HERVFH21-22_LTR21A-8_LTR21B-7_LTR21C-3_HERVH48-30_MER48-29_MER84-10_LTR14C-12_HERVK14C-12_LTR53-3_LTR47B4-1_LTR47B3-2_LTR47B2-1_LTR57-16_MER70-2_MER70C-1_LTR76-10_HERVL18-37_LTR18A-24_LTR18C-8_LTR18B-5_LTR17-104_HERV17-116_LTR12-35_HERV9N-36_HERV9-91_LTR12F-34_LTR12C-41_HERV9NC-85_HERV30-18_LTR12D-21_-23_LTR12B-4_HERVL-452_MLT2A2-144_LTR30-14_HERV4-35_LTR27E-8_LTR27D-9_LTR28B-4_LTR1D1-6_LTR28C-4_LTR9D-3_LTR9A1-10_LTR25-2_MER66A-1_MER51E-6_MER51A-16_ERVL-47_E-5_LTR41-1_MER41E-1_MER41C-18_MER66C-1_MER41D-2_LTR6A-17_LTRe-5_LTR15-12_HERV15-14_LTRa-2_B4-34_MER70B-1_HERVE-108_a-30_LTR2C-36_MER57C1-1_LTR39-2_MER83A-1_LTR10B1-10_LTR10G-10_HERVIP10FH-2_LTR10E-1_MER4E-2_MER4B-3_MER101-1_LOR1-4_LTR22-9_LTR5-26_Hs-26_MER110-1_HERVK11D-10_MER11D-10_LTR24-7_PRIMAX-1_MER89-2_MER57C2-1_LTR22C2-2_LTR22C0-17_LTR22E-17_LTR22B1-17_LTR22A-17_LTR22B-4_ERV3-2_16A3-2_MER34D-1_MER34-1_HERVK14-32_LTR14B-16_LTR14A-13_MER11A-13_MER11B-17_LTR5B-17_LTR5A-12_LTR45C-1_MER9B-5_MER9a2-41_MER9a1-29_LTR10B-3_LTR71A-14_HERVP71A-22_LTR71B-7_MLT2D-4_MLT2B4-6_MLT2A1-283_MLT2B2-2_MLT2B1-13_MLT2B3-1_MLT2C1-2_LOR1a-2_LTR3B-28_HERVK3-60_LTR3-12_LTR3A-20_LTRb-1_LTR66-1_HERVL66-1_LTR16-1_MER66D-3_LTR52-4_HERV-12_Fc2-2_Fc1-10_LTR1-4_MER57E3-1_LTR7B-80_LTR7Y-3
Clade_244,LTR7-65_HERVH-118_int-2269_LTR7A-1_MER66-11_MER66B-1_MER50-15_MER52-54_MER52C-1_HERV1-30_LTRd-1_I-50_PABL-37_B-37_LTR9-5_HUERS-50_P3-49_HERVIP10F-43_LTR10A-19_Harlequin-4_LTR2-1_LTR10B2-8_HERVIP10B3-34_HERV3-43_LTR4-12_LTR13-8_HERVK13-9_HERVK11-44_MER11C-18_HERVL32-6_LTR32-4_ERVL47-6_LTR47A2-2_HERVI-13_LTR10D-5_LTR9C-6_P3b-1_LTR9B-1_LTRc-8_LTR61-11_PRIMA41-40_PRIMA4-22_LTR-10_HERVK22-100_MER57A-16_HERVK9-168_MER9a3-83_MER57D-1_ERV24B-17_Prim-39_LTR24B-9_LTR14-6_HERVKC4-8_HERVK-61_ERV24-22_HERVS71-37_LTR6B-20_HERVFH19-14_LTR19B-1_LTR46-22_LTR7C-30_HERVFH21-22_LTR21A-8_LTR21B-7_LTR21C-3_HERVH48-30_MER48-29_MER84-10_LTR14C-12_HERVK14C-12_LTR53-3_LTR47B4-1_LTR47B3-2_LTR47B2-1_LTR57-16_MER70-2_MER70C-1_LTR76-10_HERVL18-37_LTR18A-24_LTR18C-8_LTR18B-5_LTR17-104_HERV17-116_LTR12-35_HERV9N-36_HERV9-91_LTR12F-34_LTR12C-41_HERV9NC-85_HERV30-18_LTR12D-21_-23_LTR12B-4_HERVL-452_MLT2A2-144_LTR30-14_HERV4-35_LTR27E-8_LTR27D-9_LTR28B-4_LTR1D1-6_LTR28C-4_LTR9D-3_LTR9A1-10_LTR25-2_MER66A-1_MER51E-6_MER51A-16_ERVL-47_E-5_LTR41-1_MER41E-1_MER41C-18_MER66C-1_MER41D-2_LTR6A-17_LTRe-5_LTR15-12_HERV15-14_LTRa-2_B4-34_MER70B-1_HERVE-108_a-30_LTR2C-36_MER57C1-1_LTR39-2_MER83A-1_LTR10B1-10_LTR10G-10_HERVIP10FH-2_LTR10E-1_MER4E-2_MER4B-3_MER101-1_LOR1-4_LTR22-9_LTR5-26_Hs-26_MER110-1_HERVK11D-10_MER11D-10_LTR24-7_PRIMAX-1_MER89-2_MER57C2-1_LTR22C2-2_LTR22C0-17_LTR22E-17_LTR22B1-17_LTR22A-17_LTR22B-4_ERV3-2_16A3-2_MER34D-1_MER34-1_HERVK14-32_LTR14B-16_LTR14A-13_MER11A-13_MER11B-17_LTR5B-17_LTR5A-12_LTR45C-1_MER9B-5_MER9a2-41_MER9a1-29_LTR10B-3_LTR71A-14_HERVP71A-22_LTR71B-7_MLT2D-4_MLT2B4-6_MLT2A1-283_MLT2B2-2_MLT2B1-13_MLT2B3-1_MLT2C1-2_LOR1a-2_LTR3B-28_HERVK3-60_LTR3-12_LTR3A-20_LTRb-1_LTR66-1_HERVL66-1_LTR16-1_MER66D-3_LTR52-4_HERV-12_Fc2-2_Fc1-10_LTR1-4_MER57E3-1_LTR7B-14_LTR7Y-3
Clade_245,LTR7-55_HERVH-107_int-2258_LTR7A-1_MER66-11_MER66B-1_MER50-15_MER52-54_MER52C-1_HERV1-30_LTRd-1_I-50_PABL-37_B-37_LTR9-5_HUERS-50_P3-49_HERVIP10F-43_LTR10A-19_Harlequin-4_LTR2-1_LTR10B2-8_HERVIP10B3-34_HERV3-43_LTR4-12_LTR13-8_HERVK13-9_HERVK11-44_MER11C-18_HERVL32-6_LTR32-4_ERVL47-6_LTR47A2-2_HERVI-13_LTR10D-5_LTR9C-6_P3b-1_LTR9B-1_LTRc-8_LTR61-11_PRIMA41-40_PRIMA4-22_LTR-10_HERVK22-100_MER57A-16_HERVK9-168_MER9a3-83_MER57D-1_ERV24B-17_Prim-39_LTR24B-9_LTR14-6_HERVKC4-8_HERVK-61_ERV24-22_HERVS71-37_LTR6B-20_HERVFH19-14_LTR19B-1_LTR46-22_LTR7C-30_HERVFH21-22_LTR21A-8_LTR21B-7_LTR21C-3_HERVH48-30_MER48-29_MER84-10_LTR14C-12_HERVK14C-12_LTR53-3_LTR47B4-1_LTR47B3-2_LTR47B2-1_LTR57-16_MER70-2_MER70C-1_LTR76-10_HERVL18-37_LTR18A-24_LTR18C-8_LTR18B-5_LTR17-104_HERV17-116_LTR12-35_HERV9N-36_HERV9-91_LTR12F-34_LTR12C-41_HERV9NC-85_HERV30-18_LTR12D-21_-23_LTR12B-4_HERVL-452_MLT2A2-144_LTR30-14_HERV4-35_LTR27E-8_LTR27D-9_LTR28B-4_LTR1D1-6_LTR28C-4_LTR9D-3_LTR9A1-10_LTR25-2_MER66A-1_MER51E-6_MER51A-16_ERVL-47_E-5_LTR41-1_MER41E-1_MER41C-18_MER66C-1_MER41D-2_LTR6A-17_LTRe-5_LTR15-12_HERV15-14_LTRa-2_B4-34_MER70B-1_HERVE-108_a-30_LTR2C-36_MER57C1-1_LTR39-2_MER83A-1_LTR10B1-10_LTR10G-10_HERVIP10FH-2_LTR10E-1_MER4E-2_MER4B-3_MER101-1_LOR1-4_LTR22-9_LTR5-26_Hs-26_MER110-1_HERVK11D-10_MER11D-10_LTR24-7_PRIMAX-1_MER89-2_MER57C2-1_LTR22C2-2_LTR22C0-17_LTR22E-17_LTR22B1-17_LTR22A-17_LTR22B-4_ERV3-2_16A3-2_MER34D-1_MER34-1_HERVK14-32_LTR14B-16_LTR14A-13_MER11A-13_MER11B-17_LTR5B-17_LTR5A-12_LTR45C-1_MER9B-5_MER9a2-41_MER9a1-29_LTR10B-3_LTR71A-14_HERVP71A-22_LTR71B-7_MLT2D-4_MLT2B4-6_MLT2A1-283_MLT2B2-2_MLT2B1-13_MLT2B3-1_MLT2C1-2_LOR1a-2_LTR3B-28_HERVK3-60_LTR3-12_LTR3A-20_LTRb-1_LTR66-1_HERVL66-1_LTR16-1_MER66D-3_LTR52-4_HERV-12_Fc2-2_Fc1-10_LTR1-4_MER57E3-1_LTR7B-13_LTR7Y-3
ERV_3021827,ERV_3021827_LTR7_HERVH_int_LTR7A
Clade_246,LTR7-54_HERVH-106_int-2257_MER66-11_MER66B-1_MER50-15_MER52-54_MER52C-1_HERV1-30_LTRd-1_I-50_PABL-37_B-37_LTR9-5_HUERS-50_P3-49_HERVIP10F-43_LTR10A-19_Harlequin-4_LTR2-1_LTR10B2-8_HERVIP10B3-34_HERV3-43_LTR4-12_LTR13-8_HERVK13-9_HERVK11-44_MER11C-18_HERVL32-6_LTR32-4_ERVL47-6_LTR47A2-2_HERVI-13_LTR10D-5_LTR9C-6_P3b-1_LTR9B-1_LTRc-8_LTR61-11_PRIMA41-40_PRIMA4-22_LTR-10_HERVK22-100_MER57A-16_HERVK9-168_MER9a3-83_MER57D-1_ERV24B-17_Prim-39_LTR24B-9_LTR14-6_HERVKC4-8_HERVK-61_ERV24-22_HERVS71-37_LTR6B-20_HERVFH19-14_LTR19B-1_LTR46-22_LTR7C-30_HERVFH21-22_LTR21A-8_LTR21B-7_LTR21C-3_HERVH48-30_MER48-29_MER84-10_LTR14C-12_HERVK14C-12_LTR53-3_LTR47B4-1_LTR47B3-2_LTR47B2-1_LTR57-16_MER70-2_MER70C-1_LTR76-10_HERVL18-37_LTR18A-24_LTR18C-8_LTR18B-5_LTR17-104_HERV17-116_LTR12-35_HERV9N-36_HERV9-91_LTR12F-34_LTR12C-41_HERV9NC-85_HERV30-18_LTR12D-21_-23_LTR12B-4_HERVL-452_MLT2A2-144_LTR30-14_HERV4-35_LTR27E-8_LTR27D-9_LTR28B-4_LTR1D1-6_LTR28C-4_LTR9D-3_LTR9A1-10_LTR25-2_MER66A-1_MER51E-6_MER51A-16_ERVL-47_E-5_LTR41-1_MER41E-1_MER41C-18_MER66C-1_MER41D-2_LTR6A-17_LTRe-5_LTR15-12_HERV15-14_LTRa-2_B4-34_MER70B-1_HERVE-108_a-30_LTR2C-36_MER57C1-1_LTR39-2_MER83A-1_LTR10B1-10_LTR10G-10_HERVIP10FH-2_LTR10E-1_MER4E-2_MER4B-3_MER101-1_LOR1-4_LTR22-9_LTR5-26_Hs-26_MER110-1_HERVK11D-10_MER11D-10_LTR24-7_PRIMAX-1_MER89-2_MER57C2-1_LTR22C2-2_LTR22C0-17_LTR22E-17_LTR22B1-17_LTR22A-17_LTR22B-4_ERV3-2_16A3-2_MER34D-1_MER34-1_HERVK14-32_LTR14B-16_LTR14A-13_MER11A-13_MER11B-17_LTR5B-17_LTR5A-12_LTR45C-1_MER9B-5_MER9a2-41_MER9a1-29_LTR10B-3_LTR71A-14_HERVP71A-22_LTR71B-7_MLT2D-4_MLT2B4-6_MLT2A1-283_MLT2B2-2_MLT2B1-13_MLT2B3-1_MLT2C1-2_LOR1a-2_LTR3B-28_HERVK3-60_LTR3-12_LTR3A-20_LTRb-1_LTR66-1_HERVL66-1_LTR16-1_MER66D-3_LTR52-4_HERV-12_Fc2-2_Fc1-10_LTR1-4_MER57E3-1_LTR7B-13_LTR7Y-3
Clade_247,LTR7-52_HERVH-103_int-2254_MER66-11_MER66B-1_MER50-15_MER52-54_MER52C-1_HERV1-30_LTRd-1_I-50_PABL-37_B-37_LTR9-5_HUERS-50_P3-49_HERVIP10F-43_LTR10A-19_Harlequin-4_LTR2-1_LTR10B2-8_HERVIP10B3-34_HERV3-43_LTR4-12_LTR13-8_HERVK13-9_HERVK11-44_MER11C-18_HERVL32-6_LTR32-4_ERVL47-6_LTR47A2-2_HERVI-13_LTR10D-5_LTR9C-6_P3b-1_LTR9B-1_LTRc-8_LTR61-11_PRIMA41-40_PRIMA4-22_LTR-10_HERVK22-100_MER57A-16_HERVK9-168_MER9a3-83_MER57D-1_ERV24B-17_Prim-39_LTR24B-9_LTR14-6_HERVKC4-8_HERVK-61_ERV24-22_HERVS71-37_LTR6B-20_HERVFH19-14_LTR19B-1_LTR46-22_LTR7C-30_HERVFH21-22_LTR21A-8_LTR21B-7_LTR21C-3_HERVH48-30_MER48-29_MER84-10_LTR14C-12_HERVK14C-12_LTR53-3_LTR47B4-1_LTR47B3-2_LTR47B2-1_LTR57-16_MER70-2_MER70C-1_LTR76-10_HERVL18-37_LTR18A-24_LTR18C-8_LTR18B-5_LTR17-104_HERV17-116_LTR12-35_HERV9N-36_HERV9-91_LTR12F-34_LTR12C-41_HERV9NC-85_HERV30-18_LTR12D-21_-23_LTR12B-4_HERVL-452_MLT2A2-144_LTR30-14_HERV4-35_LTR27E-8_LTR27D-9_LTR28B-4_LTR1D1-6_LTR28C-4_LTR9D-3_LTR9A1-10_LTR25-2_MER66A-1_MER51E-6_MER51A-16_ERVL-47_E-5_LTR41-1_MER41E-1_MER41C-18_MER66C-1_MER41D-2_LTR6A-17_LTRe-5_LTR15-12_HERV15-14_LTRa-2_B4-34_MER70B-1_HERVE-108_a-30_LTR2C-36_MER57C1-1_LTR39-2_MER83A-1_LTR10B1-10_LTR10G-10_HERVIP10FH-2_LTR10E-1_MER4E-2_MER4B-3_MER101-1_LOR1-4_LTR22-9_LTR5-26_Hs-26_MER110-1_HERVK11D-10_MER11D-10_LTR24-7_PRIMAX-1_MER89-2_MER57C2-1_LTR22C2-2_LTR22C0-17_LTR22E-17_LTR22B1-17_LTR22A-17_LTR22B-4_ERV3-2_16A3-2_MER34D-1_MER34-1_HERVK14-32_LTR14B-16_LTR14A-13_MER11A-13_MER11B-17_LTR5B-17_LTR5A-12_LTR45C-1_MER9B-5_MER9a2-41_MER9a1-29_LTR10B-3_LTR71A-14_HERVP71A-22_LTR71B-7_MLT2D-4_MLT2B4-6_MLT2A1-283_MLT2B2-2_MLT2B1-13_MLT2B3-1_MLT2C1-2_LOR1a-2_LTR3B-28_HERVK3-60_LTR3-12_LTR3A-20_LTRb-1_LTR66-1_HERVL66-1_LTR16-1_MER66D-3_LTR52-4_HERV-12_Fc2-2_Fc1-10_LTR1-4_MER57E3-1_LTR7B-12_LTR7Y-3
Clade_248,LTR7-2_HERVH-2_int-2
ERV_2564787,ERV_2564787_LTR7_HERVH_int
ERV_3468582,ERV_3468582_LTR7_HERVH_int
Clade_249,MER66-11_int-2252_MER66B-1_MER50-15_MER52-54_MER52C-1_HERV1-30_LTRd-1_I-50_PABL-37_B-37_LTR9-5_HUERS-50_P3-49_HERVIP10F-43_LTR10A-19_Harlequin-4_LTR2-1_LTR10B2-8_HERVIP10B3-34_HERV3-43_LTR4-12_LTR13-8_HERVK13-9_HERVK11-44_MER11C-18_HERVL32-6_LTR32-4_ERVL47-6_LTR47A2-2_HERVI-13_LTR10D-5_LTR9C-6_P3b-1_LTR9B-1_LTRc-8_LTR61-11_PRIMA41-40_PRIMA4-22_LTR-10_HERVK22-100_MER57A-16_HERVK9-168_MER9a3-83_MER57D-1_ERV24B-17_Prim-39_LTR24B-9_LTR14-6_HERVKC4-8_HERVK-61_ERV24-22_HERVS71-37_LTR6B-20_HERVFH19-14_LTR19B-1_LTR46-22_LTR7C-30_HERVH-101_HERVFH21-22_LTR21A-8_LTR21B-7_LTR21C-3_HERVH48-30_MER48-29_MER84-10_LTR14C-12_HERVK14C-12_LTR53-3_LTR47B4-1_LTR47B3-2_LTR47B2-1_LTR57-16_MER70-2_MER70C-1_LTR76-10_HERVL18-37_LTR18A-24_LTR18C-8_LTR18B-5_LTR17-104_HERV17-116_LTR12-35_HERV9N-36_HERV9-91_LTR12F-34_LTR12C-41_HERV9NC-85_HERV30-18_LTR12D-21_-23_LTR12B-4_HERVL-452_MLT2A2-144_LTR30-14_HERV4-35_LTR27E-8_LTR27D-9_LTR28B-4_LTR1D1-6_LTR28C-4_LTR9D-3_LTR9A1-10_LTR25-2_MER66A-1_MER51E-6_MER51A-16_ERVL-47_E-5_LTR41-1_MER41E-1_MER41C-18_MER66C-1_MER41D-2_LTR6A-17_LTRe-5_LTR15-12_HERV15-14_LTRa-2_B4-34_MER70B-1_HERVE-108_a-30_LTR2C-36_MER57C1-1_LTR39-2_MER83A-1_LTR10B1-10_LTR10G-10_HERVIP10FH-2_LTR10E-1_MER4E-2_MER4B-3_MER101-1_LOR1-4_LTR22-9_LTR5-26_Hs-26_MER110-1_HERVK11D-10_MER11D-10_LTR24-7_PRIMAX-1_MER89-2_MER57C2-1_LTR22C2-2_LTR22C0-17_LTR22E-17_LTR22B1-17_LTR22A-17_LTR22B-4_ERV3-2_16A3-2_MER34D-1_MER34-1_HERVK14-32_LTR14B-16_LTR14A-13_MER11A-13_MER11B-17_LTR5B-17_LTR5A-12_LTR45C-1_MER9B-5_MER9a2-41_MER9a1-29_LTR10B-3_LTR71A-14_HERVP71A-22_LTR71B-7_MLT2D-4_MLT2B4-6_MLT2A1-283_MLT2B2-2_MLT2B1-13_MLT2B3-1_MLT2C1-2_LOR1a-2_LTR3B-28_HERVK3-60_LTR3-12_LTR3A-20_LTRb-1_LTR66-1_HERVL66-1_LTR16-1_MER66D-3_LTR52-4_HERV-12_Fc2-2_Fc1-10_LTR1-4_MER57E3-1_LTR7B-12_LTR7-50_LTR7Y-3
Clade_250,MER66-11_int-2167_MER66B-1_MER50-15_MER52-54_MER52C-1_HERV1-30_LTRd-1_I-50_PABL-37_B-37_LTR9-5_HUERS-50_P3-49_HERVIP10F-43_LTR10A-19_Harlequin-4_LTR2-1_LTR10B2-8_HERVIP10B3-34_HERV3-43_LTR4-12_LTR13-8_HERVK13-9_HERVK11-44_MER11C-18_HERVL32-6_LTR32-4_ERVL47-6_LTR47A2-2_HERVI-13_LTR10D-5_LTR9C-6_P3b-1_LTR9B-1_LTRc-8_LTR61-11_PRIMA41-40_PRIMA4-22_LTR-10_HERVK22-100_MER57A-16_HERVK9-168_MER9a3-83_MER57D-1_ERV24B-17_Prim-39_LTR24B-9_LTR14-6_HERVKC4-8_HERVK-61_ERV24-22_HERVS71-37_LTR6B-20_HERVFH19-14_LTR19B-1_LTR46-22_LTR7C-5_HERVH-17_HERVFH21-22_LTR21A-8_LTR21B-7_LTR21C-3_HERVH48-30_MER48-29_MER84-10_LTR14C-12_HERVK14C-12_LTR53-3_LTR47B4-1_LTR47B3-2_LTR47B2-1_LTR57-16_MER70-2_MER70C-1_LTR76-10_HERVL18-37_LTR18A-24_LTR18C-8_LTR18B-5_LTR17-104_HERV17-116_LTR12-35_HERV9N-36_HERV9-91_LTR12F-34_LTR12C-41_HERV9NC-85_HERV30-18_LTR12D-21_-23_LTR12B-4_HERVL-451_MLT2A2-143_LTR30-14_HERV4-35_LTR27E-8_LTR27D-9_LTR28B-4_LTR1D1-6_LTR28C-4_LTR9D-3_LTR9A1-10_LTR25-2_MER66A-1_MER51E-6_MER51A-16_ERVL-47_E-5_LTR41-1_MER41E-1_MER41C-18_MER66C-1_MER41D-2_LTR6A-17_LTRe-5_LTR15-12_HERV15-14_LTRa-2_B4-34_MER70B-1_HERVE-108_a-30_LTR2C-36_MER57C1-1_LTR39-2_MER83A-1_LTR10B1-10_LTR10G-10_HERVIP10FH-2_LTR10E-1_MER4E-2_MER4B-3_MER101-1_LOR1-4_LTR22-9_LTR5-26_Hs-26_MER110-1_HERVK11D-10_MER11D-10_LTR24-7_PRIMAX-1_MER89-2_MER57C2-1_LTR22C2-2_LTR22C0-17_LTR22E-17_LTR22B1-17_LTR22A-17_LTR22B-4_ERV3-2_16A3-2_MER34D-1_MER34-1_HERVK14-32_LTR14B-16_LTR14A-13_MER11A-13_MER11B-17_LTR5B-17_LTR5A-12_LTR45C-1_MER9B-5_MER9a2-41_MER9a1-29_LTR10B-3_LTR71A-14_HERVP71A-22_LTR71B-7_MLT2D-4_MLT2B4-6_MLT2A1-283_MLT2B2-2_MLT2B1-13_MLT2B3-1_MLT2C1-2_LOR1a-2_LTR3B-28_HERVK3-60_LTR3-12_LTR3A-20_LTRb-1_LTR66-1_HERVL66-1_LTR16-1_MER66D-3_LTR52-4_HERV-12_Fc2-2_Fc1-10_LTR1-4_MER57E3-1_LTR7B-1_LTR7-10
Clade_251,MER66-11_int-2158_MER66B-1_MER50-15_MER52-54_MER52C-1_HERV1-30_LTRd-1_I-50_PABL-37_B-37_LTR9-5_HUERS-50_P3-49_HERVIP10F-43_LTR10A-19_Harlequin-4_LTR2-1_LTR10B2-8_HERVIP10B3-34_HERV3-43_LTR4-12_LTR13-8_HERVK13-9_HERVK11-44_MER11C-18_HERVL32-6_LTR32-4_ERVL47-6_LTR47A2-2_HERVI-13_LTR10D-5_LTR9C-6_P3b-1_LTR9B-1_LTRc-8_LTR61-11_PRIMA41-40_PRIMA4-22_LTR-10_HERVK22-100_MER57A-16_HERVK9-168_MER9a3-83_MER57D-1_ERV24B-17_Prim-39_LTR24B-9_LTR14-6_HERVKC4-8_HERVK-61_ERV24-22_HERVS71-37_LTR6B-20_HERVFH19-14_LTR19B-1_LTR46-22_LTR7C-5_HERVH-8_HERVFH21-22_LTR21A-8_LTR21B-7_LTR21C-3_HERVH48-30_MER48-29_MER84-10_LTR14C-12_HERVK14C-12_LTR53-3_LTR47B4-1_LTR47B3-2_LTR47B2-1_LTR57-16_MER70-2_MER70C-1_LTR76-10_HERVL18-37_LTR18A-24_LTR18C-8_LTR18B-5_LTR17-104_HERV17-116_LTR12-35_HERV9N-36_HERV9-91_LTR12F-34_LTR12C-41_HERV9NC-85_HERV30-18_LTR12D-21_-23_LTR12B-4_HERVL-451_MLT2A2-143_LTR30-14_HERV4-35_LTR27E-8_LTR27D-9_LTR28B-4_LTR1D1-6_LTR28C-4_LTR9D-3_LTR9A1-10_LTR25-2_MER66A-1_MER51E-6_MER51A-16_ERVL-47_E-5_LTR41-1_MER41E-1_MER41C-18_MER66C-1_MER41D-2_LTR6A-17_LTRe-5_LTR15-12_HERV15-14_LTRa-2_B4-34_MER70B-1_HERVE-108_a-30_LTR2C-36_MER57C1-1_LTR39-2_MER83A-1_LTR10B1-10_LTR10G-10_HERVIP10FH-2_LTR10E-1_MER4E-2_MER4B-3_MER101-1_LOR1-4_LTR22-9_LTR5-26_Hs-26_MER110-1_HERVK11D-10_MER11D-10_LTR24-7_PRIMAX-1_MER89-2_MER57C2-1_LTR22C2-2_LTR22C0-17_LTR22E-17_LTR22B1-17_LTR22A-17_LTR22B-4_ERV3-2_16A3-2_MER34D-1_MER34-1_HERVK14-32_LTR14B-16_LTR14A-13_MER11A-13_MER11B-17_LTR5B-17_LTR5A-12_LTR45C-1_MER9B-5_MER9a2-41_MER9a1-29_LTR10B-3_LTR71A-14_HERVP71A-22_LTR71B-7_MLT2D-4_MLT2B4-6_MLT2A1-283_MLT2B2-2_MLT2B1-13_MLT2B3-1_MLT2C1-2_LOR1a-2_LTR3B-28_HERVK3-60_LTR3-12_LTR3A-20_LTRb-1_LTR66-1_HERVL66-1_LTR16-1_MER66D-3_LTR52-4_HERV-12_Fc2-2_Fc1-10_LTR1-4_MER57E3-1_LTR7B-1_LTR7-2
Clade_252,MER66-11_int-2155_MER66B-1_MER50-15_MER52-54_MER52C-1_HERV1-30_LTRd-1_I-50_PABL-37_B-37_LTR9-5_HUERS-50_P3-49_HERVIP10F-43_LTR10A-19_Harlequin-4_LTR2-1_LTR10B2-8_HERVIP10B3-34_HERV3-43_LTR4-12_LTR13-8_HERVK13-9_HERVK11-44_MER11C-18_HERVL32-6_LTR32-4_ERVL47-6_LTR47A2-2_HERVI-13_LTR10D-5_LTR9C-6_P3b-1_LTR9B-1_LTRc-8_LTR61-11_PRIMA41-40_PRIMA4-22_LTR-10_HERVK22-100_MER57A-16_HERVK9-168_MER9a3-83_MER57D-1_ERV24B-17_Prim-39_LTR24B-9_LTR14-6_HERVKC4-8_HERVK-61_ERV24-22_HERVS71-37_LTR6B-20_HERVFH19-14_LTR19B-1_LTR46-22_LTR7C-5_HERVH-5_HERVFH21-22_LTR21A-8_LTR21B-7_LTR21C-3_HERVH48-30_MER48-29_MER84-10_LTR14C-12_HERVK14C-12_LTR53-3_LTR47B4-1_LTR47B3-2_LTR47B2-1_LTR57-16_MER70-2_MER70C-1_LTR76-10_HERVL18-37_LTR18A-24_LTR18C-8_LTR18B-5_LTR17-104_HERV17-116_LTR12-35_HERV9N-36_HERV9-91_LTR12F-34_LTR12C-41_HERV9NC-85_HERV30-18_LTR12D-21_-23_LTR12B-4_HERVL-451_MLT2A2-143_LTR30-14_HERV4-35_LTR27E-8_LTR27D-9_LTR28B-4_LTR1D1-6_LTR28C-4_LTR9D-3_LTR9A1-10_LTR25-2_MER66A-1_MER51E-6_MER51A-16_ERVL-47_E-5_LTR41-1_MER41E-1_MER41C-18_MER66C-1_MER41D-2_LTR6A-17_LTRe-5_LTR15-12_HERV15-14_LTRa-2_B4-34_MER70B-1_HERVE-108_a-30_LTR2C-36_MER57C1-1_LTR39-2_MER83A-1_LTR10B1-10_LTR10G-10_HERVIP10FH-2_LTR10E-1_MER4E-2_MER4B-3_MER101-1_LOR1-4_LTR22-9_LTR5-26_Hs-26_MER110-1_HERVK11D-10_MER11D-10_LTR24-7_PRIMAX-1_MER89-2_MER57C2-1_LTR22C2-2_LTR22C0-17_LTR22E-17_LTR22B1-17_LTR22A-17_LTR22B-4_ERV3-2_16A3-2_MER34D-1_MER34-1_HERVK14-32_LTR14B-16_LTR14A-13_MER11A-13_MER11B-17_LTR5B-17_LTR5A-12_LTR45C-1_MER9B-5_MER9a2-41_MER9a1-29_LTR10B-3_LTR71A-14_HERVP71A-22_LTR71B-7_MLT2D-4_MLT2B4-6_MLT2A1-283_MLT2B2-2_MLT2B1-13_MLT2B3-1_MLT2C1-2_LOR1a-2_LTR3B-28_HERVK3-60_LTR3-12_LTR3A-20_LTRb-1_LTR66-1_HERVL66-1_LTR16-1_MER66D-3_LTR52-4_HERV-12_Fc2-2_Fc1-10_LTR1-4_MER57E3-1
Clade_253,MER66-11_int-2147_MER66B-1_MER50-15_MER52-54_MER52C-1_HERV1-30_LTRd-1_I-50_PABL-37_B-37_LTR9-5_HUERS-50_P3-49_HERVIP10F-43_LTR10A-19_Harlequin-4_LTR2-1_LTR10B2-8_HERVIP10B3-34_HERV3-43_LTR4-12_LTR13-8_HERVK13-9_HERVK11-44_MER11C-18_HERVL32-6_LTR32-4_ERVL47-6_LTR47A2-2_HERVI-13_LTR10D-5_LTR9C-6_P3b-1_LTR9B-1_LTRc-8_LTR61-11_PRIMA41-40_PRIMA4-22_LTR-9_HERVK22-100_MER57A-16_HERVK9-168_MER9a3-83_MER57D-1_ERV24B-17_Prim-39_LTR24B-9_LTR14-6_HERVKC4-8_HERVK-61_ERV24-22_HERVS71-37_LTR6B-20_HERVFH19-13_LTR19B-1_LTR46-22_LTR7C-5_HERVH-5_HERVFH21-21_LTR21A-8_LTR21B-6_LTR21C-3_HERVH48-30_MER48-29_MER84-10_LTR14C-12_HERVK14C-12_LTR53-3_LTR47B4-1_LTR47B3-2_LTR47B2-1_LTR57-16_MER70-2_MER70C-1_LTR76-10_HERVL18-37_LTR18A-24_LTR18C-8_LTR18B-5_LTR17-104_HERV17-116_LTR12-35_HERV9N-36_HERV9-91_LTR12F-34_LTR12C-41_HERV9NC-85_HERV30-18_LTR12D-21_-23_LTR12B-4_HERVL-451_MLT2A2-143_LTR30-14_HERV4-35_LTR27E-8_LTR27D-9_LTR28B-4_LTR1D1-6_LTR28C-4_LTR9D-3_LTR9A1-10_LTR25-2_MER66A-1_MER51E-6_MER51A-16_ERVL-47_E-5_LTR41-1_MER41E-1_MER41C-18_MER66C-1_MER41D-2_LTR6A-17_LTRe-5_LTR15-12_HERV15-14_LTRa-2_B4-34_MER70B-1_HERVE-108_a-30_LTR2C-36_MER57C1-1_LTR39-2_MER83A-1_LTR10B1-10_LTR10G-10_HERVIP10FH-2_LTR10E-1_MER4E-2_MER4B-3_MER101-1_LOR1-4_LTR22-9_LTR5-26_Hs-26_MER110-1_HERVK11D-10_MER11D-10_LTR24-7_PRIMAX-1_MER89-2_MER57C2-1_LTR22C2-2_LTR22C0-17_LTR22E-17_LTR22B1-17_LTR22A-17_LTR22B-4_ERV3-2_16A3-2_MER34D-1_MER34-1_HERVK14-32_LTR14B-16_LTR14A-13_MER11A-13_MER11B-17_LTR5B-17_LTR5A-12_LTR45C-1_MER9B-5_MER9a2-41_MER9a1-29_LTR10B-3_LTR71A-14_HERVP71A-22_LTR71B-7_MLT2D-4_MLT2B4-6_MLT2A1-283_MLT2B2-2_MLT2B1-13_MLT2B3-1_MLT2C1-2_LOR1a-2_LTR3B-28_HERVK3-60_LTR3-11_LTR3A-20_LTRb-1_LTR66-1_HERVL66-1_LTR16-1_MER66D-3_LTR52-4
Clade_254,MER66-11_int-2135_MER66B-1_MER50-15_MER52-54_MER52C-1_HERV1-30_LTRd-1_I-50_PABL-37_B-37_LTR9-5_HUERS-50_P3-49_HERVIP10F-43_LTR10A-19_Harlequin-4_LTR2-1_LTR10B2-8_HERVIP10B3-34_HERV3-43_LTR4-12_LTR13-8_HERVK13-9_HERVK11-44_MER11C-18_HERVL32-6_LTR32-4_ERVL47-6_LTR47A2-2_HERVI-13_LTR10D-5_LTR9C-6_P3b-1_LTR9B-1_LTRc-8_LTR61-11_PRIMA41-40_PRIMA4-22_LTR-9_HERVK22-100_MER57A-16_HERVK9-168_MER9a3-83_MER57D-1_ERV24B-17_Prim-39_LTR24B-9_LTR14-6_HERVKC4-8_HERVK-61_ERV24-22_HERVS71-25_LTR6B-10_HERVFH19-13_LTR19B-1_LTR46-22_LTR7C-5_HERVH-5_HERVFH21-21_LTR21A-8_LTR21B-6_LTR21C-3_HERVH48-30_MER48-29_MER84-10_LTR14C-12_HERVK14C-12_LTR53-3_LTR47B4-1_LTR47B3-2_LTR47B2-1_LTR57-16_MER70-2_MER70C-1_LTR76-10_HERVL18-37_LTR18A-24_LTR18C-8_LTR18B-5_LTR17-104_HERV17-116_LTR12-35_HERV9N-36_HERV9-91_LTR12F-34_LTR12C-41_HERV9NC-85_HERV30-18_LTR12D-21_-23_LTR12B-4_HERVL-451_MLT2A2-143_LTR30-14_HERV4-35_LTR27E-8_LTR27D-9_LTR28B-4_LTR1D1-6_LTR28C-4_LTR9D-3_LTR9A1-10_LTR25-2_MER66A-1_MER51E-6_MER51A-16_ERVL-47_E-5_LTR41-1_MER41E-1_MER41C-18_MER66C-1_MER41D-2_LTR6A-15_LTRe-5_LTR15-12_HERV15-14_LTRa-2_B4-34_MER70B-1_HERVE-108_a-30_LTR2C-36_MER57C1-1_LTR39-2_MER83A-1_LTR10B1-10_LTR10G-10_HERVIP10FH-2_LTR10E-1_MER4E-2_MER4B-3_MER101-1_LOR1-4_LTR22-9_LTR5-26_Hs-26_MER110-1_HERVK11D-10_MER11D-10_LTR24-7_PRIMAX-1_MER89-2_MER57C2-1_LTR22C2-2_LTR22C0-17_LTR22E-17_LTR22B1-17_LTR22A-17_LTR22B-4_ERV3-2_16A3-2_MER34D-1_MER34-1_HERVK14-32_LTR14B-16_LTR14A-13_MER11A-13_MER11B-17_LTR5B-17_LTR5A-12_LTR45C-1_MER9B-5_MER9a2-41_MER9a1-29_LTR10B-3_LTR71A-14_HERVP71A-22_LTR71B-7_MLT2D-4_MLT2B4-6_MLT2A1-283_MLT2B2-2_MLT2B1-13_MLT2B3-1_MLT2C1-2_LOR1a-2_LTR3B-28_HERVK3-60_LTR3-11_LTR3A-20_LTRb-1_LTR66-1_HERVL66-1_LTR16-1_MER66D-3_LTR52-4
ERV_4124264,ERV_4124264_MER66_int_MER66B
Clade_255,MER50-15_int-2134_MER52-54_MER52C-1_HERV1-30_LTRd-1_I-50_PABL-37_B-37_LTR9-5_HUERS-50_P3-49_HERVIP10F-43_LTR10A-19_Harlequin-4_LTR2-1_LTR10B2-8_HERVIP10B3-34_HERV3-43_LTR4-12_LTR13-8_HERVK13-9_HERVK11-44_MER11C-18_HERVL32-6_LTR32-4_ERVL47-6_LTR47A2-2_HERVI-13_LTR10D-5_LTR9C-6_P3b-1_LTR9B-1_LTRc-8_LTR61-11_PRIMA41-40_PRIMA4-22_LTR-9_HERVK22-100_MER57A-16_HERVK9-168_MER9a3-83_MER57D-1_ERV24B-17_Prim-39_LTR24B-9_LTR14-6_HERVKC4-8_HERVK-61_ERV24-22_HERVS71-25_LTR6B-10_HERVFH19-13_LTR19B-1_LTR46-22_LTR7C-5_HERVH-5_HERVFH21-21_LTR21A-8_LTR21B-6_LTR21C-3_HERVH48-30_MER48-29_MER84-10_LTR14C-12_HERVK14C-12_LTR53-3_LTR47B4-1_LTR47B3-2_LTR47B2-1_LTR57-16_MER70-2_MER70C-1_LTR76-10_HERVL18-37_LTR18A-24_LTR18C-8_LTR18B-5_LTR17-104_HERV17-116_LTR12-35_HERV9N-36_HERV9-91_LTR12F-34_LTR12C-41_HERV9NC-85_HERV30-18_LTR12D-21_-23_LTR12B-4_HERVL-451_MLT2A2-143_LTR30-14_HERV4-35_LTR27E-8_LTR27D-9_LTR28B-4_LTR1D1-6_LTR28C-4_LTR9D-3_LTR9A1-10_LTR25-2_MER66A-1_MER66-10_MER51E-6_MER51A-16_ERVL-47_E-5_LTR41-1_MER41E-1_MER41C-18_MER66C-1_MER41D-2_LTR6A-15_LTRe-5_LTR15-12_HERV15-14_LTRa-2_B4-34_MER70B-1_HERVE-108_a-30_LTR2C-36_MER57C1-1_LTR39-2_MER83A-1_LTR10B1-10_LTR10G-10_HERVIP10FH-2_LTR10E-1_MER4E-2_MER4B-3_MER101-1_LOR1-4_LTR22-9_LTR5-26_Hs-26_MER110-1_HERVK11D-10_MER11D-10_LTR24-7_PRIMAX-1_MER89-2_MER57C2-1_LTR22C2-2_LTR22C0-17_LTR22E-17_LTR22B1-17_LTR22A-17_LTR22B-4_ERV3-2_16A3-2_MER34D-1_MER34-1_HERVK14-32_LTR14B-16_LTR14A-13_MER11A-13_MER11B-17_LTR5B-17_LTR5A-12_LTR45C-1_MER9B-5_MER9a2-41_MER9a1-29_LTR10B-3_LTR71A-14_HERVP71A-22_LTR71B-7_MLT2D-4_MLT2B4-6_MLT2A1-283_MLT2B2-2_MLT2B1-13_MLT2B3-1_MLT2C1-2_LOR1a-2_LTR3B-28_HERVK3-60_LTR3-11_LTR3A-20_LTRb-1_LTR66-1_HERVL66-1_LTR16-1_MER66D-3_LTR52-4
Clade_256,MER50-15_int-2131_MER52-54_MER52C-1_HERV1-30_LTRd-1_I-50_PABL-37_B-37_LTR9-5_HUERS-50_P3-49_HERVIP10F-43_LTR10A-19_Harlequin-4_LTR2-1_LTR10B2-8_HERVIP10B3-34_HERV3-43_LTR4-12_LTR13-8_HERVK13-9_HERVK11-44_MER11C-18_HERVL32-6_LTR32-4_ERVL47-6_LTR47A2-2_HERVI-13_LTR10D-5_LTR9C-6_P3b-1_LTR9B-1_LTRc-8_LTR61-11_PRIMA41-40_PRIMA4-22_LTR-9_HERVK22-100_MER57A-16_HERVK9-168_MER9a3-83_MER57D-1_ERV24B-17_Prim-39_LTR24B-9_LTR14-6_HERVKC4-8_HERVK-61_ERV24-22_HERVS71-25_LTR6B-10_HERVFH19-13_LTR19B-1_LTR46-22_LTR7C-5_HERVH-5_HERVFH21-21_LTR21A-8_LTR21B-6_LTR21C-3_HERVH48-30_MER48-29_MER84-10_LTR14C-12_HERVK14C-12_LTR53-3_LTR47B4-1_LTR47B3-2_LTR47B2-1_LTR57-16_MER70-2_MER70C-1_LTR76-10_HERVL18-36_LTR18A-23_LTR18C-8_LTR18B-5_LTR17-104_HERV17-116_LTR12-35_HERV9N-36_HERV9-91_LTR12F-34_LTR12C-41_HERV9NC-85_HERV30-18_LTR12D-21_-23_LTR12B-4_HERVL-451_MLT2A2-143_LTR30-14_HERV4-35_LTR27E-8_LTR27D-9_LTR28B-4_LTR1D1-6_LTR28C-4_LTR9D-3_LTR9A1-10_LTR25-2_MER66A-1_MER66-10_MER51E-6_MER51A-16_ERVL-47_E-5_LTR41-1_MER41E-1_MER41C-18_MER66C-1_MER41D-2_LTR6A-15_LTRe-5_LTR15-12_HERV15-14_LTRa-2_B4-34_MER70B-1_HERVE-108_a-30_LTR2C-36_MER57C1-1_LTR39-2_MER83A-1_LTR10B1-10_LTR10G-10_HERVIP10FH-2_LTR10E-1_MER4E-2_MER4B-3_MER101-1_LOR1-4_LTR22-9_LTR5-26_Hs-26_MER110-1_HERVK11D-10_MER11D-10_LTR24-7_PRIMAX-1_MER89-2_MER57C2-1_LTR22C2-2_LTR22C0-17_LTR22E-17_LTR22B1-17_LTR22A-17_LTR22B-4_ERV3-2_16A3-2_MER34D-1_MER34-1_HERVK14-32_LTR14B-16_LTR14A-13_MER11A-13_MER11B-17_LTR5B-17_LTR5A-12_LTR45C-1_MER9B-5_MER9a2-41_MER9a1-29_LTR10B-3_LTR71A-14_HERVP71A-22_LTR71B-7_MLT2D-4_MLT2B4-6_MLT2A1-283_MLT2B2-2_MLT2B1-13_MLT2B3-1_MLT2C1-2_LOR1a-2_LTR3B-28_HERVK3-60_LTR3-11_LTR3A-20_LTRb-1_LTR66-1_HERVL66-1_LTR16-1_MER66D-3
Clade_257,MER50-2_int-2_MER52-1_MER52C-1
ERV_3319200,ERV_3319200_MER50_int_MER50
ERV_1049718,ERV_1049718_MER52_int_MER52C
Clade_258,HERV1-30_LTRd-1_I-50_int-2129_PABL-37_B-37_LTR9-5_HUERS-50_P3-49_HERVIP10F-43_LTR10A-19_Harlequin-4_LTR2-1_LTR10B2-8_HERVIP10B3-34_HERV3-43_LTR4-12_LTR13-8_HERVK13-9_HERVK11-44_MER11C-18_HERVL32-6_LTR32-4_ERVL47-6_LTR47A2-2_HERVI-13_LTR10D-5_LTR9C-6_P3b-1_LTR9B-1_LTRc-8_LTR61-11_PRIMA41-40_PRIMA4-22_LTR-9_HERVK22-100_MER57A-16_HERVK9-168_MER9a3-83_MER57D-1_ERV24B-17_Prim-39_LTR24B-9_LTR14-6_HERVKC4-8_HERVK-61_ERV24-22_HERVS71-25_LTR6B-10_HERVFH19-13_LTR19B-1_LTR46-22_LTR7C-5_HERVH-5_HERVFH21-21_LTR21A-8_LTR21B-6_LTR21C-3_HERVH48-30_MER48-29_MER84-10_LTR14C-12_HERVK14C-12_LTR53-3_LTR47B4-1_LTR47B3-2_LTR47B2-1_LTR57-16_MER70-2_MER70C-1_LTR76-10_HERVL18-36_LTR18A-23_LTR18C-8_LTR18B-5_LTR17-104_HERV17-116_LTR12-35_HERV9N-36_HERV9-91_LTR12F-34_LTR12C-41_HERV9NC-85_HERV30-18_LTR12D-21_-23_LTR12B-4_HERVL-451_MLT2A2-143_LTR30-14_HERV4-35_LTR27E-8_MER52-53_LTR27D-9_LTR28B-4_LTR1D1-6_LTR28C-4_LTR9D-3_LTR9A1-10_LTR25-2_MER66A-1_MER66-10_MER51E-6_MER51A-16_ERVL-47_E-5_LTR41-1_MER41E-1_MER41C-18_MER66C-1_MER41D-2_LTR6A-15_LTRe-5_LTR15-12_HERV15-14_LTRa-2_B4-34_MER70B-1_HERVE-108_a-30_LTR2C-36_MER57C1-1_LTR39-2_MER50-13_MER83A-1_LTR10B1-10_LTR10G-10_HERVIP10FH-2_LTR10E-1_MER4E-2_MER4B-3_MER101-1_LOR1-4_LTR22-9_LTR5-26_Hs-26_MER110-1_HERVK11D-10_MER11D-10_LTR24-7_PRIMAX-1_MER89-2_MER57C2-1_LTR22C2-2_LTR22C0-17_LTR22E-17_LTR22B1-17_LTR22A-17_LTR22B-4_ERV3-2_16A3-2_MER34D-1_MER34-1_HERVK14-32_LTR14B-16_LTR14A-13_MER11A-13_MER11B-17_LTR5B-17_LTR5A-12_LTR45C-1_MER9B-5_MER9a2-41_MER9a1-29_LTR10B-3_LTR71A-14_HERVP71A-22_LTR71B-7_MLT2D-4_MLT2B4-6_MLT2A1-283_MLT2B2-2_MLT2B1-13_MLT2B3-1_MLT2C1-2_LOR1a-2_LTR3B-28_HERVK3-60_LTR3-11_LTR3A-20_LTRb-1_LTR66-1_HERVL66-1_LTR16-1_MER66D-3
Clade_259,HERV1-2_LTRd-1_I-1_int-4_PABL-2_B-2_LTR9-1_HUERS-1_P3-1_HERVIP10F-1_LTR10A-1
Clade_260,HERV1-2_LTRd-1_I-1_int-2_PABL-2_B-2
ERV_4444429,ERV_4444429_HERV1_LTRd_HERV1_I_int
ERV_4115284,ERV_4115284_PABL_B_int_PABL_B
Clade_261,LTR9-1_HUERS-1_P3-1_int-2_HERVIP10F-1_LTR10A-1
ERV_3220100,ERV_3220100_LTR9_HUERS_P3_int
ERV_1201327,ERV_1201327_HERVIP10F_int_LTR10A
Clade_262,Harlequin-4_int-2125_LTR2-1_LTR10B2-8_HERVIP10B3-34_HERV3-43_LTR4-12_PABL-35_B-35_LTR13-8_HERVK13-9_HERVK11-44_MER11C-18_HERVL32-6_LTR32-4_ERVL47-6_LTR47A2-2_HERVI-13_LTR10D-5_HUERS-49_P3-48_LTR9C-6_P3b-1_LTR9B-1_HERV1-28_LTRc-8_I-49_LTR61-11_PRIMA41-40_PRIMA4-22_LTR-9_HERVK22-100_MER57A-16_HERVK9-168_MER9a3-83_MER57D-1_ERV24B-17_Prim-39_LTR24B-9_LTR14-6_HERVKC4-8_HERVK-61_ERV24-22_HERVS71-25_LTR6B-10_HERVFH19-13_LTR19B-1_LTR46-22_LTR7C-5_HERVH-5_HERVFH21-21_LTR21A-8_LTR21B-6_LTR21C-3_HERVH48-30_MER48-29_MER84-10_LTR14C-12_HERVK14C-12_LTR53-3_LTR47B4-1_LTR47B3-2_LTR47B2-1_LTR57-16_MER70-2_MER70C-1_LTR76-10_HERVL18-36_LTR18A-23_LTR18C-8_LTR18B-5_LTR17-104_HERV17-116_LTR12-35_HERV9N-36_HERV9-91_LTR12F-34_LTR12C-41_HERV9NC-85_HERV30-18_LTR12D-21_-23_LTR12B-4_HERVL-451_MLT2A2-143_LTR30-14_HERV4-35_LTR27E-8_MER52-53_LTR27D-9_LTR28B-4_LTR1D1-6_LTR28C-4_LTR9D-3_LTR9-4_LTR9A1-10_LTR25-2_MER66A-1_MER66-10_MER51E-6_MER51A-16_ERVL-47_E-5_LTR41-1_MER41E-1_MER41C-18_MER66C-1_MER41D-2_LTR6A-15_LTRe-5_LTR15-12_HERV15-14_LTRa-2_B4-34_MER70B-1_HERVE-108_a-30_LTR2C-36_MER57C1-1_LTR39-2_HERVIP10F-42_LTR10A-18_MER50-13_MER83A-1_LTR10B1-10_LTR10G-10_HERVIP10FH-2_LTR10E-1_MER4E-2_MER4B-3_MER101-1_LOR1-4_LTR22-9_LTR5-26_Hs-26_MER110-1_HERVK11D-10_MER11D-10_LTR24-7_PRIMAX-1_MER89-2_MER57C2-1_LTR22C2-2_LTR22C0-17_LTR22E-17_LTR22B1-17_LTR22A-17_LTR22B-4_ERV3-2_16A3-2_MER34D-1_MER34-1_HERVK14-32_LTR14B-16_LTR14A-13_MER11A-13_MER11B-17_LTR5B-17_LTR5A-12_LTR45C-1_MER9B-5_MER9a2-41_MER9a1-29_LTR10B-3_LTR71A-14_HERVP71A-22_LTR71B-7_MLT2D-4_MLT2B4-6_MLT2A1-283_MLT2B2-2_MLT2B1-13_MLT2B3-1_MLT2C1-2_LOR1a-2_LTR3B-28_HERVK3-60_LTR3-11_LTR3A-20_LTRb-1_LTR66-1_HERVL66-1_LTR16-1_MER66D-3
Clade_263,Harlequin-1_int-4_LTR2-1_LTR10B2-1_HERVIP10B3-1_HERV3-1_LTR4-1_PABL-1_B-1
ERV_3668599,ERV_3668599_Harlequin_int_LTR2
Clade_264,LTR10B2-1_HERVIP10B3-1_int-3_HERV3-1_LTR4-1_PABL-1_B-1
ERV_2594249,ERV_2594249_LTR10B2_HERVIP10B3_int
Clade_265,HERV3-1_int-2_LTR4-1_PABL-1_B-1
ERV_1237465,ERV_1237465_HERV3_int_LTR4
ERV_2878063,ERV_2878063_PABL_B_int
Clade_266,LTR13-8_HERVK13-9_int-2121_HERVK11-44_MER11C-18_HERVL32-6_LTR32-4_ERVL47-6_LTR47A2-2_HERVI-13_LTR10D-5_HUERS-49_P3-48_LTR9C-6_P3b-1_LTR9B-1_HERV1-28_LTRc-8_I-49_HERV3-42_LTR61-11_PRIMA41-40_PRIMA4-22_LTR-9_HERVK22-100_MER57A-16_HERVK9-168_MER9a3-83_MER57D-1_ERV24B-17_Prim-39_LTR24B-9_LTR14-6_HERVKC4-8_HERVK-61_ERV24-22_HERVS71-25_LTR6B-10_HERVFH19-13_LTR19B-1_LTR46-22_LTR7C-5_HERVH-5_HERVFH21-21_LTR21A-8_LTR21B-6_LTR21C-3_HERVH48-30_MER48-29_MER84-10_LTR14C-12_HERVK14C-12_LTR53-3_LTR47B4-1_LTR47B3-2_LTR47B2-1_LTR57-16_MER70-2_MER70C-1_LTR76-10_HERVL18-36_LTR18A-23_LTR18C-8_LTR18B-5_LTR17-104_HERV17-116_LTR12-35_HERV9N-36_HERV9-91_LTR12F-34_LTR12C-41_HERV9NC-85_HERV30-18_LTR12D-21_-23_LTR12B-4_HERVL-451_MLT2A2-143_LTR30-14_HERV4-35_LTR27E-8_MER52-53_LTR27D-9_LTR28B-4_LTR1D1-6_LTR28C-4_LTR9D-3_LTR9-4_LTR9A1-10_LTR25-2_MER66A-1_MER66-10_MER51E-6_MER51A-16_ERVL-47_E-5_LTR41-1_MER41E-1_MER41C-18_MER66C-1_MER41D-2_PABL-34_B-34_LTR6A-15_LTR4-11_LTRe-5_LTR15-12_HERV15-14_LTRa-2_B4-34_MER70B-1_HERVE-108_a-30_LTR2C-36_Harlequin-3_MER57C1-1_LTR39-2_HERVIP10F-42_LTR10A-18_MER50-13_MER83A-1_HERVIP10B3-33_LTR10B1-10_LTR10G-10_LTR10B2-7_HERVIP10FH-2_LTR10E-1_MER4E-2_MER4B-3_MER101-1_LOR1-4_LTR22-9_LTR5-26_Hs-26_MER110-1_HERVK11D-10_MER11D-10_LTR24-7_PRIMAX-1_MER89-2_MER57C2-1_LTR22C2-2_LTR22C0-17_LTR22E-17_LTR22B1-17_LTR22A-17_LTR22B-4_ERV3-2_16A3-2_MER34D-1_MER34-1_HERVK14-32_LTR14B-16_LTR14A-13_MER11A-13_MER11B-17_LTR5B-17_LTR5A-12_LTR45C-1_MER9B-5_MER9a2-41_MER9a1-29_LTR10B-3_LTR71A-14_HERVP71A-22_LTR71B-7_MLT2D-4_MLT2B4-6_MLT2A1-283_MLT2B2-2_MLT2B1-13_MLT2B3-1_MLT2C1-2_LOR1a-2_LTR3B-28_HERVK3-60_LTR3-11_LTR3A-20_LTRb-1_LTR66-1_HERVL66-1_LTR16-1_MER66D-3
Clade_267,LTR13-1_HERVK13-1_int-25_HERVK11-4_MER11C-4_HERVL32-1_LTR32-1_ERVL47-2_LTR47A2-2_HERVI-2_LTR10D-2_HUERS-7_P3-6_LTR9C-4_P3b-1_LTR9B-1_HERV1-2_LTRc-1_I-1_HERV3-7_LTR61-6
Clade_268,LTR13-1_HERVK13-1_int-10_HERVK11-4_MER11C-4_HERVL32-1_LTR32-1_ERVL47-2_LTR47A2-2_HERVI-2_LTR10D-2
Clade_269,LTR13-1_HERVK13-1_int-8_HERVK11-4_MER11C-4_HERVL32-1_LTR32-1_ERVL47-2_LTR47A2-2
Clade_270,LTR13-1_HERVK13-1_int-5_HERVK11-4_MER11C-4
ERV_4069850,ERV_4069850_LTR13_HERVK13_int
Clade_271,HERVK11-4_int-4_MER11C-4
ERV_2948050,ERV_2948050_HERVK11_int_MER11C
Clade_272,HERVK11-3_int-3_MER11C-3
ERV_3922760,ERV_3922760_HERVK11_int_MER11C
Clade_273,HERVK11-2_int-2_MER11C-2
ERV_3798841,ERV_3798841_HERVK11_int_MER11C
ERV_3926093,ERV_3926093_HERVK11_int_MER11C
Clade_274,HERVL32-1_int-3_LTR32-1_ERVL47-2_LTR47A2-2
ERV_2062422,ERV_2062422_HERVL32_int_LTR32
Clade_275,ERVL47-2_int-2_LTR47A2-2
ERV_3439800,ERV_3439800_ERVL47_int_LTR47A2
ERV_1019087,ERV_1019087_ERVL47_int_LTR47A2
Clade_276,HERVI-2_int-2_LTR10D-2
ERV_3382531,ERV_3382531_HERVI_int_LTR10D
ERV_3673342,ERV_3673342_HERVI_int_LTR10D
Clade_277,HUERS-7_P3-6_int-15_LTR9C-4_P3b-1_LTR9B-1_HERV1-2_LTRc-1_I-1_HERV3-7_LTR61-6
ERV_3037876,ERV_3037876_HUERS_P3_int
Clade_278,HUERS-6_P3-5_int-14_LTR9C-4_P3b-1_LTR9B-1_HERV1-2_LTRc-1_I-1_HERV3-7_LTR61-6
Clade_279,HUERS-6_P3-5_int-6_LTR9C-4_P3b-1_LTR9B-1
ERV_1855497,ERV_1855497_HUERS_P3_int_LTR9C
Clade_280,HUERS-5_P3-4_int-5_LTR9C-3_P3b-1_LTR9B-1
ERV_1836933,ERV_1836933_HUERS_P3_int_LTR9C
Clade_281,HUERS-4_P3b-1_int-4_LTR9B-1_P3-3_LTR9C-2
ERV_2639446,ERV_2639446_HUERS_P3b_int_LTR9B
Clade_282,HUERS-3_P3-3_int-3_LTR9C-2
ERV_4243991,ERV_4243991_HUERS_P3_int
Clade_283,HUERS-2_P3-2_int-2_LTR9C-2
ERV_3333563,ERV_3333563_HUERS_P3_int_LTR9C
ERV_2984270,ERV_2984270_HUERS_P3_int_LTR9C
Clade_284,HERV1-2_LTRc-1_I-1_int-8_HERV3-7_LTR61-6
ERV_3012050,ERV_3012050_HERV1_LTRc_HERV1_I_int
Clade_285,HERV3-7_int-7_LTR61-6
Clade_286,HERV3-5_int-5_LTR61-4
ERV_4192981,ERV_4192981_HERV3_int_LTR61
Clade_287,HERV3-4_int-4_LTR61-3
ERV_1131539,ERV_1131539_HERV3_int_LTR61
Clade_288,HERV3-3_int-3_LTR61-2
ERV_1822894,ERV_1822894_HERV3_int_LTR61
Clade_289,HERV3-2_int-2_LTR61-1
ERV_3461428,ERV_3461428_HERV3_int
ERV_3363586,ERV_3363586_HERV3_int_LTR61
Clade_290,HERV3-2_int-2_LTR61-2
ERV_1875581,ERV_1875581_HERV3_int_LTR61
ERV_1060650,ERV_1060650_HERV3_int_LTR61
Clade_291,PRIMA41-40_int-2096_PRIMA4-22_LTR-9_HERVK22-100_MER57A-16_HERVK9-168_MER9a3-83_LTR13-7_HERVK13-8_MER57D-1_ERV24B-17_Prim-39_LTR24B-9_LTR14-6_HERVKC4-8_HERVK-61_ERV24-22_HERVS71-25_LTR6B-10_HERVFH19-13_LTR19B-1_LTR46-22_LTR7C-5_HERVH-5_HERVFH21-21_LTR21A-8_LTR21B-6_LTR21C-3_HERVH48-30_MER48-29_MER84-10_LTR14C-12_HERVK14C-12_HERVL32-5_LTR32-3_LTR53-3_ERVL47-4_LTR47B4-1_LTR47B3-2_LTR47B2-1_LTR57-16_MER70-2_MER70C-1_HERV3-35_LTR76-10_HERVL18-36_LTR18A-23_LTR18C-8_LTR18B-5_LTR17-104_HERV17-116_LTR12-35_HERV9N-36_HERV9-91_LTR12F-34_LTR12C-41_HERV9NC-85_HERV30-18_LTR12D-21_-23_LTR12B-4_HERVL-451_MLT2A2-143_LTR30-14_HERV4-35_I-48_LTR27E-8_MER52-53_LTR27D-9_LTR28B-4_LTR1D1-6_LTR28C-4_HUERS-42_P3-42_LTR9D-3_LTR9-4_LTR9C-2_LTR9A1-10_LTR25-2_MER66A-1_MER66-10_MER51E-6_MER51A-16_ERVL-47_E-5_LTR41-1_MER41E-1_MER41C-18_MER66C-1_MER41D-2_PABL-34_B-34_LTR6A-15_LTR4-11_LTR61-5_HERV1-26_LTRe-5_LTR15-12_HERV15-14_LTRc-7_LTRa-2_B4-34_MER70B-1_HERVE-108_a-30_LTR2C-36_Harlequin-3_MER57C1-1_LTR39-2_HERVIP10F-42_LTR10A-18_MER50-13_MER83A-1_HERVIP10B3-33_LTR10B1-10_LTR10G-10_LTR10B2-7_HERVI-11_LTR10D-3_HERVIP10FH-2_LTR10E-1_MER4E-2_MER4B-3_MER101-1_LOR1-4_LTR22-9_LTR5-26_Hs-26_MER110-1_HERVK11D-10_MER11D-10_LTR24-7_PRIMAX-1_MER89-2_MER57C2-1_LTR22C2-2_LTR22C0-17_LTR22E-17_LTR22B1-17_LTR22A-17_LTR22B-4_ERV3-2_16A3-2_MER34D-1_MER34-1_HERVK14-32_LTR14B-16_LTR14A-13_HERVK11-40_MER11A-13_MER11C-14_MER11B-17_LTR5B-17_LTR5A-12_LTR45C-1_MER9B-5_MER9a2-41_MER9a1-29_LTR10B-3_LTR71A-14_HERVP71A-22_LTR71B-7_MLT2D-4_MLT2B4-6_MLT2A1-283_MLT2B2-2_MLT2B1-13_MLT2B3-1_MLT2C1-2_LOR1a-2_LTR3B-28_HERVK3-60_LTR3-11_LTR3A-20_LTRb-1_LTR66-1_HERVL66-1_LTR16-1_MER66D-3
Clade_292,PRIMA41-38_int-1044_PRIMA4-12_LTR-5_HERVK22-8_MER57A-15_HERVK9-1_MER9a3-1_LTR13-4_HERVK13-5_MER57D-1_ERV24B-17_Prim-38_LTR24B-9_LTR14-1_HERVKC4-1_HERVK-4_ERV24-21_HERVS71-24_LTR6B-10_HERVFH19-12_LTR19B-1_LTR46-22_LTR7C-5_HERVH-5_HERVFH21-21_LTR21A-8_LTR21B-6_LTR21C-3_HERVH48-30_MER48-29_MER84-10_LTR14C-1_HERVK14C-1_HERVL32-5_LTR32-3_LTR53-1_ERVL47-3_LTR47B4-1_LTR47B3-1_LTR47B2-1_LTR57-16_MER70-2_MER70C-1_HERV3-35_LTR76-10_HERVL18-36_LTR18A-23_LTR18C-8_LTR18B-5_LTR17-104_HERV17-116_LTR12-35_HERV9N-36_HERV9-91_LTR12F-34_LTR12C-41_HERV9NC-85_HERV30-18_LTR12D-21_-16_LTR12B-4_HERVL-1_MLT2A2-1_LTR30-14_HERV4-29_I-38_LTR27E-8_MER52-52_LTR27D-8_LTR28B-4_LTR1D1-6_LTR28C-4_HUERS-42_P3-42_LTR9D-3_LTR9-4_LTR9C-2_LTR9A1-10_LTR25-2_MER66A-1_MER66-7_MER51E-4_MER51A-12_ERVL-3_E-2_LTR41-1_MER41E-1_MER41C-18_MER66C-1_MER41D-2_PABL-33_B-33_LTR6A-14_LTR4-11_LTR61-5_HERV1-23_LTRe-5_LTR15-12_HERV15-14_LTRc-7_LTRa-2_B4-1_MER70B-1_HERVE-108_a-30_LTR2C-36_Harlequin-2_MER57C1-1_LTR39-2_HERVIP10F-30_LTR10A-14_MER50-9_MER83A-1_HERVIP10B3-17_LTR10B1-4_LTR10G-8_LTR10B2-2_HERVI-9_LTR10D-3_HERVIP10FH-2_LTR10E-1_MER4E-2_MER4B-3_MER101-1_LOR1-1_LTR22-4_LTR5-1_Hs-1_MER110-1_HERVK11D-10_MER11D-10_LTR24-7_PRIMAX-1_MER89-2_MER57C2-1
Clade_293,PRIMA41-2_int-19_PRIMA4-2_LTR-1_HERVK22-1_MER57A-2_HERVK9-1_MER9a3-1_LTR13-4_HERVK13-5_MER57D-1_ERV24B-3_Prim-3_LTR24B-1_LTR14-1_HERVKC4-1_HERVK-3
Clade_294,PRIMA41-2_int-14_PRIMA4-2_LTR-1_HERVK22-1_MER57A-2_HERVK9-1_MER9a3-1_LTR13-4_HERVK13-5_MER57D-1_ERV24B-2_Prim-2
Clade_295,PRIMA41-2_int-11_PRIMA4-2_LTR-1_HERVK22-1_MER57A-1_HERVK9-1_MER9a3-1_LTR13-4_HERVK13-5
ERV_2186783,ERV_2186783_PRIMA41_int
Clade_296,PRIMA4-2_int-10_LTR-1_HERVK22-1_PRIMA41-1_MER57A-1_HERVK9-1_MER9a3-1_LTR13-4_HERVK13-5
Clade_297,PRIMA4-2_int-2_LTR-1_HERVK22-1
ERV_4264428,ERV_4264428_PRIMA4_int_PRIMA4_LTR
ERV_3818662,ERV_3818662_HERVK22_int
Clade_298,PRIMA41-1_int-8_MER57A-1_HERVK9-1_MER9a3-1_LTR13-4_HERVK13-5
ERV_2786571,ERV_2786571_PRIMA41_int
Clade_299,MER57A-1_int-7_HERVK9-1_MER9a3-1_LTR13-4_HERVK13-5
ERV_4160381,ERV_4160381_MER57A_int
Clade_300,HERVK9-1_int-6_MER9a3-1_LTR13-4_HERVK13-5
ERV_1807044,ERV_1807044_HERVK9_int_MER9a3
Clade_301,LTR13-4_HERVK13-5_int-5
ERV_1658025,ERV_1658025_LTR13_HERVK13_int
Clade_302,LTR13-3_HERVK13-4_int-4
ERV_1658029,ERV_1658029_LTR13_HERVK13_int
Clade_303,HERVK13-3_int-3_LTR13-2
ERV_3919375,ERV_3919375_HERVK13_int
Clade_304,LTR13-2_HERVK13-2_int-2
ERV_1481301,ERV_1481301_LTR13_HERVK13_int
ERV_1880705,ERV_1880705_LTR13_HERVK13_int
Clade_305,MER57D-1_MER57A-1_int-3_ERV24B-2_Prim-2
ERV_3980011,ERV_3980011_MER57D_MER57A_int
Clade_306,ERV24B-2_Prim-2_int-2
ERV_2681710,ERV_2681710_ERV24B_Prim_int
ERV_3715023,ERV_3715023_ERV24B_Prim_int
Clade_307,LTR24B-1_ERV24B-1_Prim-1_int-5_LTR14-1_HERVKC4-1_HERVK-3
ERV_2526517,ERV_2526517_LTR24B_ERV24B_Prim_int
Clade_308,LTR14-1_HERVKC4-1_int-4_HERVK-3
ERV_3383914,ERV_3383914_LTR14_HERVKC4_int
Clade_309,HERVK-3_int-3
ERV_1322425,ERV_1322425_HERVK_int
Clade_310,HERVK-2_int-2
ERV_4445983,ERV_4445983_HERVK_int
ERV_4432583,ERV_4432583_HERVK_int
Clade_311,ERV24-21_Prim-35_int-1025_HERVS71-24_LTR6B-10_HERVFH19-12_LTR19B-1_LTR46-22_LTR7C-5_HERVH-5_HERVFH21-21_LTR21A-8_LTR21B-6_LTR21C-3_HERVH48-30_MER48-29_MER84-10_HERVK22-7_LTR14C-1_HERVK14C-1_HERVL32-5_LTR32-3_LTR53-1_ERVL47-3_LTR47B4-1_LTR47B3-1_LTR47B2-1_LTR57-16_MER70-2_MER70C-1_HERV3-35_LTR76-10_HERVL18-36_LTR18A-23_LTR18C-8_LTR18B-5_LTR17-104_HERV17-116_LTR12-35_HERV9N-36_HERV9-91_LTR12F-34_LTR12C-41_HERV9NC-85_HERV30-18_LTR12D-21_-16_LTR12B-4_HERVL-1_MLT2A2-1_LTR30-14_HERV4-29_I-38_MER57A-13_LTR27E-8_MER52-52_LTR27D-8_LTR28B-4_LTR1D1-6_LTR28C-4_HUERS-42_P3-42_LTR9D-3_LTR9-4_LTR9C-2_LTR9A1-10_LTR25-2_MER66A-1_MER66-7_MER51E-4_MER51A-12_PRIMA41-36_ERVL-3_E-2_LTR41-1_MER41E-1_MER41C-18_MER66C-1_MER41D-2_PABL-33_B-33_LTR6A-14_LTR4-11_LTR61-5_HERV1-23_LTRe-5_LTR15-12_HERV15-14_LTRc-7_LTRa-2_B4-1_MER70B-1_HERVE-108_a-30_LTR2C-36_Harlequin-2_MER57C1-1_LTR39-2_HERVIP10F-30_LTR10A-14_MER50-9_MER83A-1_PRIMA4-10_ERV24B-14_HERVIP10B3-17_LTR10B1-4_LTR10G-8_LTR10B2-2_HERVI-9_LTR10D-3_HERVIP10FH-2_LTR10E-1_MER4E-2_MER4B-3_LTR-4_MER101-1_LOR1-1_LTR22-4_LTR5-1_Hs-1_HERVK-1_MER110-1_HERVK11D-10_MER11D-10_LTR24B-8_LTR24-7_PRIMAX-1_MER89-2_MER57C2-1
Clade_312,ERV24-21_Prim-35_int-1017_HERVS71-24_LTR6B-10_HERVFH19-12_LTR19B-1_LTR46-22_LTR7C-5_HERVH-5_HERVFH21-21_LTR21A-8_LTR21B-6_LTR21C-3_HERVH48-30_MER48-29_MER84-10_HERVK22-7_LTR14C-1_HERVK14C-1_HERVL32-5_LTR32-3_LTR53-1_ERVL47-3_LTR47B4-1_LTR47B3-1_LTR47B2-1_LTR57-16_MER70-2_MER70C-1_HERV3-35_LTR76-10_HERVL18-36_LTR18A-23_LTR18C-8_LTR18B-5_LTR17-104_HERV17-116_LTR12-35_HERV9N-36_HERV9-91_LTR12F-34_LTR12C-41_HERV9NC-85_HERV30-18_LTR12D-21_-16_LTR12B-4_HERVL-1_MLT2A2-1_LTR30-14_HERV4-28_I-37_MER57A-13_LTR27E-8_MER52-52_LTR27D-8_LTR28B-4_LTR1D1-6_LTR28C-4_HUERS-42_P3-42_LTR9D-3_LTR9-4_LTR9C-2_LTR9A1-10_LTR25-2_MER66A-1_MER66-7_MER51E-4_MER51A-12_PRIMA41-30_ERVL-3_E-2_LTR41-1_MER41E-1_MER41C-17_MER66C-1_MER41D-1_PABL-32_B-32_LTR6A-14_LTR4-11_LTR61-5_HERV1-23_LTRe-5_LTR15-12_HERV15-14_LTRc-7_LTRa-2_B4-1_MER70B-1_HERVE-108_a-30_LTR2C-36_Harlequin-2_MER57C1-1_LTR39-2_HERVIP10F-30_LTR10A-14_MER50-9_MER83A-1_PRIMA4-10_ERV24B-14_HERVIP10B3-17_LTR10B1-4_LTR10G-8_LTR10B2-2_HERVI-9_LTR10D-3_HERVIP10FH-2_LTR10E-1_MER4E-2_MER4B-3_LTR-4_MER101-1_LOR1-1_LTR22-4_LTR5-1_Hs-1_HERVK-1_MER110-1_HERVK11D-10_MER11D-10_LTR24B-8_LTR24-7_PRIMAX-1_MER89-2_MER57C2-1
Clade_313,ERV24-1_Prim-1_int-136_HERVS71-1_LTR6B-1_HERVFH19-11_LTR19B-1_LTR46-22_LTR7C-5_HERVH-5_HERVFH21-16_LTR21A-4_LTR21B-6_LTR21C-3_HERVH48-30_MER48-29_MER84-7_HERVK22-2_LTR14C-1_HERVK14C-1_HERVL32-2_LTR32-2_LTR53-1_ERVL47-3_LTR47B4-1_LTR47B3-1_LTR47B2-1_LTR57-16_MER70-1_MER70C-1_HERV3-1_LTR76-1_HERVL18-36_LTR18A-23_LTR18C-8_LTR18B-5
Clade_314,ERV24-1_Prim-1_int-83_HERVS71-1_LTR6B-1_HERVFH19-11_LTR19B-1_LTR46-22_LTR7C-5_HERVH-5_HERVFH21-16_LTR21A-4_LTR21B-6_LTR21C-3_HERVH48-30_MER48-29_MER84-7_HERVK22-2
ERV_1026410,ERV_1026410_ERV24_Prim_int
Clade_315,HERVS71-1_int-82_LTR6B-1_HERVFH19-11_LTR19B-1_LTR46-22_LTR7C-5_HERVH-5_HERVFH21-16_LTR21A-4_LTR21B-6_LTR21C-3_HERVH48-30_MER48-29_MER84-7_HERVK22-2
Clade_316,HERVS71-1_int-75_LTR6B-1_HERVFH19-11_LTR19B-1_LTR46-22_LTR7C-5_HERVH-5_HERVFH21-16_LTR21A-4_LTR21B-6_LTR21C-3_HERVH48-30_MER48-29
Clade_317,HERVS71-1_int-29_LTR6B-1_HERVFH19-11_LTR19B-1_LTR46-22_LTR7C-5_HERVH-5
Clade_318,HERVS71-1_int-24_LTR6B-1_HERVFH19-11_LTR19B-1_LTR46-22
ERV_1886675,ERV_1886675_HERVS71_int_LTR6B
Clade_319,HERVFH19-11_int-23_LTR19B-1_LTR46-22
Clade_320,HERVFH19-11_int-11_LTR19B-1
Clade_321,HERVFH19-9_int-9_LTR19B-1
ERV_4354329,ERV_4354329_HERVFH19_int_LTR19B
Clade_322,HERVFH19-8_int-8
Clade_323,HERVFH19-4_int-4
Clade_324,HERVFH19-2_int-2
ERV_1942086,ERV_1942086_HERVFH19_int
ERV_3135262,ERV_3135262_HERVFH19_int
Clade_325,HERVFH19-2_int-2
ERV_3272186,ERV_3272186_HERVFH19_int
ERV_3774733,ERV_3774733_HERVFH19_int
Clade_326,HERVFH19-4_int-4
ERV_2858207,ERV_2858207_HERVFH19_int
Clade_327,HERVFH19-3_int-3
ERV_1475731,ERV_1475731_HERVFH19_int
Clade_328,HERVFH19-2_int-2
ERV_1062817,ERV_1062817_HERVFH19_int
ERV_2258756,ERV_2258756_HERVFH19_int
Clade_329,HERVFH19-2_int-2
ERV_4257019,ERV_4257019_HERVFH19_int
ERV_4235959,ERV_4235959_HERVFH19_int
Clade_330,LTR46-22_int-12
ERV_1858920,ERV_1858920_LTR46_int
Clade_331,LTR46-21_int-11
ERV_4361536,ERV_4361536_LTR46_int
Clade_332,LTR46-20_int-10
ERV_3633501,ERV_3633501_LTR46_int_LTR46
Clade_333,LTR46-18_int-9
Clade_334,LTR46-12_int-6
ERV_3289504,ERV_3289504_LTR46_int_LTR46
Clade_335,LTR46-10_int-5
ERV_4368328,ERV_4368328_LTR46_int_LTR46
Clade_336,LTR46-8_int-4
ERV_4405603,ERV_4405603_LTR46_int_LTR46
Clade_337,LTR46-6_int-3
ERV_4312258,ERV_4312258_LTR46_int_LTR46
Clade_338,LTR46-4_int-2
ERV_4312419,ERV_4312419_LTR46_int_LTR46
ERV_4406757,ERV_4406757_LTR46_int_LTR46
Clade_339,LTR46-6_int-3
ERV_4006973,ERV_4006973_LTR46_int_LTR46
Clade_340,LTR46-4_int-2
ERV_4436683,ERV_4436683_LTR46_int_LTR46
ERV_4374991,ERV_4374991_LTR46_int_LTR46
Clade_341,LTR7C-5_HERVH-5_int-5
ERV_4070905,ERV_4070905_LTR7C_HERVH_int
Clade_342,LTR7C-4_HERVH-4_int-4
ERV_1869360,ERV_1869360_LTR7C_HERVH_int
Clade_343,LTR7C-3_HERVH-3_int-3
ERV_3976184,ERV_3976184_LTR7C_HERVH_int
Clade_344,LTR7C-2_HERVH-2_int-2
ERV_3353914,ERV_3353914_LTR7C_HERVH_int
ERV_4028932,ERV_4028932_LTR7C_HERVH_int
Clade_345,HERVFH21-16_int-46_LTR21A-4_LTR21B-6_LTR21C-3_HERVH48-30_MER48-29
Clade_346,HERVFH21-16_int-16_LTR21A-4_LTR21B-6_LTR21C-3
Clade_347,HERVFH21-3_int-3_LTR21A-2
ERV_2751188,ERV_2751188_HERVFH21_int
Clade_348,HERVFH21-2_int-2_LTR21A-2
ERV_3947548,ERV_3947548_HERVFH21_int_LTR21A
ERV_1096240,ERV_1096240_HERVFH21_int_LTR21A
Clade_349,HERVFH21-13_int-13_LTR21A-2_LTR21B-6_LTR21C-3
ERV_4443150,ERV_4443150_HERVFH21_int_LTR21A
Clade_350,HERVFH21-12_int-12_LTR21A-1_LTR21B-6_LTR21C-3
ERV_1820922,ERV_1820922_HERVFH21_int_LTR21A
Clade_351,HERVFH21-11_int-11_LTR21B-6_LTR21C-3
Clade_352,HERVFH21-8_int-8_LTR21B-5_LTR21C-1
Clade_353,HERVFH21-4_int-4_LTR21B-1_LTR21C-1
ERV_2622212,ERV_2622212_HERVFH21_int_LTR21B
Clade_354,HERVFH21-3_int-3_LTR21C-1
ERV_2764221,ERV_2764221_HERVFH21_int
Clade_355,HERVFH21-2_int-2_LTR21C-1
ERV_3421671,ERV_3421671_HERVFH21_int_LTR21C
ERV_3323328,ERV_3323328_HERVFH21_int
Clade_356,HERVFH21-4_int-4_LTR21B-4
ERV_1112163,ERV_1112163_HERVFH21_int_LTR21B
Clade_357,HERVFH21-3_int-3_LTR21B-3
ERV_3609081,ERV_3609081_HERVFH21_int_LTR21B
Clade_358,HERVFH21-2_int-2_LTR21B-2
ERV_1882225,ERV_1882225_HERVFH21_int_LTR21B
ERV_4440468,ERV_4440468_HERVFH21_int_LTR21B
Clade_359,HERVFH21-3_int-3_LTR21B-1_LTR21C-2
ERV_3300263,ERV_3300263_HERVFH21_int_LTR21B
Clade_360,HERVFH21-2_int-2_LTR21C-2
ERV_3075910,ERV_3075910_HERVFH21_int_LTR21C
ERV_4250428,ERV_4250428_HERVFH21_int_LTR21C
Clade_361,HERVH48-30_int-30_MER48-29
ERV_2639929,ERV_2639929_HERVH48_int_MER48
Clade_362,HERVH48-29_int-29_MER48-28
Clade_363,HERVH48-9_int-9_MER48-8
Clade_364,HERVH48-4_int-4_MER48-4
Clade_365,HERVH48-2_int-2_MER48-2
ERV_1510430,ERV_1510430_HERVH48_int_MER48
ERV_2388841,ERV_2388841_HERVH48_int_MER48
Clade_366,HERVH48-2_int-2_MER48-2
ERV_3847207,ERV_3847207_HERVH48_int_MER48
ERV_1823541,ERV_1823541_HERVH48_int_MER48
Clade_367,HERVH48-5_int-5_MER48-4
Clade_368,HERVH48-3_int-3_MER48-2
ERV_4365042,ERV_4365042_HERVH48_int_MER48
Clade_369,HERVH48-2_int-2_MER48-1
ERV_2639932,ERV_2639932_HERVH48_int
ERV_1765730,ERV_1765730_HERVH48_int_MER48
Clade_370,HERVH48-2_int-2_MER48-2
ERV_3539250,ERV_3539250_HERVH48_int_MER48
ERV_3673259,ERV_3673259_HERVH48_int_MER48
Clade_371,HERVH48-20_int-20_MER48-20
Clade_372,HERVH48-3_int-3_MER48-3
ERV_3646358,ERV_3646358_HERVH48_int_MER48
Clade_373,HERVH48-2_int-2_MER48-2
ERV_1207282,ERV_1207282_HERVH48_int_MER48
ERV_1879786,ERV_1879786_HERVH48_int_MER48
Clade_374,HERVH48-17_int-17_MER48-17
Clade_375,HERVH48-14_int-14_MER48-14
Clade_376,HERVH48-10_int-10_MER48-10
Clade_377,HERVH48-5_int-5_MER48-5
ERV_3991586,ERV_3991586_HERVH48_int_MER48
Clade_378,HERVH48-4_int-4_MER48-4
Clade_379,HERVH48-2_int-2_MER48-2
ERV_4248654,ERV_4248654_HERVH48_int_MER48
ERV_2828581,ERV_2828581_HERVH48_int_MER48
Clade_380,HERVH48-2_int-2_MER48-2
ERV_2202308,ERV_2202308_HERVH48_int_MER48
ERV_1171165,ERV_1171165_HERVH48_int_MER48
Clade_381,HERVH48-5_int-5_MER48-5
Clade_382,HERVH48-2_int-2_MER48-2
ERV_2804864,ERV_2804864_HERVH48_int_MER48
ERV_2166389,ERV_2166389_HERVH48_int_MER48
Clade_383,HERVH48-3_int-3_MER48-3
ERV_3579029,ERV_3579029_HERVH48_int_MER48
Clade_384,HERVH48-2_int-2_MER48-2
ERV_1727940,ERV_1727940_HERVH48_int_MER48
ERV_4294165,ERV_4294165_HERVH48_int_MER48
Clade_385,HERVH48-4_int-4_MER48-4
ERV_2994779,ERV_2994779_HERVH48_int_MER48
Clade_386,HERVH48-3_int-3_MER48-3
ERV_3912286,ERV_3912286_HERVH48_int_MER48
Clade_387,HERVH48-2_int-2_MER48-2
ERV_2846008,ERV_2846008_HERVH48_int_MER48
ERV_2846057,ERV_2846057_HERVH48_int_MER48
Clade_388,HERVH48-3_int-3_MER48-3
ERV_3532913,ERV_3532913_HERVH48_int_MER48
Clade_389,HERVH48-2_int-2_MER48-2
ERV_2698804,ERV_2698804_HERVH48_int_MER48
ERV_4368604,ERV_4368604_HERVH48_int_MER48
Clade_390,MER84-7_int-7_HERVK22-2
ERV_2763825,ERV_2763825_MER84_int
Clade_391,MER84-6_int-6_HERVK22-2
ERV_2115723,ERV_2115723_MER84_int_MER84
Clade_392,MER84-4_int-5_HERVK22-2
ERV_2726571,ERV_2726571_MER84_int_MER84
Clade_393,MER84-2_int-4_HERVK22-2
ERV_4412839,ERV_4412839_MER84_int
Clade_394,MER84-1_int-3_HERVK22-2
ERV_4447491,ERV_4447491_MER84_int
Clade_395,HERVK22-2_int-2
ERV_4256526,ERV_4256526_HERVK22_int
ERV_4366532,ERV_4366532_HERVK22_int
Clade_396,LTR14C-1_HERVK14C-1_int-53_HERVL32-2_LTR32-2_LTR53-1_ERVL47-3_LTR47B4-1_LTR47B3-1_LTR47B2-1_LTR57-16_MER70-1_MER70C-1_HERV3-1_LTR76-1_HERVL18-36_LTR18A-23_LTR18C-8_LTR18B-5
Clade_397,LTR14C-1_HERVK14C-1_int-14_HERVL32-1_LTR32-1_LTR53-1_ERVL47-3_LTR47B4-1_LTR47B3-1_LTR47B2-1_LTR57-16
Clade_398,LTR14C-1_HERVK14C-1_int-6_HERVL32-1_LTR32-1_LTR53-1_ERVL47-3_LTR47B4-1_LTR47B3-1_LTR47B2-1
ERV_4428137,ERV_4428137_LTR14C_HERVK14C_int
Clade_399,HERVL32-1_int-5_LTR32-1_LTR53-1_ERVL47-3_LTR47B4-1_LTR47B3-1_LTR47B2-1
ERV_4248496,ERV_4248496_HERVL32_int_LTR32
Clade_400,LTR53-1_int-4_ERVL47-3_LTR47B4-1_LTR47B3-1_LTR47B2-1
ERV_4094791,ERV_4094791_LTR53_int
Clade_401,ERVL47-3_int-3_LTR47B4-1_LTR47B3-1_LTR47B2-1
ERV_2569377,ERV_2569377_ERVL47_int_LTR47B4
Clade_402,ERVL47-2_int-2_LTR47B3-1_LTR47B2-1
ERV_3133025,ERV_3133025_ERVL47_int_LTR47B3
ERV_3479625,ERV_3479625_ERVL47_int_LTR47B2
Clade_403,LTR57-16_int-8
ERV_4314203,ERV_4314203_LTR57_int_LTR57
Clade_404,LTR57-14_int-7
Clade_405,LTR57-6_int-3
ERV_3275815,ERV_3275815_LTR57_int_LTR57
Clade_406,LTR57-4_int-2
ERV_3680469,ERV_3680469_LTR57_int_LTR57
ERV_2646131,ERV_2646131_LTR57_int_LTR57
Clade_407,LTR57-8_int-4
ERV_1153609,ERV_1153609_LTR57_int_LTR57
Clade_408,LTR57-6_int-3
ERV_1099327,ERV_1099327_LTR57_int_LTR57
Clade_409,LTR57-4_int-2
ERV_3900500,ERV_3900500_LTR57_int_LTR57
ERV_4402694,ERV_4402694_LTR57_int_LTR57
Clade_410,HERVL32-1_int-39_LTR32-1_MER70-1_MER70C-1_HERV3-1_LTR76-1_HERVL18-36_LTR18A-23_LTR18C-8_LTR18B-5
ERV_3141467,ERV_3141467_HERVL32_int_LTR32
Clade_411,MER70-1_int-38_MER70C-1_HERV3-1_LTR76-1_HERVL18-36_LTR18A-23_LTR18C-8_LTR18B-5
Clade_412,MER70-1_int-2_MER70C-1_HERV3-1_LTR76-1
ERV_2802623,ERV_2802623_MER70_int_MER70C
ERV_2986631,ERV_2986631_HERV3_int_LTR76
Clade_413,HERVL18-36_int-36_LTR18A-23_LTR18C-8_LTR18B-5
Clade_414,HERVL18-16_int-16_LTR18A-16
Clade_415,HERVL18-12_int-12_LTR18A-12
ERV_3360069,ERV_3360069_HERVL18_int_LTR18A
Clade_416,HERVL18-11_int-11_LTR18A-11
Clade_417,HERVL18-8_int-8_LTR18A-8
ERV_2719258,ERV_2719258_HERVL18_int_LTR18A
Clade_418,HERVL18-7_int-7_LTR18A-7
Clade_419,HERVL18-5_int-5_LTR18A-5
Clade_420,HERVL18-3_int-3_LTR18A-3
ERV_2809702,ERV_2809702_HERVL18_int_LTR18A
Clade_421,HERVL18-2_int-2_LTR18A-2
ERV_3370525,ERV_3370525_HERVL18_int_LTR18A
ERV_2067565,ERV_2067565_HERVL18_int_LTR18A
Clade_422,HERVL18-2_int-2_LTR18A-2
ERV_2626408,ERV_2626408_HERVL18_int_LTR18A
ERV_3297335,ERV_3297335_HERVL18_int_LTR18A
Clade_423,HERVL18-2_int-2_LTR18A-2
ERV_2204904,ERV_2204904_HERVL18_int_LTR18A
ERV_2165897,ERV_2165897_HERVL18_int_LTR18A
Clade_424,HERVL18-3_int-3_LTR18A-3
ERV_1038294,ERV_1038294_HERVL18_int_LTR18A
Clade_425,HERVL18-2_int-2_LTR18A-2
ERV_3003360,ERV_3003360_HERVL18_int_LTR18A
ERV_1113928,ERV_1113928_HERVL18_int_LTR18A
Clade_426,HERVL18-4_int-4_LTR18A-4
Clade_427,HERVL18-2_int-2_LTR18A-2
ERV_3745555,ERV_3745555_HERVL18_int_LTR18A
ERV_2694941,ERV_2694941_HERVL18_int_LTR18A
Clade_428,HERVL18-2_int-2_LTR18A-2
ERV_2233273,ERV_2233273_HERVL18_int_LTR18A
ERV_3518347,ERV_3518347_HERVL18_int_LTR18A
Clade_429,HERVL18-20_int-20_LTR18C-8_LTR18B-5_LTR18A-7
Clade_430,HERVL18-11_int-11_LTR18C-5_LTR18B-5
Clade_431,HERVL18-9_int-9_LTR18C-3_LTR18B-5
Clade_432,HERVL18-2_int-2_LTR18C-2
ERV_4259857,ERV_4259857_HERVL18_int_LTR18C
ERV_2991251,ERV_2991251_HERVL18_int_LTR18C
Clade_433,HERVL18-7_int-7_LTR18B-5_LTR18C-1
ERV_1128658,ERV_1128658_HERVL18_int_LTR18C
Clade_434,HERVL18-6_int-6_LTR18B-5
ERV_2579516,ERV_2579516_HERVL18_int
Clade_435,HERVL18-5_int-5_LTR18B-5
ERV_2216668,ERV_2216668_HERVL18_int_LTR18B
Clade_436,HERVL18-4_int-4_LTR18B-4
Clade_437,HERVL18-2_int-2_LTR18B-2
ERV_3984640,ERV_3984640_HERVL18_int_LTR18B
ERV_1292555,ERV_1292555_HERVL18_int_LTR18B
Clade_438,HERVL18-2_int-2_LTR18B-2
ERV_4122231,ERV_4122231_HERVL18_int_LTR18B
ERV_3837143,ERV_3837143_HERVL18_int_LTR18B
Clade_439,HERVL18-2_int-2_LTR18C-2
ERV_4316844,ERV_4316844_HERVL18_int_LTR18C
ERV_2376993,ERV_2376993_HERVL18_int_LTR18C
Clade_440,HERVL18-9_int-9_LTR18A-7_LTR18C-3
Clade_441,HERVL18-6_int-6_LTR18A-6
ERV_2477304,ERV_2477304_HERVL18_int_LTR18A
Clade_442,HERVL18-5_int-5_LTR18A-5
Clade_443,HERVL18-3_int-3_LTR18A-3
ERV_4162042,ERV_4162042_HERVL18_int_LTR18A
Clade_444,HERVL18-2_int-2_LTR18A-2
ERV_3259569,ERV_3259569_HERVL18_int_LTR18A
ERV_4371457,ERV_4371457_HERVL18_int_LTR18A
Clade_445,HERVL18-2_int-2_LTR18A-2
ERV_2935599,ERV_2935599_HERVL18_int_LTR18A
ERV_3785076,ERV_3785076_HERVL18_int_LTR18A
Clade_446,LTR18C-3_HERVL18-3_int-3_LTR18A-1
ERV_2964247,ERV_2964247_LTR18C_HERVL18_int_LTR18A
Clade_447,HERVL18-2_int-2_LTR18C-2
ERV_3516061,ERV_3516061_HERVL18_int_LTR18C
ERV_1972389,ERV_1972389_HERVL18_int_LTR18C
Clade_448,LTR17-104_HERV17-116_int-881_LTR12-35_HERV9N-36_HERV9-91_LTR12F-34_LTR12C-41_HERV9NC-85_HERV30-18_LTR12D-21_-16_LTR12B-4_HERVL-1_MLT2A2-1_LTR30-14_HERV4-28_I-37_MER57A-13_LTR27E-8_MER52-52_LTR27D-8_LTR28B-4_LTR1D1-6_LTR28C-4_HUERS-42_P3-42_LTR9D-3_LTR9-4_LTR9C-2_LTR9A1-10_LTR25-2_MER66A-1_MER66-7_MER51E-4_MER51A-12_PRIMA41-30_ERVL-3_E-2_LTR41-1_MER41E-1_MER41C-17_MER66C-1_MER41D-1_PABL-32_B-32_HERVS71-23_LTR6A-14_LTR6B-9_ERV24-20_Prim-34_HERVFH21-5_LTR21A-4_HERV3-34_LTR4-11_LTR61-5_LTR76-9_HERV1-23_LTRe-5_LTR15-12_HERV15-14_LTRc-7_LTRa-2_B4-1_HERVL32-3_MER70-1_MER70B-1_HERVE-108_a-30_LTR2C-36_LTR32-1_Harlequin-2_MER57C1-1_LTR39-2_HERVIP10F-30_LTR10A-14_MER50-9_MER84-3_MER83A-1_HERVFH19-1_PRIMA4-10_ERV24B-14_HERVIP10B3-17_LTR10B1-4_LTR10G-8_LTR10B2-2_HERVI-9_LTR10D-3_HERVIP10FH-2_LTR10E-1_MER4E-2_MER4B-3_LTR-4_MER101-1_LOR1-1_HERVK22-5_LTR22-4_LTR5-1_Hs-1_HERVK-1_MER110-1_HERVK11D-10_MER11D-10_LTR24B-8_LTR24-7_PRIMAX-1_MER89-2_MER57C2-1
Clade_449,LTR17-104_HERV17-116_int-446_LTR12-35_HERV9N-36_HERV9-91_LTR12F-34_LTR12C-41_HERV9NC-85_HERV30-18_LTR12D-21_-16_LTR12B-4_HERVL-1_MLT2A2-1_LTR30-14_HERV4-1_I-1_MER57A-1_LTR27E-8_MER52-52_LTR27D-8_LTR28B-4_LTR1D1-6_LTR28C-4_HUERS-42_P3-42_LTR9D-3_LTR9-4_LTR9C-2_LTR9A1-10_LTR25-2_MER66A-1_MER66-1
Clade_450,LTR17-104_HERV17-116_int-349_LTR12-35_HERV9N-36_HERV9-91_LTR12F-34_LTR12C-41_HERV9NC-85_HERV30-18_LTR12D-21_-16_LTR12B-4_HERVL-1_MLT2A2-1_LTR30-14_HERV4-1_I-1_MER57A-1
ERV_4248918,ERV_4248918_MER57A_int
Clade_451,LTR17-104_HERV17-116_int-348_LTR12-35_HERV9N-36_HERV9-91_LTR12F-34_LTR12C-41_HERV9NC-85_HERV30-18_LTR12D-21_-16_LTR12B-4_HERVL-1_MLT2A2-1_LTR30-14_HERV4-1_I-1
ERV_1510512,ERV_1510512_HERV4_I_int
Clade_452,LTR17-104_HERV17-116_int-347_LTR12-35_HERV9N-36_HERV9-91_LTR12F-34_LTR12C-41_HERV9NC-85_HERV30-18_LTR12D-21_-16_LTR12B-4_HERVL-1_MLT2A2-1_LTR30-14
Clade_453,LTR17-104_HERV17-113_int-113
ERV_4280120,ERV_4280120_LTR17_HERV17_int
Clade_454,LTR17-103_HERV17-112_int-112
ERV_2322741,ERV_2322741_LTR17_HERV17_int
Clade_455,LTR17-102_HERV17-111_int-111
Clade_456,LTR17-100_HERV17-109_int-109
Clade_457,LTR17-93_HERV17-102_int-102
Clade_458,LTR17-88_HERV17-96_int-96
Clade_459,LTR17-64_HERV17-70_int-70
Clade_460,LTR17-52_HERV17-56_int-56
Clade_461,LTR17-47_HERV17-51_int-51
Clade_462,LTR17-44_HERV17-48_int-48
Clade_463,LTR17-3_HERV17-3_int-3
ERV_3396191,ERV_3396191_LTR17_HERV17_int
Clade_464,LTR17-2_HERV17-2_int-2
ERV_2973034,ERV_2973034_LTR17_HERV17_int
ERV_3506858,ERV_3506858_LTR17_HERV17_int
Clade_465,LTR17-41_HERV17-45_int-45
Clade_466,LTR17-25_HERV17-25_int-25
Clade_467,LTR17-14_HERV17-14_int-14
Clade_468,LTR17-10_HERV17-10_int-10
Clade_469,LTR17-5_HERV17-5_int-5
ERV_4159467,ERV_4159467_LTR17_HERV17_int
Clade_470,LTR17-4_HERV17-4_int-4
ERV_2000471,ERV_2000471_LTR17_HERV17_int
Clade_471,LTR17-3_HERV17-3_int-3
ERV_4368581,ERV_4368581_LTR17_HERV17_int
Clade_472,LTR17-2_HERV17-2_int-2
ERV_1939167,ERV_1939167_LTR17_HERV17_int
ERV_4361050,ERV_4361050_LTR17_HERV17_int
Clade_473,LTR17-5_HERV17-5_int-5
Clade_474,LTR17-3_HERV17-3_int-3
ERV_2898398,ERV_2898398_LTR17_HERV17_int
Clade_475,LTR17-2_HERV17-2_int-2
ERV_3041661,ERV_3041661_LTR17_HERV17_int
ERV_2174603,ERV_2174603_LTR17_HERV17_int
Clade_476,LTR17-2_HERV17-2_int-2
ERV_1937160,ERV_1937160_LTR17_HERV17_int
ERV_2995885,ERV_2995885_LTR17_HERV17_int
Clade_477,LTR17-4_HERV17-4_int-4
ERV_3392449,ERV_3392449_LTR17_HERV17_int
Clade_478,LTR17-3_HERV17-3_int-3
ERV_3483793,ERV_3483793_LTR17_HERV17_int
Clade_479,LTR17-2_HERV17-2_int-2
ERV_1823038,ERV_1823038_LTR17_HERV17_int
ERV_2259186,ERV_2259186_LTR17_HERV17_int
Clade_480,LTR17-11_HERV17-11_int-11
Clade_481,LTR17-2_HERV17-2_int-2
ERV_3860066,ERV_3860066_LTR17_HERV17_int
ERV_4428532,ERV_4428532_LTR17_HERV17_int
Clade_482,LTR17-9_HERV17-9_int-9
Clade_483,LTR17-3_HERV17-3_int-3
ERV_4389645,ERV_4389645_LTR17_HERV17_int
Clade_484,LTR17-2_HERV17-2_int-2
ERV_1008624,ERV_1008624_LTR17_HERV17_int
ERV_2793859,ERV_2793859_LTR17_HERV17_int
Clade_485,LTR17-6_HERV17-6_int-6
ERV_2876293,ERV_2876293_LTR17_HERV17_int
Clade_486,LTR17-5_HERV17-5_int-5
ERV_4363033,ERV_4363033_LTR17_HERV17_int
Clade_487,LTR17-4_HERV17-4_int-4
ERV_3262823,ERV_3262823_LTR17_HERV17_int
Clade_488,LTR17-3_HERV17-3_int-3
ERV_2968440,ERV_2968440_LTR17_HERV17_int
Clade_489,LTR17-2_HERV17-2_int-2
ERV_3024021,ERV_3024021_LTR17_HERV17_int
ERV_4309351,ERV_4309351_LTR17_HERV17_int
Clade_490,LTR17-16_HERV17-20_int-20
Clade_491,LTR17-14_HERV17-15_int-15
Clade_492,LTR17-3_HERV17-3_int-3
ERV_3954252,ERV_3954252_LTR17_HERV17_int
Clade_493,LTR17-2_HERV17-2_int-2
ERV_4238943,ERV_4238943_LTR17_HERV17_int
ERV_3423685,ERV_3423685_LTR17_HERV17_int
Clade_494,LTR17-11_HERV17-12_int-12
ERV_3098908,ERV_3098908_LTR17_HERV17_int
Clade_495,LTR17-10_HERV17-11_int-11
Clade_496,LTR17-3_HERV17-4_int-4
Clade_497,LTR17-2_HERV17-2_int-2
ERV_3362992,ERV_3362992_LTR17_HERV17_int
ERV_3673369,ERV_3673369_LTR17_HERV17_int
Clade_498,HERV17-2_int-2_LTR17-1
ERV_4398524,ERV_4398524_HERV17_int
ERV_3719440,ERV_3719440_LTR17_HERV17_int
Clade_499,LTR17-7_HERV17-7_int-7
Clade_500,LTR17-5_HERV17-5_int-5
ERV_3662198,ERV_3662198_LTR17_HERV17_int
Clade_501,LTR17-4_HERV17-4_int-4
ERV_3395525,ERV_3395525_LTR17_HERV17_int
Clade_502,LTR17-3_HERV17-3_int-3
ERV_2945758,ERV_2945758_LTR17_HERV17_int
Clade_503,LTR17-2_HERV17-2_int-2
ERV_4438608,ERV_4438608_LTR17_HERV17_int
ERV_3686991,ERV_3686991_LTR17_HERV17_int
Clade_504,LTR17-2_HERV17-2_int-2
ERV_2764095,ERV_2764095_LTR17_HERV17_int
ERV_2202290,ERV_2202290_LTR17_HERV17_int
Clade_505,LTR17-2_HERV17-5_int-5
ERV_2062817,ERV_2062817_LTR17_HERV17_int
Clade_506,LTR17-1_HERV17-4_int-4
ERV_2696450,ERV_2696450_LTR17_HERV17_int
Clade_507,HERV17-3_int-3
ERV_1418070,ERV_1418070_HERV17_int
Clade_508,HERV17-2_int-2
ERV_2639509,ERV_2639509_HERV17_int
ERV_1055468,ERV_1055468_HERV17_int
Clade_509,LTR17-3_HERV17-3_int-3
ERV_1369477,ERV_1369477_LTR17_HERV17_int
Clade_510,LTR17-2_HERV17-2_int-2
ERV_2689474,ERV_2689474_LTR17_HERV17_int
ERV_2116817,ERV_2116817_LTR17_HERV17_int
Clade_511,LTR17-5_HERV17-5_int-5
Clade_512,LTR17-3_HERV17-3_int-3
ERV_3651167,ERV_3651167_LTR17_HERV17_int
Clade_513,LTR17-2_HERV17-2_int-2
ERV_1330420,ERV_1330420_LTR17_HERV17_int
ERV_1666926,ERV_1666926_LTR17_HERV17_int
Clade_514,LTR17-2_HERV17-2_int-2
ERV_2621440,ERV_2621440_LTR17_HERV17_int
ERV_2715041,ERV_2715041_LTR17_HERV17_int
Clade_515,LTR17-12_HERV17-14_int-14
ERV_1360820,ERV_1360820_LTR17_HERV17_int
Clade_516,LTR17-11_HERV17-13_int-13
ERV_2405526,ERV_2405526_HERV17_int
Clade_517,LTR17-11_HERV17-12_int-12
Clade_518,LTR17-8_HERV17-9_int-9
Clade_519,LTR17-2_HERV17-2_int-2
ERV_2515120,ERV_2515120_LTR17_HERV17_int
ERV_2988401,ERV_2988401_LTR17_HERV17_int
Clade_520,LTR17-6_HERV17-7_int-7
Clade_521,LTR17-2_HERV17-3_int-3
ERV_2723901,ERV_2723901_LTR17_HERV17_int
Clade_522,LTR17-1_HERV17-2_int-2
ERV_3501913,ERV_3501913_LTR17_HERV17_int
ERV_2841587,ERV_2841587_HERV17_int
Clade_523,LTR17-4_HERV17-4_int-4
ERV_2721291,ERV_2721291_LTR17_HERV17_int
Clade_524,LTR17-3_HERV17-3_int-3
ERV_4328203,ERV_4328203_LTR17_HERV17_int
Clade_525,LTR17-2_HERV17-2_int-2
ERV_2857390,ERV_2857390_LTR17_HERV17_int
ERV_1822259,ERV_1822259_LTR17_HERV17_int
Clade_526,LTR17-3_HERV17-3_int-3
ERV_1936209,ERV_1936209_LTR17_HERV17_int
Clade_527,LTR17-2_HERV17-2_int-2
ERV_2590024,ERV_2590024_LTR17_HERV17_int
ERV_3809772,ERV_3809772_LTR17_HERV17_int
Clade_528,LTR17-24_HERV17-26_int-26
Clade_529,LTR17-6_HERV17-7_int-7
Clade_530,LTR17-2_HERV17-2_int-2
ERV_1577876,ERV_1577876_LTR17_HERV17_int
ERV_3751180,ERV_3751180_LTR17_HERV17_int
Clade_531,LTR17-4_HERV17-5_int-5
Clade_532,LTR17-2_HERV17-3_int-3
ERV_1130188,ERV_1130188_LTR17_HERV17_int
Clade_533,HERV17-2_int-2_LTR17-1
ERV_2883490,ERV_2883490_HERV17_int
ERV_3009626,ERV_3009626_LTR17_HERV17_int
Clade_534,LTR17-2_HERV17-2_int-2
ERV_3141368,ERV_3141368_LTR17_HERV17_int
ERV_2387002,ERV_2387002_LTR17_HERV17_int
Clade_535,LTR17-18_HERV17-19_int-19
ERV_2614363,ERV_2614363_HERV17_int
Clade_536,LTR17-18_HERV17-18_int-18
Clade_537,LTR17-10_HERV17-10_int-10
Clade_538,LTR17-4_HERV17-4_int-4
ERV_1977628,ERV_1977628_LTR17_HERV17_int
Clade_539,LTR17-3_HERV17-3_int-3
ERV_1735809,ERV_1735809_LTR17_HERV17_int
Clade_540,LTR17-2_HERV17-2_int-2
ERV_2374407,ERV_2374407_LTR17_HERV17_int
ERV_2657063,ERV_2657063_LTR17_HERV17_int
Clade_541,LTR17-6_HERV17-6_int-6
Clade_542,LTR17-4_HERV17-4_int-4
ERV_3469408,ERV_3469408_LTR17_HERV17_int
Clade_543,LTR17-3_HERV17-3_int-3
ERV_2677811,ERV_2677811_LTR17_HERV17_int
Clade_544,LTR17-2_HERV17-2_int-2
ERV_3947780,ERV_3947780_LTR17_HERV17_int
ERV_3765582,ERV_3765582_LTR17_HERV17_int
Clade_545,LTR17-2_HERV17-2_int-2
ERV_3482052,ERV_3482052_LTR17_HERV17_int
ERV_2631035,ERV_2631035_LTR17_HERV17_int
Clade_546,LTR17-8_HERV17-8_int-8
Clade_547,LTR17-4_HERV17-4_int-4
ERV_3328083,ERV_3328083_LTR17_HERV17_int
Clade_548,LTR17-3_HERV17-3_int-3
ERV_2526357,ERV_2526357_LTR17_HERV17_int
Clade_549,LTR17-2_HERV17-2_int-2
ERV_3955512,ERV_3955512_LTR17_HERV17_int
ERV_1923789,ERV_1923789_LTR17_HERV17_int
Clade_550,LTR17-4_HERV17-4_int-4
ERV_3365061,ERV_3365061_LTR17_HERV17_int
Clade_551,LTR17-3_HERV17-3_int-3
ERV_4137705,ERV_4137705_LTR17_HERV17_int
Clade_552,LTR17-2_HERV17-2_int-2
ERV_1024682,ERV_1024682_LTR17_HERV17_int
ERV_4261938,ERV_4261938_LTR17_HERV17_int
Clade_553,LTR17-5_HERV17-6_int-6
Clade_554,LTR17-3_HERV17-3_int-3
ERV_3553438,ERV_3553438_LTR17_HERV17_int
Clade_555,LTR17-2_HERV17-2_int-2
ERV_2939472,ERV_2939472_LTR17_HERV17_int
ERV_3224070,ERV_3224070_LTR17_HERV17_int
Clade_556,LTR17-2_HERV17-3_int-3
ERV_2644736,ERV_2644736_LTR17_HERV17_int
Clade_557,LTR17-1_HERV17-2_int-2
ERV_3660077,ERV_3660077_LTR17_HERV17_int
ERV_1691767,ERV_1691767_HERV17_int
Clade_558,LTR17-7_HERV17-7_int-7
Clade_559,LTR17-5_HERV17-5_int-5
Clade_560,LTR17-2_HERV17-2_int-2
ERV_2244925,ERV_2244925_LTR17_HERV17_int
ERV_1221042,ERV_1221042_LTR17_HERV17_int
Clade_561,LTR17-3_HERV17-3_int-3
ERV_2213915,ERV_2213915_LTR17_HERV17_int
Clade_562,LTR17-2_HERV17-2_int-2
ERV_2755725,ERV_2755725_LTR17_HERV17_int
ERV_2166416,ERV_2166416_LTR17_HERV17_int
Clade_563,LTR17-2_HERV17-2_int-2
ERV_2608300,ERV_2608300_LTR17_HERV17_int
ERV_3347292,ERV_3347292_LTR17_HERV17_int
Clade_564,LTR17-2_HERV17-2_int-2
ERV_1160153,ERV_1160153_LTR17_HERV17_int
ERV_2314800,ERV_2314800_LTR17_HERV17_int
Clade_565,LTR12-35_HERV9N-36_int-234_HERV9-91_LTR12F-34_LTR12C-41_HERV9NC-85_HERV30-18_LTR12D-21_-16_LTR12B-4_HERVL-1_MLT2A2-1_LTR30-14_HERV17-3
Clade_566,LTR12-35_HERV9N-36_int-214_HERV9-91_LTR12F-34_LTR12C-41_HERV9NC-85_HERV30-1_LTR12D-21_-16_LTR12B-4_HERVL-1_MLT2A2-1
ERV_3950179,ERV_3950179_HERV9_int
Clade_567,LTR12-35_HERV9N-36_int-213_HERV9-90_LTR12F-34_LTR12C-41_HERV9NC-85_HERV30-1_LTR12D-21_-16_LTR12B-4_HERVL-1_MLT2A2-1
Clade_568,LTR12-1_HERV9N-1_int-6_HERV9-5_LTR12F-2
Clade_569,LTR12-1_HERV9N-1_int-4_HERV9-3
ERV_2697119,ERV_2697119_LTR12_HERV9N_int
Clade_570,HERV9-3_int-3
ERV_3539931,ERV_3539931_HERV9_int
Clade_571,HERV9-2_int-2
ERV_3834021,ERV_3834021_HERV9_int
ERV_3151953,ERV_3151953_HERV9_int
Clade_572,HERV9-2_int-2_LTR12F-2
ERV_2008890,ERV_2008890_HERV9_int_LTR12F
ERV_3070656,ERV_3070656_HERV9_int_LTR12F
Clade_573,LTR12C-41_HERV9NC-85_int-207_HERV9-85_HERV9N-35_LTR12F-32_HERV30-1_LTR12D-21_LTR12-34_-16_LTR12B-4_HERVL-1_MLT2A2-1
Clade_574,LTR12C-3_HERV9NC-3_int-74_HERV9-69_HERV9N-1_LTR12F-29_HERV30-1
ERV_2350539,ERV_2350539_LTR12C_HERV9NC_int
Clade_575,HERV9-69_int-73_HERV9N-1_LTR12C-2_HERV9NC-2_LTR12F-29_HERV30-1
Clade_576,HERV9-3_int-3
ERV_1330344,ERV_1330344_HERV9_int
Clade_577,HERV9-2_int-2
ERV_3284753,ERV_3284753_HERV9_int
ERV_1151362,ERV_1151362_HERV9_int
Clade_578,HERV9-66_int-70_HERV9N-1_LTR12C-2_HERV9NC-2_LTR12F-29_HERV30-1
Clade_579,HERV9-32_int-35_HERV9N-1_LTR12C-2_HERV9NC-2
ERV_4288360,ERV_4288360_HERV9_int
Clade_580,HERV9-31_int-34_HERV9N-1_LTR12C-2_HERV9NC-2
ERV_3049704,ERV_3049704_HERV9_int
Clade_581,HERV9-30_int-33_HERV9N-1_LTR12C-2_HERV9NC-2
Clade_582,HERV9-26_int-29_HERV9N-1_LTR12C-2_HERV9NC-2
Clade_583,HERV9-10_int-12_HERV9N-1_LTR12C-1_HERV9NC-1
Clade_584,HERV9-2_int-2
ERV_3380176,ERV_3380176_HERV9_int
ERV_2841642,ERV_2841642_HERV9_int
Clade_585,HERV9-8_int-10_HERV9N-1_LTR12C-1_HERV9NC-1
ERV_4130973,ERV_4130973_HERV9_int
Clade_586,HERV9-7_int-9_HERV9N-1_LTR12C-1_HERV9NC-1
Clade_587,HERV9-3_int-5_HERV9N-1_LTR12C-1_HERV9NC-1
Clade_588,HERV9-2_int-2
ERV_3143292,ERV_3143292_HERV9_int
ERV_3109567,ERV_3109567_HERV9_int
Clade_589,HERV9-1_int-3_HERV9N-1_LTR12C-1_HERV9NC-1
ERV_4424097,ERV_4424097_HERV9_int
Clade_590,HERV9N-1_int-2_LTR12C-1_HERV9NC-1
ERV_4441698,ERV_4441698_HERV9N_int
ERV_4368319,ERV_4368319_LTR12C_HERV9NC_int
Clade_591,HERV9-4_int-4
ERV_3727184,ERV_3727184_HERV9_int
Clade_592,HERV9-3_int-3
ERV_4446536,ERV_4446536_HERV9_int
Clade_593,HERV9-2_int-2
ERV_4430723,ERV_4430723_HERV9_int
ERV_4431849,ERV_4431849_HERV9_int
Clade_594,HERV9-16_int-17_LTR12C-1_HERV9NC-1
Clade_595,HERV9-2_int-2
ERV_1125658,ERV_1125658_HERV9_int
ERV_3163567,ERV_3163567_HERV9_int
Clade_596,HERV9-14_int-15_LTR12C-1_HERV9NC-1
Clade_597,HERV9-8_int-8
Clade_598,HERV9-3_int-3
ERV_3945850,ERV_3945850_HERV9_int
Clade_599,HERV9-2_int-2
ERV_2245246,ERV_2245246_HERV9_int
ERV_3155316,ERV_3155316_HERV9_int
Clade_600,HERV9-5_int-5
ERV_2035571,ERV_2035571_HERV9_int
Clade_601,HERV9-4_int-4
Clade_602,HERV9-2_int-2
ERV_4383502,ERV_4383502_HERV9_int
ERV_4297718,ERV_4297718_HERV9_int
Clade_603,HERV9-2_int-2
ERV_3837127,ERV_3837127_HERV9_int
ERV_3628175,ERV_3628175_HERV9_int
Clade_604,HERV9-6_int-7_LTR12C-1_HERV9NC-1
Clade_605,HERV9-4_int-5_LTR12C-1_HERV9NC-1
Clade_606,HERV9-2_int-2
ERV_3750573,ERV_3750573_HERV9_int
ERV_3257455,ERV_3257455_HERV9_int
Clade_607,HERV9-2_int-3_LTR12C-1_HERV9NC-1
ERV_4425965,ERV_4425965_HERV9_int
Clade_608,HERV9-1_int-2_LTR12C-1_HERV9NC-1
ERV_4420688,ERV_4420688_HERV9_int
ERV_2873724,ERV_2873724_LTR12C_HERV9NC_int
Clade_609,HERV9-2_int-2
ERV_1572021,ERV_1572021_HERV9_int
ERV_4157513,ERV_4157513_HERV9_int
Clade_610,HERV9-4_int-4
Clade_611,HERV9-2_int-2
ERV_3943934,ERV_3943934_HERV9_int
ERV_4423917,ERV_4423917_HERV9_int
Clade_612,HERV9-2_int-2
ERV_3363978,ERV_3363978_HERV9_int
ERV_3020683,ERV_3020683_HERV9_int
Clade_613,HERV9-34_int-35_LTR12F-29_HERV30-1
ERV_3882638,ERV_3882638_HERV9_int
Clade_614,HERV9-33_int-34_LTR12F-29_HERV30-1
Clade_615,HERV9-28_int-29_LTR12F-26_HERV30-1
Clade_616,HERV9-21_int-22_LTR12F-20_HERV30-1
Clade_617,HERV9-18_int-19_LTR12F-18_HERV30-1
Clade_618,HERV9-16_int-16_LTR12F-16
Clade_619,HERV9-5_int-5_LTR12F-5
Clade_620,HERV9-2_int-2_LTR12F-2
ERV_4441825,ERV_4441825_HERV9_int_LTR12F
ERV_1518715,ERV_1518715_HERV9_int_LTR12F
Clade_621,HERV9-3_int-3_LTR12F-3
ERV_1764516,ERV_1764516_HERV9_int_LTR12F
Clade_622,HERV9-2_int-2_LTR12F-2
ERV_1354460,ERV_1354460_HERV9_int_LTR12F
ERV_1284525,ERV_1284525_HERV9_int_LTR12F
Clade_623,HERV9-11_int-11_LTR12F-11
ERV_4441573,ERV_4441573_HERV9_int_LTR12F
Clade_624,HERV9-10_int-10_LTR12F-10
Clade_625,HERV9-7_int-7_LTR12F-7
ERV_3969580,ERV_3969580_HERV9_int_LTR12F
Clade_626,HERV9-6_int-6_LTR12F-6
Clade_627,HERV9-3_int-3_LTR12F-3
ERV_3426279,ERV_3426279_HERV9_int_LTR12F
Clade_628,HERV9-2_int-2_LTR12F-2
ERV_1567575,ERV_1567575_HERV9_int_LTR12F
ERV_3447924,ERV_3447924_HERV9_int_LTR12F
Clade_629,HERV9-3_int-3_LTR12F-3
ERV_1595247,ERV_1595247_HERV9_int_LTR12F
Clade_630,HERV9-2_int-2_LTR12F-2
ERV_3854358,ERV_3854358_HERV9_int_LTR12F
ERV_2397333,ERV_2397333_HERV9_int_LTR12F
Clade_631,HERV9-3_int-3_LTR12F-3
ERV_3935504,ERV_3935504_HERV9_int_LTR12F
Clade_632,HERV9-2_int-2_LTR12F-2
ERV_1868710,ERV_1868710_HERV9_int_LTR12F
ERV_1050839,ERV_1050839_HERV9_int_LTR12F
Clade_633,HERV9-2_int-3_LTR12F-2_HERV30-1
ERV_2632087,ERV_2632087_HERV9_int_LTR12F
Clade_634,HERV9-1_int-2_LTR12F-1_HERV30-1
ERV_4419030,ERV_4419030_HERV9_int_LTR12F
ERV_1030243,ERV_1030243_HERV30_int
Clade_635,HERV9-3_int-3_LTR12F-2
ERV_4440699,ERV_4440699_HERV9_int_LTR12F
Clade_636,HERV9-2_int-2_LTR12F-1
ERV_1596682,ERV_1596682_HERV9_int_LTR12F
ERV_3857644,ERV_3857644_HERV9_int
Clade_637,HERV9-7_int-7_LTR12F-6
ERV_4426152,ERV_4426152_HERV9_int
Clade_638,HERV9-6_int-6_LTR12F-6
Clade_639,HERV9-4_int-4_LTR12F-4
ERV_3949196,ERV_3949196_HERV9_int_LTR12F
Clade_640,HERV9-3_int-3_LTR12F-3
ERV_3903083,ERV_3903083_HERV9_int_LTR12F
Clade_641,HERV9-2_int-2_LTR12F-2
ERV_3351666,ERV_3351666_HERV9_int_LTR12F
ERV_4428570,ERV_4428570_HERV9_int_LTR12F
Clade_642,HERV9-2_int-2_LTR12F-2
ERV_4425073,ERV_4425073_HERV9_int_LTR12F
ERV_4424344,ERV_4424344_HERV9_int_LTR12F
Clade_643,HERV9-5_int-5_LTR12F-3
Clade_644,HERV9-3_int-3_LTR12F-2
ERV_2537747,ERV_2537747_HERV9_int
Clade_645,HERV9-2_int-2_LTR12F-2
ERV_4443933,ERV_4443933_HERV9_int_LTR12F
ERV_4441244,ERV_4441244_HERV9_int_LTR12F
Clade_646,HERV9-2_int-2_LTR12F-1
ERV_3094424,ERV_3094424_HERV9_int
ERV_1596654,ERV_1596654_HERV9_int_LTR12F
Clade_647,HERV9-16_int-133_HERV9NC-82_LTR12D-21_LTR12C-38_LTR12-34_HERV9N-34_-16_LTR12B-4_LTR12F-3_HERVL-1_MLT2A2-1
Clade_648,HERV9-13_int-129_HERV9NC-82_LTR12D-21_LTR12C-38_LTR12-34_HERV9N-33_-16_LTR12B-4_LTR12F-1_HERVL-1_MLT2A2-1
ERV_3071883,ERV_3071883_HERV9_int
Clade_649,HERV9-12_int-128_HERV9NC-82_LTR12D-21_LTR12C-38_LTR12-34_HERV9N-33_-16_LTR12B-4_LTR12F-1_HERVL-1_MLT2A2-1
Clade_650,HERV9-11_int-86_HERV9NC-42_LTR12D-18_LTR12C-3_LTR12-34_HERV9N-33_-16_LTR12B-4_LTR12F-1
Clade_651,HERV9-3_int-9_HERV9NC-4_LTR12D-3_LTR12C-1_LTR12-2_HERV9N-2
Clade_652,HERV9-2_int-6_HERV9NC-4_LTR12D-3_LTR12C-1
Clade_653,HERV9-2_int-2
ERV_4443156,ERV_4443156_HERV9_int
ERV_4438372,ERV_4438372_HERV9_int
Clade_654,HERV9NC-4_int-4_LTR12D-3_LTR12C-1
ERV_4443071,ERV_4443071_LTR12C_HERV9NC_int
Clade_655,HERV9NC-3_int-3_LTR12D-3
ERV_4446468,ERV_4446468_HERV9NC_int_LTR12D
Clade_656,HERV9NC-2_int-2_LTR12D-2
ERV_4430802,ERV_4430802_HERV9NC_int_LTR12D
ERV_4431931,ERV_4431931_HERV9NC_int_LTR12D
Clade_657,LTR12-2_HERV9N-2_int-3_HERV9-1
ERV_3215197,ERV_3215197_HERV9_int
Clade_658,LTR12-2_HERV9N-2_int-2
ERV_3950327,ERV_3950327_LTR12_HERV9N_int
ERV_2753249,ERV_2753249_LTR12_HERV9N_int
Clade_659,HERV9NC-38_int-77_LTR12D-15_LTR12C-2_LTR12-32_-16_HERV9N-31_HERV9-8_LTR12B-4_LTR12F-1
ERV_3531884,ERV_3531884_HERV9NC_int_LTR12D
Clade_660,HERV9NC-37_int-76_LTR12D-14_LTR12C-2_LTR12-32_-16_HERV9N-31_HERV9-8_LTR12B-4_LTR12F-1
ERV_2923589,ERV_2923589_LTR12_HERV9N_int
Clade_661,HERV9NC-37_int-75_LTR12D-14_LTR12C-2_LTR12-31_-16_HERV9N-30_HERV9-8_LTR12B-4_LTR12F-1
Clade_662,HERV9NC-19_int-23_LTR12D-11_LTR12C-1_LTR12-1_-1_HERV9N-1_HERV9-3
Clade_663,HERV9NC-13_int-14_LTR12D-9_LTR12C-1_LTR12-1_-1_HERV9N-1
Clade_664,HERV9NC-5_int-5_LTR12D-3_LTR12C-1
Clade_665,HERV9NC-2_int-2_LTR12D-1
ERV_3972463,ERV_3972463_HERV9NC_int_LTR12D
ERV_4029620,ERV_4029620_HERV9NC_int
Clade_666,HERV9NC-3_int-3_LTR12D-2_LTR12C-1
ERV_2065585,ERV_2065585_HERV9NC_int_LTR12C_LTR12D
Clade_667,HERV9NC-2_int-2_LTR12D-1
ERV_1000135,ERV_1000135_HERV9NC_int_LTR12D
ERV_3042714,ERV_3042714_HERV9NC_int
Clade_668,HERV9NC-8_int-9_LTR12D-6_LTR12-1_-1_HERV9N-1
Clade_669,HERV9NC-6_int-6_LTR12D-4
Clade_670,HERV9NC-2_int-2_LTR12D-1
ERV_1498889,ERV_1498889_HERV9NC_int_LTR12D
ERV_3113022,ERV_3113022_HERV9NC_int
Clade_671,HERV9NC-4_int-4_LTR12D-3
Clade_672,HERV9NC-2_int-2_LTR12D-2
ERV_4026183,ERV_4026183_HERV9NC_int_LTR12D
ERV_3948421,ERV_3948421_HERV9NC_int_LTR12D
Clade_673,HERV9NC-2_int-2_LTR12D-1
ERV_2656678,ERV_2656678_HERV9NC_int
ERV_2919726,ERV_2919726_HERV9NC_int_LTR12D
Clade_674,LTR12-1_-1_HERV9N-1_int-3_HERV9NC-2_LTR12D-2
ERV_4444508,ERV_4444508_LTR12__HERV9N_int
Clade_675,HERV9NC-2_int-2_LTR12D-2
ERV_1213456,ERV_1213456_HERV9NC_int_LTR12D
ERV_3428926,ERV_3428926_HERV9NC_int_LTR12D
Clade_676,HERV9NC-6_int-9_LTR12D-2_HERV9-3
Clade_677,HERV9NC-5_int-7_LTR12D-2_HERV9-2
ERV_2841736,ERV_2841736_HERV9NC_int_LTR12D
Clade_678,HERV9-2_int-6_HERV9NC-4_LTR12D-1
Clade_679,HERV9-2_int-4_HERV9NC-2_LTR12D-1
ERV_4442096,ERV_4442096_HERV9NC_int_LTR12D
Clade_680,HERV9-2_int-3_HERV9NC-1
ERV_4389113,ERV_4389113_HERV9_int
Clade_681,HERV9-1_int-2_HERV9NC-1
ERV_3706504,ERV_3706504_HERV9_int
ERV_3076563,ERV_3076563_HERV9NC_int
Clade_682,HERV9NC-2_int-2
ERV_4438744,ERV_4438744_HERV9NC_int
ERV_4445038,ERV_4445038_HERV9NC_int
Clade_683,HERV9NC-1_int-2_HERV9-1
ERV_2121115,ERV_2121115_HERV9NC_int
ERV_2757019,ERV_2757019_HERV9_int
Clade_684,LTR12-30_-15_HERV9N-29_int-52_HERV9NC-18_LTR12B-4_LTR12D-3_HERV9-5_LTR12F-1_LTR12C-1
Clade_685,LTR12-27_-13_HERV9N-26_int-45_HERV9NC-15_LTR12B-4_LTR12D-2_HERV9-4_LTR12F-1_LTR12C-1
Clade_686,LTR12-27_-13_HERV9N-26_int-40_HERV9NC-10_LTR12B-4_LTR12D-1_HERV9-4_LTR12F-1
Clade_687,LTR12-26_-13_HERV9N-22_int-25_HERV9NC-3_LTR12B-3_LTR12D-1
ERV_2632870,ERV_2632870_HERV9NC_int_LTR12D
Clade_688,LTR12-26_-13_HERV9N-22_int-24_HERV9NC-2_LTR12B-3
Clade_689,LTR12-5_-2_HERV9N-5_int-6_HERV9NC-1
Clade_690,LTR12-2_-2_HERV9N-2_int-2
ERV_2509650,ERV_2509650_LTR12__HERV9N_int
ERV_2048272,ERV_2048272_LTR12__HERV9N_int
Clade_691,LTR12-3_HERV9N-3_int-4_HERV9NC-1
ERV_2537827,ERV_2537827_LTR12_HERV9N_int
Clade_692,HERV9NC-1_int-3_LTR12-2_HERV9N-2
ERV_3664766,ERV_3664766_HERV9NC_int
Clade_693,LTR12-2_HERV9N-2_int-2
ERV_2612836,ERV_2612836_LTR12_HERV9N_int
ERV_1885104,ERV_1885104_LTR12_HERV9N_int
Clade_694,LTR12-21_-11_HERV9N-17_int-18_HERV9NC-1_LTR12B-3
Clade_695,LTR12-5_-4_HERV9N-4_int-5_HERV9NC-1
Clade_696,LTR12-4_-3_HERV9N-3_int-3
ERV_2713877,ERV_2713877_LTR12__HERV9N_int_LTR12
Clade_697,LTR12-2_-2_HERV9N-2_int-2
ERV_2282514,ERV_2282514_LTR12__HERV9N_int
ERV_2282475,ERV_2282475_LTR12__HERV9N_int
Clade_698,HERV9NC-1_int-2_LTR12-1_-1_HERV9N-1
ERV_2197825,ERV_2197825_HERV9NC_int
ERV_3170780,ERV_3170780_LTR12__HERV9N_int
Clade_699,LTR12-16_-7_HERV9N-13_int-13_LTR12B-3
Clade_700,LTR12-3_-1_HERV9N-3_int-3
ERV_3091652,ERV_3091652_LTR12__HERV9N_int
Clade_701,LTR12-2_HERV9N-2_int-2
ERV_4426195,ERV_4426195_LTR12_HERV9N_int
ERV_4442561,ERV_4442561_LTR12_HERV9N_int
Clade_702,LTR12-13_HERV9N-10_int-10_-6_LTR12B-3
Clade_703,LTR12-9_HERV9N-7_int-7_-3_LTR12B-2
ERV_4444860,ERV_4444860_LTR12_HERV9N_int
Clade_704,LTR12-8_-3_HERV9N-6_int-6_LTR12B-2
Clade_705,LTR12-6_-2_HERV9N-4_int-4_LTR12B-2
Clade_706,LTR12-4_-2_HERV9N-2_int-2
ERV_4437756,ERV_4437756_LTR12__LTR12_HERV9N_int
ERV_4421240,ERV_4421240_LTR12__HERV9N_int_LTR12
Clade_707,LTR12-2_LTR12B-2_HERV9N-2_int-2
ERV_4418572,ERV_4418572_LTR12_LTR12B_HERV9N_int
ERV_4439304,ERV_4439304_LTR12_LTR12B_HERV9N_int
Clade_708,LTR12-2_-1_HERV9N-2_int-2
ERV_2881894,ERV_2881894_LTR12__HERV9N_int
ERV_3268823,ERV_3268823_LTR12_HERV9N_int
Clade_709,LTR12-4_-3_HERV9N-3_int-3_LTR12B-1
ERV_4151528,ERV_4151528_LTR12__HERV9N_int
Clade_710,LTR12-3_-2_LTR12B-1_HERV9N-2_int-2
ERV_1945451,ERV_1945451_LTR12__LTR12B_HERV9N_int
ERV_3232244,ERV_3232244_LTR12__HERV9N_int_LTR12
Clade_711,HERV9-4_int-15_HERV9NC-7_LTR12F-1_LTR12-1_HERV9N-4_LTR12B-1
ERV_2507534,ERV_2507534_HERV9_int
Clade_712,HERV9NC-7_int-14_HERV9-3_LTR12F-1_LTR12-1_HERV9N-4_LTR12B-1
Clade_713,HERV9NC-6_int-10_HERV9-3_LTR12F-1_LTR12-1_HERV9N-1
Clade_714,HERV9NC-4_int-4
Clade_715,HERV9NC-2_int-2
ERV_2689589,ERV_2689589_HERV9NC_int
ERV_3131753,ERV_3131753_HERV9NC_int
Clade_716,HERV9NC-2_int-2
ERV_4221722,ERV_4221722_HERV9NC_int
ERV_4222052,ERV_4222052_HERV9NC_int
Clade_717,HERV9-3_int-6_LTR12F-1_HERV9NC-2_LTR12-1_HERV9N-1
Clade_718,HERV9-1_int-3_LTR12F-1_HERV9NC-2
ERV_1864515,ERV_1864515_HERV9_int_LTR12F
Clade_719,HERV9NC-2_int-2
ERV_4387095,ERV_4387095_HERV9NC_int
ERV_1024409,ERV_1024409_HERV9NC_int
Clade_720,HERV9-2_int-3_LTR12-1_HERV9N-1
ERV_2693525,ERV_2693525_HERV9_int
Clade_721,LTR12-1_HERV9N-1_int-2_HERV9-1
ERV_3113772,ERV_3113772_LTR12_HERV9N_int
ERV_3824732,ERV_3824732_HERV9_int
Clade_722,HERV9N-3_int-4_LTR12B-1_HERV9NC-1
ERV_2812995,ERV_2812995_HERV9NC_int
Clade_723,HERV9N-3_int-3_LTR12B-1
ERV_3061910,ERV_3061910_HERV9N_int
Clade_724,HERV9N-2_int-2_LTR12B-1
ERV_3919349,ERV_3919349_HERV9N_int
ERV_3833257,ERV_3833257_LTR12B_HERV9N_int
Clade_725,HERV9NC-5_int-5_LTR12C-1_LTR12D-1
ERV_1805779,ERV_1805779_LTR12C_LTR12D_HERV9NC_int
Clade_726,HERV9NC-4_int-4
Clade_727,HERV9NC-2_int-2
ERV_2619285,ERV_2619285_HERV9NC_int
ERV_3709145,ERV_3709145_HERV9NC_int
Clade_728,HERV9NC-2_int-2
ERV_3005034,ERV_3005034_HERV9NC_int
ERV_3370654,ERV_3370654_HERV9NC_int
Clade_729,HERV9NC-3_int-7_LTR12D-1_LTR12-3_HERV9N-3_-2_HERV9-1
Clade_730,HERV9NC-2_int-2
ERV_1993384,ERV_1993384_HERV9NC_int
ERV_4279309,ERV_4279309_HERV9NC_int
Clade_731,HERV9NC-1_int-5_LTR12D-1_LTR12-3_HERV9N-3_-2_HERV9-1
ERV_3788553,ERV_3788553_HERV9NC_int_LTR12D
Clade_732,LTR12-3_HERV9N-3_int-4_-2_HERV9-1
Clade_733,LTR12-2_HERV9N-2_int-2_-1
ERV_2380116,ERV_2380116_LTR12_HERV9N_int
ERV_4385332,ERV_4385332_LTR12__HERV9N_int
Clade_734,HERV9-1_int-2_LTR12-1_-1_HERV9N-1
ERV_1123990,ERV_1123990_HERV9_int
ERV_2073219,ERV_2073219_LTR12__HERV9N_int
Clade_735,HERVL-1_int-42_MLT2A2-1_HERV9NC-40_LTR12C-35_LTR12D-3_HERV9-1
Clade_736,HERVL-1_int-32_MLT2A2-1_HERV9NC-31_LTR12C-29_LTR12D-1
Clade_737,HERVL-1_int-6_MLT2A2-1_HERV9NC-5_LTR12C-4_LTR12D-1
Clade_738,HERVL-1_int-3_MLT2A2-1_HERV9NC-2_LTR12C-1
ERV_2941078,ERV_2941078_HERV9NC_int_LTR12C
Clade_739,HERVL-1_int-2_MLT2A2-1_HERV9NC-1
ERV_1113447,ERV_1113447_HERVL_int_MLT2A2
ERV_1191596,ERV_1191596_HERV9NC_int
Clade_740,LTR12C-3_HERV9NC-3_int-3_LTR12D-1
ERV_2622854,ERV_2622854_LTR12C_LTR12D_HERV9NC_int
Clade_741,LTR12C-2_HERV9NC-2_int-2
ERV_3836784,ERV_3836784_LTR12C_HERV9NC_int
ERV_1618462,ERV_1618462_LTR12C_HERV9NC_int
Clade_742,LTR12C-25_HERV9NC-26_int-26
Clade_743,LTR12C-1_HERV9NC-2_int-2
ERV_3472848,ERV_3472848_LTR12C_HERV9NC_int
ERV_1045692,ERV_1045692_HERV9NC_int
Clade_744,LTR12C-24_HERV9NC-24_int-24
Clade_745,LTR12C-8_HERV9NC-8_int-8
ERV_2137567,ERV_2137567_HERV9NC_int_LTR12C
Clade_746,LTR12C-7_HERV9NC-7_int-7
ERV_2838000,ERV_2838000_LTR12C_HERV9NC_int
Clade_747,LTR12C-6_HERV9NC-6_int-6
ERV_1835878,ERV_1835878_LTR12C_HERV9NC_int
Clade_748,LTR12C-5_HERV9NC-5_int-5
ERV_4390370,ERV_4390370_LTR12C_HERV9NC_int
Clade_749,LTR12C-4_HERV9NC-4_int-4
ERV_4446332,ERV_4446332_LTR12C_HERV9NC_int
Clade_750,LTR12C-3_HERV9NC-3_int-3
ERV_4432136,ERV_4432136_LTR12C_HERV9NC_int
Clade_751,LTR12C-2_HERV9NC-2_int-2
ERV_4445472,ERV_4445472_LTR12C_HERV9NC_int
ERV_4431023,ERV_4431023_LTR12C_HERV9NC_int
Clade_752,LTR12C-16_HERV9NC-16_int-16
Clade_753,LTR12C-2_HERV9NC-2_int-2
ERV_2962116,ERV_2962116_LTR12C_HERV9NC_int
ERV_4425327,ERV_4425327_LTR12C_HERV9NC_int
Clade_754,LTR12C-14_HERV9NC-14_int-14
ERV_1062055,ERV_1062055_LTR12C_HERV9NC_int
Clade_755,LTR12C-13_HERV9NC-13_int-13
Clade_756,LTR12C-10_HERV9NC-10_int-10
ERV_4410309,ERV_4410309_LTR12C_HERV9NC_int
Clade_757,LTR12C-9_HERV9NC-9_int-9
ERV_3468639,ERV_3468639_LTR12C_HERV9NC_int
Clade_758,LTR12C-8_HERV9NC-8_int-8
Clade_759,LTR12C-2_HERV9NC-2_int-2
ERV_1061899,ERV_1061899_LTR12C_HERV9NC_int
ERV_1951461,ERV_1951461_LTR12C_HERV9NC_int
Clade_760,LTR12C-6_HERV9NC-6_int-6
Clade_761,LTR12C-3_HERV9NC-3_int-3
ERV_2081440,ERV_2081440_LTR12C_HERV9NC_int
Clade_762,LTR12C-2_HERV9NC-2_int-2
ERV_3090092,ERV_3090092_LTR12C_HERV9NC_int
ERV_3818659,ERV_3818659_LTR12C_HERV9NC_int
Clade_763,LTR12C-3_HERV9NC-3_int-3
ERV_4424673,ERV_4424673_HERV9NC_int_LTR12C
Clade_764,LTR12C-2_HERV9NC-2_int-2
ERV_2990214,ERV_2990214_LTR12C_HERV9NC_int
ERV_3351783,ERV_3351783_LTR12C_HERV9NC_int
Clade_765,LTR12C-3_HERV9NC-3_int-3
ERV_3783973,ERV_3783973_LTR12C_HERV9NC_int
Clade_766,LTR12C-2_HERV9NC-2_int-2
ERV_2521207,ERV_2521207_LTR12C_HERV9NC_int
ERV_1778833,ERV_1778833_LTR12C_HERV9NC_int
Clade_767,LTR12C-6_HERV9NC-9_int-10_HERV9-1_LTR12D-2
Clade_768,LTR12C-4_HERV9NC-4_int-4
Clade_769,LTR12C-2_HERV9NC-2_int-2
ERV_2985439,ERV_2985439_LTR12C_HERV9NC_int
ERV_3182061,ERV_3182061_LTR12C_HERV9NC_int
Clade_770,LTR12C-2_HERV9NC-2_int-2
ERV_2828531,ERV_2828531_LTR12C_HERV9NC_int
ERV_3950145,ERV_3950145_LTR12C_HERV9NC_int
Clade_771,HERV9-1_int-6_LTR12C-2_LTR12D-2_HERV9NC-5
Clade_772,HERV9-1_int-2_LTR12C-1_LTR12D-1_HERV9NC-1
ERV_3476571,ERV_3476571_HERV9_int
ERV_2723463,ERV_2723463_LTR12C_LTR12D_HERV9NC_int
Clade_773,HERV9NC-4_int-4_LTR12D-1_LTR12C-1
Clade_774,HERV9NC-2_int-2_LTR12D-1
ERV_3221772,ERV_3221772_HERV9NC_int_LTR12D
ERV_3265598,ERV_3265598_HERV9NC_int
Clade_775,LTR12C-1_HERV9NC-2_int-2
ERV_2838099,ERV_2838099_LTR12C_HERV9NC_int
ERV_3087033,ERV_3087033_HERV9NC_int
Clade_776,HERV9N-1_int-4_HERV9-3_LTR12F-2
ERV_4366345,ERV_4366345_HERV9_int
Clade_777,HERV9N-1_int-3_HERV9-2_LTR12F-2
ERV_2666385,ERV_2666385_HERV9N_int
Clade_778,HERV9-2_int-2_LTR12F-2
ERV_2968139,ERV_2968139_HERV9_int_LTR12F
ERV_3852897,ERV_3852897_HERV9_int_LTR12F
Clade_779,HERV30-17_int-20_LTR30-14_HERV17-3
Clade_780,HERV30-15_int-18_LTR30-14_HERV17-3
Clade_781,HERV30-1_int-4_LTR30-1_HERV17-3
ERV_2763245,ERV_2763245_HERV30_int_LTR30
Clade_782,HERV17-3_int-3
ERV_1143736,ERV_1143736_HERV17_int
Clade_783,HERV17-2_int-2
ERV_3996248,ERV_3996248_HERV17_int
ERV_2592730,ERV_2592730_HERV17_int
Clade_784,HERV30-14_int-14_LTR30-13
Clade_785,HERV30-3_int-3_LTR30-3
ERV_3513039,ERV_3513039_HERV30_int_LTR30
Clade_786,HERV30-2_int-2_LTR30-2
ERV_4426298,ERV_4426298_HERV30_int_LTR30
ERV_4442510,ERV_4442510_HERV30_int_LTR30
Clade_787,HERV30-11_int-11_LTR30-10
ERV_3982838,ERV_3982838_HERV30_int
Clade_788,HERV30-10_int-10_LTR30-10
Clade_789,HERV30-8_int-8_LTR30-8
ERV_4443199,ERV_4443199_HERV30_int_LTR30
Clade_790,HERV30-7_int-7_LTR30-7
Clade_791,HERV30-4_int-4_LTR30-4
ERV_2846126,ERV_2846126_HERV30_int_LTR30
Clade_792,HERV30-3_int-3_LTR30-3
ERV_2846529,ERV_2846529_HERV30_int_LTR30
Clade_793,HERV30-2_int-2_LTR30-2
ERV_2846455,ERV_2846455_HERV30_int_LTR30
ERV_2986403,ERV_2986403_HERV30_int_LTR30
Clade_794,HERV30-3_int-3_LTR30-3
ERV_2624528,ERV_2624528_HERV30_int_LTR30
Clade_795,HERV30-2_int-2_LTR30-2
ERV_2564749,ERV_2564749_HERV30_int_LTR30
ERV_1575878,ERV_1575878_HERV30_int_LTR30
Clade_796,HERV30-2_int-2_LTR30-2
ERV_4444210,ERV_4444210_HERV30_int_LTR30
ERV_2720690,ERV_2720690_HERV30_int_LTR30
Clade_797,HERV30-2_int-2
ERV_1819438,ERV_1819438_HERV30_int
ERV_3231150,ERV_3231150_HERV30_int
Clade_798,LTR27E-8_MER52-52_int-97_LTR27D-8_LTR28B-4_LTR1D1-6_LTR28C-4_HUERS-42_P3-42_LTR9D-3_LTR9-4_LTR9C-2_LTR9A1-10_LTR25-2_MER66A-1_MER66-1
Clade_799,LTR27E-8_MER52-51_int-94_LTR27D-8_LTR28B-4_LTR1D1-6_LTR28C-4_HUERS-41_P3-41_LTR9D-3_LTR9-4_LTR9C-2_LTR9A1-10_LTR25-2
Clade_800,LTR27E-8_MER52-51_int-92_LTR27D-8_LTR28B-4_LTR1D1-6_LTR28C-4_HUERS-40_P3-40_LTR9D-3_LTR9-4_LTR9C-2_LTR9A1-10_LTR25-1
ERV_4423410,ERV_4423410_HUERS_P3_int
Clade_801,LTR27E-8_MER52-51_int-91_LTR27D-8_LTR28B-4_LTR1D1-6_LTR28C-4_HUERS-39_P3-39_LTR9D-3_LTR9-4_LTR9C-2_LTR9A1-10_LTR25-1
Clade_802,LTR27E-8_MER52-48_int-49_LTR27D-8_LTR28B-4_LTR1D1-6_LTR28C-4_HUERS-1_P3-1
Clade_803,LTR27E-8_MER52-44_int-44_LTR27D-7_LTR28B-4_LTR1D1-6_LTR28C-2
Clade_804,LTR27E-3_MER52-7_int-7_LTR27D-2
Clade_805,LTR27E-3_MER52-5_int-5_LTR27D-2
Clade_806,LTR27E-2_MER52-2_int-2
ERV_1096639,ERV_1096639_LTR27E_MER52_int
ERV_3567341,ERV_3567341_LTR27E_MER52_int
Clade_807,LTR27D-2_MER52-3_int-3_LTR27E-1
ERV_2983756,ERV_2983756_LTR27E_MER52_int
Clade_808,LTR27D-2_MER52-2_int-2
ERV_2973573,ERV_2973573_LTR27D_MER52_int
ERV_2879481,ERV_2879481_LTR27D_MER52_int
Clade_809,MER52-2_int-2
ERV_4263742,ERV_4263742_MER52_int
ERV_2566682,ERV_2566682_MER52_int
Clade_810,MER52-37_int-37_LTR27D-5_LTR27E-5_LTR28B-4_LTR1D1-6_LTR28C-2
Clade_811,MER52-22_int-22_LTR27D-2_LTR27E-2_LTR28B-3_LTR1D1-5_LTR28C-1
Clade_812,MER52-17_int-17_LTR27D-2_LTR27E-2_LTR28B-3_LTR1D1-5_LTR28C-1
Clade_813,MER52-5_int-5_LTR27D-2_LTR27E-2
Clade_814,MER52-3_int-3_LTR27D-2
ERV_3552035,ERV_3552035_MER52_int
Clade_815,LTR27D-2_MER52-2_int-2
ERV_2523305,ERV_2523305_LTR27D_MER52_int
ERV_3394143,ERV_3394143_LTR27D_MER52_int
Clade_816,LTR27E-2_MER52-2_int-2
ERV_3101298,ERV_3101298_LTR27E_MER52_int
ERV_2754643,ERV_2754643_LTR27E_MER52_int
Clade_817,LTR28B-3_MER52-12_int-12_LTR1D1-5_LTR28C-1
ERV_1247562,ERV_1247562_MER52_int_LTR28C
Clade_818,LTR28B-3_MER52-11_int-11_LTR1D1-5
ERV_1766909,ERV_1766909_LTR28B_MER52_int
Clade_819,LTR28B-2_MER52-10_int-10_LTR1D1-5
ERV_3221870,ERV_3221870_LTR28B_MER52_int
Clade_820,LTR28B-1_MER52-9_int-9_LTR1D1-5
ERV_4086359,ERV_4086359_LTR28B_MER52_int
Clade_821,LTR1D1-5_MER52-8_int-8
Clade_822,LTR1D1-4_MER52-5_int-5
Clade_823,LTR1D1-2_MER52-3_int-3
ERV_4228575,ERV_4228575_MER52_int
Clade_824,LTR1D1-2_MER52-2_int-2
ERV_2898914,ERV_2898914_LTR1D1_MER52_int
ERV_4384575,ERV_4384575_LTR1D1_MER52_int
Clade_825,LTR1D1-2_MER52-2_int-2
ERV_3382351,ERV_3382351_LTR1D1_MER52_int
ERV_2226806,ERV_2226806_LTR1D1_MER52_int
Clade_826,MER52-3_int-3_LTR1D1-1
ERV_3134892,ERV_3134892_LTR1D1_MER52_int
Clade_827,MER52-2_int-2
ERV_2765629,ERV_2765629_MER52_int
ERV_3554884,ERV_3554884_MER52_int
Clade_828,MER52-5_int-5
Clade_829,MER52-3_int-3
ERV_2315677,ERV_2315677_MER52_int
Clade_830,MER52-2_int-2
ERV_2999012,ERV_2999012_MER52_int
ERV_2763312,ERV_2763312_MER52_int
Clade_831,MER52-2_int-2
ERV_1096137,ERV_1096137_MER52_int
ERV_3013158,ERV_3013158_MER52_int
Clade_832,MER52-15_int-15_LTR28B-1_LTR27E-3_LTR1D1-1_LTR28C-1_LTR27D-3
Clade_833,MER52-11_int-11_LTR28B-1_LTR27E-2_LTR1D1-1_LTR28C-1
ERV_3089825,ERV_3089825_MER52_int
Clade_834,LTR28B-1_MER52-10_int-10_LTR27E-2_LTR1D1-1_LTR28C-1
ERV_2966282,ERV_2966282_LTR27E_MER52_int_LTR28C
Clade_835,LTR28B-1_MER52-9_int-9_LTR27E-1_LTR1D1-1
ERV_3353152,ERV_3353152_MER52_int
Clade_836,LTR28B-1_MER52-8_int-8_LTR27E-1_LTR1D1-1
Clade_837,LTR28B-1_MER52-3_int-3_LTR27E-1
ERV_2397255,ERV_2397255_LTR27E_MER52_int
Clade_838,LTR28B-1_MER52-2_int-2
ERV_4385343,ERV_4385343_LTR28B_MER52_int
ERV_1652260,ERV_1652260_MER52_int
Clade_839,MER52-5_int-5_LTR1D1-1
ERV_1203199,ERV_1203199_LTR1D1_MER52_int
Clade_840,MER52-4_int-4
ERV_2764978,ERV_2764978_MER52_int
Clade_841,MER52-3_int-3
ERV_2619952,ERV_2619952_MER52_int
Clade_842,MER52-2_int-2
ERV_1558036,ERV_1558036_MER52_int
ERV_4349636,ERV_4349636_MER52_int
Clade_843,LTR27D-3_MER52-4_int-4_LTR27E-1
Clade_844,LTR27D-2_MER52-2_int-2
ERV_1451490,ERV_1451490_LTR27D_MER52_int
ERV_2242250,ERV_2242250_LTR27D_MER52_int
Clade_845,LTR27D-1_MER52-2_int-2_LTR27E-1
ERV_4374896,ERV_4374896_LTR27D_MER52_int
ERV_4436621,ERV_4436621_LTR27E_MER52_int
Clade_846,HUERS-1_P3-1_int-5_MER52-4_LTR28C-2_LTR27D-1
ERV_2562668,ERV_2562668_HUERS_P3_int
Clade_847,MER52-4_int-4_LTR28C-2_LTR27D-1
ERV_2005073,ERV_2005073_MER52_int_LTR28C
Clade_848,MER52-3_int-3_LTR28C-1_LTR27D-1
ERV_1987156,ERV_1987156_MER52_int_LTR28C
Clade_849,MER52-2_int-2_LTR27D-1
ERV_2171422,ERV_2171422_MER52_int
ERV_2171742,ERV_2171742_LTR27D_MER52_int
Clade_850,LTR9D-3_HUERS-38_P3-38_int-42_LTR9-4_LTR9C-2_LTR9A1-10_LTR25-1_MER52-3
Clade_851,LTR9D-3_HUERS-35_P3-35_int-36_LTR9-4_LTR9C-2_LTR9A1-10_LTR25-1
Clade_852,LTR9D-3_HUERS-33_P3-33_int-34_LTR9-4_LTR9C-2_LTR9A1-10_LTR25-1
Clade_853,LTR9D-3_HUERS-26_P3-26_int-26_LTR9-4_LTR9C-1_LTR9A1-9
Clade_854,LTR9D-2_HUERS-18_P3-18_int-18_LTR9-1_LTR9C-1_LTR9A1-5
Clade_855,LTR9D-1_HUERS-10_P3-10_int-10_LTR9-1_LTR9C-1
ERV_3986501,ERV_3986501_LTR9D_HUERS_P3_int
Clade_856,LTR9-1_HUERS-9_P3-9_int-9_LTR9C-1
ERV_3359192,ERV_3359192_LTR9_HUERS_P3_int
Clade_857,HUERS-8_P3-8_int-8_LTR9C-1
Clade_858,HUERS-2_P3-2_int-2_LTR9C-1
ERV_2771324,ERV_2771324_HUERS_P3_int
ERV_3266354,ERV_3266354_HUERS_P3_int_LTR9C
Clade_859,HUERS-6_P3-6_int-6
Clade_860,HUERS-3_P3-3_int-3
ERV_4262256,ERV_4262256_HUERS_P3_int
Clade_861,HUERS-2_P3-2_int-2
ERV_3353507,ERV_3353507_HUERS_P3_int
ERV_1824446,ERV_1824446_HUERS_P3_int
Clade_862,HUERS-3_P3-3_int-3
ERV_3513006,ERV_3513006_HUERS_P3_int
Clade_863,HUERS-2_P3-2_int-2
ERV_2252048,ERV_2252048_HUERS_P3_int
ERV_3254504,ERV_3254504_HUERS_P3_int
Clade_864,LTR9D-1_HUERS-8_P3-8_int-8_LTR9A1-5
ERV_4368805,ERV_4368805_LTR9D_HUERS_P3_int
Clade_865,HUERS-7_P3-7_int-7_LTR9A1-5
Clade_866,HUERS-4_P3-4_int-4_LTR9A1-3
ERV_1046829,ERV_1046829_HUERS_P3_int_LTR9A1
Clade_867,HUERS-3_P3-3_int-3_LTR9A1-2
ERV_1982086,ERV_1982086_HUERS_P3_int_LTR9A1
Clade_868,HUERS-2_P3-2_int-2_LTR9A1-1
ERV_4371740,ERV_4371740_HUERS_P3_int_LTR9A1
ERV_1881746,ERV_1881746_HUERS_P3_int
Clade_869,HUERS-3_P3-3_int-3_LTR9A1-2
ERV_3609024,ERV_3609024_HUERS_P3_int
Clade_870,HUERS-2_P3-2_int-2_LTR9A1-2
ERV_2136406,ERV_2136406_HUERS_P3_int_LTR9A1
ERV_1946109,ERV_1946109_HUERS_P3_int_LTR9A1
Clade_871,LTR9D-1_HUERS-8_P3-8_int-8_LTR9-3_LTR9A1-4
Clade_872,LTR9D-1_HUERS-4_P3-4_int-4_LTR9-3
ERV_3831800,ERV_3831800_LTR9D_HUERS_P3_int
Clade_873,LTR9-3_HUERS-3_P3-3_int-3
ERV_4395040,ERV_4395040_LTR9_HUERS_P3_int
Clade_874,LTR9-2_HUERS-2_P3-2_int-2
ERV_2187433,ERV_2187433_LTR9_HUERS_P3_int
ERV_3749050,ERV_3749050_LTR9_HUERS_P3_int
Clade_875,HUERS-4_P3-4_int-4_LTR9A1-4
ERV_3852827,ERV_3852827_HUERS_P3_int_LTR9A1
Clade_876,HUERS-3_P3-3_int-3_LTR9A1-3
ERV_3961347,ERV_3961347_HUERS_P3_int_LTR9A1
Clade_877,HUERS-2_P3-2_int-2_LTR9A1-2
ERV_2211582,ERV_2211582_HUERS_P3_int_LTR9A1
ERV_1893808,ERV_1893808_HUERS_P3_int_LTR9A1
Clade_878,HUERS-7_P3-7_int-8_LTR25-1_LTR9C-1_LTR9A1-1
Clade_879,HUERS-3_P3-3_int-4_LTR25-1
ERV_2927029,ERV_2927029_HUERS_P3_int
Clade_880,LTR25-1_int-3_HUERS-2_P3-2
ERV_2775260,ERV_2775260_LTR25_int
Clade_881,HUERS-2_P3-2_int-2
ERV_2923383,ERV_2923383_HUERS_P3_int
ERV_2403933,ERV_2403933_HUERS_P3_int
Clade_882,HUERS-4_P3-4_int-4_LTR9C-1_LTR9A1-1
Clade_883,HUERS-2_P3-2_int-2_LTR9C-1
ERV_2662045,ERV_2662045_HUERS_P3_int_LTR9C
ERV_2239740,ERV_2239740_HUERS_P3_int
Clade_884,HUERS-2_P3-2_int-2_LTR9A1-1
ERV_2160713,ERV_2160713_HUERS_P3_int
ERV_4371594,ERV_4371594_HUERS_P3_int_LTR9A1
Clade_885,HUERS-2_P3-2_int-2
ERV_1713979,ERV_1713979_HUERS_P3_int
ERV_3264586,ERV_3264586_HUERS_P3_int
Clade_886,HUERS-3_P3-3_int-6_MER52-3
ERV_3723420,ERV_3723420_HUERS_P3_int
Clade_887,HUERS-2_P3-2_int-5_MER52-3
ERV_3969655,ERV_3969655_HUERS_P3_int
Clade_888,HUERS-1_P3-1_int-4_MER52-3
ERV_2119977,ERV_2119977_HUERS_P3_int
Clade_889,MER52-3_int-3
ERV_4439140,ERV_4439140_MER52_int
Clade_890,MER52-2_int-2
ERV_4444855,ERV_4444855_MER52_int
ERV_4429932,ERV_4429932_MER52_int
Clade_891,LTR25-1_int-2_HUERS-1_P3-1
ERV_1794678,ERV_1794678_LTR25_int
ERV_1147395,ERV_1147395_HUERS_P3_int
Clade_892,HUERS-1_P3-1_int-3_MER66A-1_MER66-1_MER52-1
ERV_4444125,ERV_4444125_MER52_int
Clade_893,HUERS-1_P3-1_int-2_MER66A-1_MER66-1
ERV_4429235,ERV_4429235_HUERS_P3_int
ERV_3852819,ERV_3852819_MER66A_MER66_int
Clade_894,HERV4-27_I-36_int-435_MER51E-4_MER51A-12_PRIMA41-30_ERVL-3_E-2_LTR41-1_MER66-6_MER41E-1_MER41C-17_MER57A-12_MER66C-1_MER41D-1_PABL-32_B-32_HERVS71-23_LTR6A-14_LTR6B-9_ERV24-20_Prim-34_HERVFH21-5_LTR21A-4_HERV3-34_LTR4-11_LTR61-5_LTR76-9_HERV1-23_LTRe-5_LTR15-12_HERV15-14_LTRc-7_LTRa-2_B4-1_HERVL32-3_MER70-1_MER70B-1_HERVE-108_a-30_LTR2C-36_LTR32-1_Harlequin-2_MER57C1-1_LTR39-2_HERVIP10F-30_LTR10A-14_MER50-9_MER84-3_MER83A-1_HERVFH19-1_PRIMA4-10_ERV24B-14_HERVIP10B3-17_LTR10B1-4_LTR10G-8_LTR10B2-2_HERVI-9_LTR10D-3_HERVIP10FH-2_LTR10E-1_MER4E-2_MER4B-3_LTR-4_MER101-1_LOR1-1_HERVK22-5_LTR22-4_LTR5-1_Hs-1_HERVK-1_MER110-1_HERVK11D-10_MER11D-10_LTR24B-8_LTR24-7_PRIMAX-1_MER89-2_MER57C2-1
Clade_895,HERV4-26_I-35_int-306_MER51E-4_MER51A-12_PRIMA41-30_ERVL-3_E-2_LTR41-1_MER66-6_MER41E-1_MER41C-17_MER57A-3_MER66C-1_MER41D-1_PABL-32_B-32_HERVS71-23_LTR6A-14_LTR6B-9_ERV24-3_Prim-3_HERVFH21-5_LTR21A-4_HERV3-34_LTR4-11_LTR61-5_LTR76-9_HERV1-23_LTRe-5_LTR15-12_HERV15-14_LTRc-7_LTRa-2_B4-1_HERVL32-3_MER70-1_MER70B-1_HERVE-108_a-30_LTR2C-36_LTR32-1_Harlequin-1_MER57C1-1_LTR39-2_HERVIP10F-1_LTR10A-1_MER50-9_MER84-3_MER83A-1_HERVFH19-1
Clade_896,HERV4-22_I-31_int-291_MER51E-4_MER51A-12_PRIMA41-30_ERVL-3_E-2_LTR41-1_MER66-6_MER41E-1_MER41C-17_MER57A-3_MER66C-1_MER41D-1_PABL-32_B-32_HERVS71-23_LTR6A-14_LTR6B-9_ERV24-3_Prim-3_HERVFH21-5_LTR21A-4_HERV3-34_LTR4-11_LTR61-5_LTR76-9_HERV1-23_LTRe-5_LTR15-12_HERV15-14_LTRc-7_LTRa-2_B4-1_HERVL32-3_MER70-1_MER70B-1_HERVE-108_a-30_LTR2C-36_LTR32-1_Harlequin-1_MER57C1-1_LTR39-2_HERVIP10F-1_LTR10A-1
Clade_897,HERV4-21_I-21_int-88_MER51E-3_MER51A-12_PRIMA41-28_ERVL-1_E-1_LTR41-1_MER66-6_MER41E-1_MER41C-16_MER57A-2_MER66C-1_MER41D-1_PABL-1_B-1_HERVS71-23_LTR6A-14_LTR6B-9_ERV24-1_Prim-1_HERVFH21-5_LTR21A-4
Clade_898,HERV4-21_I-21_int-26_MER51E-3_MER51A-12_PRIMA41-3_ERVL-1_E-1_LTR41-1_MER66-1_MER41E-1
Clade_899,HERV4-21_I-21_int-23_MER51E-3_MER51A-12_PRIMA41-2
Clade_900,HERV4-19_I-19_int-19_MER51E-3_MER51A-12
ERV_1147845,ERV_1147845_HERV4_I_int_MER51E
Clade_901,HERV4-18_I-18_int-18_MER51E-2_MER51A-12
Clade_902,HERV4-12_I-12_int-12_MER51E-2_MER51A-10
Clade_903,HERV4-2_I-2_int-2_MER51E-1_MER51A-1
ERV_1293818,ERV_1293818_HERV4_I_int_MER51E
ERV_2862989,ERV_2862989_HERV4_I_int_MER51A
Clade_904,HERV4-10_I-10_int-10_MER51A-9_MER51E-1
ERV_3787704,ERV_3787704_HERV4_I_int_MER51E
Clade_905,HERV4-9_I-9_int-9_MER51A-9
Clade_906,HERV4-3_I-3_int-3_MER51A-3
ERV_2207818,ERV_2207818_HERV4_I_int_MER51A
Clade_907,HERV4-2_I-2_int-2_MER51A-2
ERV_2319690,ERV_2319690_HERV4_I_int_MER51A
ERV_4031643,ERV_4031643_HERV4_I_int_MER51A
Clade_908,HERV4-6_I-6_int-6_MER51A-6
Clade_909,HERV4-4_I-4_int-4_MER51A-4
Clade_910,HERV4-2_I-2_int-2_MER51A-2
ERV_3139915,ERV_3139915_HERV4_I_int_MER51A
ERV_3360543,ERV_3360543_HERV4_I_int_MER51A
Clade_911,HERV4-2_I-2_int-2_MER51A-2
ERV_1119428,ERV_1119428_HERV4_I_int_MER51A
ERV_4300214,ERV_4300214_HERV4_I_int_MER51A
Clade_912,HERV4-2_I-2_int-2_MER51A-2
ERV_2989235,ERV_2989235_HERV4_I_int_MER51A
ERV_1327402,ERV_1327402_HERV4_I_int_MER51A
Clade_913,HERV4-6_I-6_int-6_MER51A-2
ERV_2979571,ERV_2979571_HERV4_I_int
Clade_914,HERV4-5_I-5_int-5_MER51A-2
ERV_3249038,ERV_3249038_HERV4_I_int
Clade_915,HERV4-4_I-4_int-4_MER51A-2
ERV_3861934,ERV_3861934_HERV4_I_int
Clade_916,HERV4-3_I-3_int-3_MER51A-2
ERV_3985826,ERV_3985826_HERV4_I_int
Clade_917,HERV4-2_I-2_int-2_MER51A-2
ERV_3265683,ERV_3265683_HERV4_I_int_MER51A
ERV_3860985,ERV_3860985_HERV4_I_int_MER51A
Clade_918,HERV4-2_I-2_int-4_PRIMA41-2
Clade_919,HERV4-1_I-1_int-2_PRIMA41-1
ERV_4305165,ERV_4305165_HERV4_I_int
ERV_4305194,ERV_4305194_PRIMA41_int
Clade_920,HERV4-1_I-1_int-2_PRIMA41-1
ERV_4400884,ERV_4400884_HERV4_I_int
ERV_4401048,ERV_4401048_PRIMA41_int
Clade_921,ERVL-1_E-1_int-3_LTR41-1_MER66-1_MER41E-1_PRIMA41-1
ERV_2170294,ERV_2170294_ERVL_E_int_LTR41
Clade_922,MER66-1_int-2_MER41E-1_PRIMA41-1
ERV_1083973,ERV_1083973_MER66_int_MER41E
ERV_4163088,ERV_4163088_PRIMA41_int
Clade_923,MER41C-16_PRIMA41-25_int-62_MER57A-2_MER66-5_MER66C-1_MER41D-1_PABL-1_B-1_HERVS71-23_LTR6A-14_LTR6B-9_ERV24-1_Prim-1_HERVFH21-5_LTR21A-4
Clade_924,MER41C-16_PRIMA41-24_int-31_MER57A-2_MER66-5_MER66C-1_MER41D-1
Clade_925,MER41C-16_PRIMA41-19_int-21_MER57A-2
ERV_4389793,ERV_4389793_PRIMA41_int
Clade_926,MER41C-16_PRIMA41-18_int-20_MER57A-2
Clade_927,MER41C-2_PRIMA41-2_int-4_MER57A-2
ERV_3259840,ERV_3259840_MER41C_PRIMA41_int
Clade_928,MER57A-2_int-3_MER41C-1_PRIMA41-1
ERV_3720342,ERV_3720342_MER41C_PRIMA41_int
Clade_929,MER57A-2_int-2
ERV_1975482,ERV_1975482_MER57A_int
ERV_1975530,ERV_1975530_MER57A_int
Clade_930,MER41C-14_PRIMA41-16_int-16
ERV_4288392,ERV_4288392_MER41C_PRIMA41_int
Clade_931,MER41C-13_PRIMA41-15_int-15
ERV_4369299,ERV_4369299_MER41C_PRIMA41_int
Clade_932,MER41C-12_PRIMA41-14_int-14
ERV_3708514,ERV_3708514_MER41C_PRIMA41_int
Clade_933,MER41C-11_PRIMA41-13_int-13
ERV_2280972,ERV_2280972_MER41C_PRIMA41_int
Clade_934,PRIMA41-12_int-12_MER41C-10
Clade_935,PRIMA41-2_int-2_MER41C-1
ERV_2321752,ERV_2321752_PRIMA41_int
ERV_1824033,ERV_1824033_MER41C_PRIMA41_int
Clade_936,MER41C-9_PRIMA41-10_int-10
Clade_937,MER41C-7_PRIMA41-8_int-8
Clade_938,MER41C-5_PRIMA41-6_int-6
ERV_3823214,ERV_3823214_MER41C_PRIMA41_int
Clade_939,MER41C-4_PRIMA41-5_int-5
ERV_1736721,ERV_1736721_MER41C_PRIMA41_int
Clade_940,MER41C-3_PRIMA41-4_int-4
ERV_2673975,ERV_2673975_MER41C_PRIMA41_int
Clade_941,MER41C-2_PRIMA41-3_int-3
ERV_3044324,ERV_3044324_MER41C_PRIMA41_int
Clade_942,MER41C-1_PRIMA41-2_int-2
ERV_4345873,ERV_4345873_MER41C_PRIMA41_int
ERV_1994121,ERV_1994121_PRIMA41_int
Clade_943,MER41C-2_PRIMA41-2_int-2
ERV_1231886,ERV_1231886_MER41C_PRIMA41_int
ERV_2977287,ERV_2977287_MER41C_PRIMA41_int
Clade_944,MER41C-2_PRIMA41-2_int-2
ERV_3636536,ERV_3636536_MER41C_PRIMA41_int
ERV_1184395,ERV_1184395_MER41C_PRIMA41_int
Clade_945,MER66-5_int-10_PRIMA41-5_MER66C-1_MER41D-1
Clade_946,MER66-5_int-8_PRIMA41-3_MER66C-1
Clade_947,MER66-2_int-3_PRIMA41-1
ERV_2781396,ERV_2781396_PRIMA41_int
Clade_948,MER66-2_int-2
ERV_4124266,ERV_4124266_MER66_int
ERV_2816893,ERV_2816893_MER66_int
Clade_949,MER66-3_int-5_MER66C-1_PRIMA41-2
ERV_2363501,ERV_2363501_MER66_int
Clade_950,MER66-2_int-4_MER66C-1_PRIMA41-2
ERV_1183630,ERV_1183630_MER66_int
Clade_951,MER66-1_int-3_MER66C-1_PRIMA41-2
ERV_4304709,ERV_4304709_MER66_int_MER66C
Clade_952,PRIMA41-2_int-2
ERV_2444046,ERV_2444046_PRIMA41_int
ERV_1746280,ERV_1746280_PRIMA41_int
Clade_953,PRIMA41-2_int-2_MER41D-1
ERV_1751409,ERV_1751409_PRIMA41_int_MER41D
ERV_3052584,ERV_3052584_PRIMA41_int
Clade_954,PABL-1_B-1_int-31_PRIMA41-1_HERVS71-23_LTR6A-14_LTR6B-9_ERV24-1_Prim-1_HERVFH21-5_LTR21A-4
ERV_3917385,ERV_3917385_PABL_B_int
Clade_955,PRIMA41-1_int-30_HERVS71-23_LTR6A-14_LTR6B-9_ERV24-1_Prim-1_HERVFH21-5_LTR21A-4
Clade_956,PRIMA41-1_int-25_HERVS71-23_LTR6A-14_LTR6B-9_ERV24-1_Prim-1
ERV_2431783,ERV_2431783_PRIMA41_int
Clade_957,HERVS71-23_int-24_LTR6A-14_LTR6B-9_ERV24-1_Prim-1
Clade_958,HERVS71-6_int-6_LTR6A-5_LTR6B-1
ERV_1821314,ERV_1821314_HERVS71_int_LTR6A
Clade_959,HERVS71-5_int-5_LTR6A-4_LTR6B-1
ERV_4419722,ERV_4419722_HERVS71_int_LTR6A
Clade_960,HERVS71-4_int-4_LTR6A-3_LTR6B-1
Clade_961,HERVS71-2_int-2_LTR6A-2
ERV_4446826,ERV_4446826_HERVS71_int_LTR6A
ERV_4431369,ERV_4431369_HERVS71_int_LTR6A
Clade_962,HERVS71-2_int-2_LTR6B-1_LTR6A-1
ERV_1880598,ERV_1880598_HERVS71_int_LTR6B_LTR6A
ERV_3712791,ERV_3712791_HERVS71_int
Clade_963,ERV24-1_Prim-1_int-18_HERVS71-17_LTR6A-9_LTR6B-8
ERV_4440530,ERV_4440530_HERVS71_int_LTR6A
Clade_964,ERV24-1_Prim-1_int-17_HERVS71-16_LTR6A-8_LTR6B-8
ERV_3535241,ERV_3535241_ERV24_Prim_int
Clade_965,HERVS71-16_int-16_LTR6A-8_LTR6B-8
Clade_966,HERVS71-5_int-5_LTR6A-5
ERV_2578627,ERV_2578627_HERVS71_int_LTR6A
Clade_967,HERVS71-4_int-4_LTR6A-4
ERV_3673343,ERV_3673343_HERVS71_int_LTR6A
Clade_968,HERVS71-3_int-3_LTR6A-3
ERV_1510214,ERV_1510214_HERVS71_int_LTR6A
Clade_969,HERVS71-2_int-2_LTR6A-2
ERV_4426074,ERV_4426074_HERVS71_int_LTR6A
ERV_4442614,ERV_4442614_HERVS71_int_LTR6A
Clade_970,HERVS71-11_int-11_LTR6A-3_LTR6B-8
ERV_4418806,ERV_4418806_HERVS71_int_LTR6A
Clade_971,HERVS71-10_int-10_LTR6A-2_LTR6B-8
ERV_3330866,ERV_3330866_HERVS71_int_LTR6A
Clade_972,HERVS71-9_int-9_LTR6A-1_LTR6B-8
ERV_1262404,ERV_1262404_HERVS71_int_LTR6A
Clade_973,HERVS71-8_int-8_LTR6B-8
Clade_974,HERVS71-3_int-3_LTR6B-3
ERV_2764354,ERV_2764354_HERVS71_int_LTR6B
Clade_975,HERVS71-2_int-2_LTR6B-2
ERV_1326450,ERV_1326450_HERVS71_int_LTR6B
ERV_3486013,ERV_3486013_HERVS71_int_LTR6B
Clade_976,HERVS71-5_int-5_LTR6B-5
ERV_3256518,ERV_3256518_HERVS71_int_LTR6B
Clade_977,HERVS71-4_int-4_LTR6B-4
ERV_1889179,ERV_1889179_HERVS71_int_LTR6B
Clade_978,HERVS71-3_int-3_LTR6B-3
ERV_2015533,ERV_2015533_HERVS71_int_LTR6B
Clade_979,HERVS71-2_int-2_LTR6B-2
ERV_1881464,ERV_1881464_HERVS71_int_LTR6B
ERV_2753942,ERV_2753942_HERVS71_int_LTR6B
Clade_980,HERVFH21-5_int-5_LTR21A-4
ERV_4264899,ERV_4264899_HERVFH21_int_LTR21A
Clade_981,HERVFH21-4_int-4_LTR21A-3
Clade_982,HERVFH21-2_int-2_LTR21A-2
ERV_3702975,ERV_3702975_HERVFH21_int_LTR21A
ERV_3961285,ERV_3961285_HERVFH21_int_LTR21A
Clade_983,HERVFH21-2_int-2_LTR21A-1
ERV_1202171,ERV_1202171_HERVFH21_int_LTR21A
ERV_3947551,ERV_3947551_HERVFH21_int
Clade_984,HERV3-34_int-203_LTR4-11_LTR61-5_LTR76-9_HERV1-23_LTRe-5_LTR15-12_HERV15-14_LTRc-7_I-10_LTRa-2_ERVL-2_B4-1_PRIMA41-2_HERVL32-3_MER70-1_MER70B-1_HERVE-108_a-30_LTR2C-36_ERV24-2_Prim-2_LTR32-1_E-1_HERV4-1_MER51E-1_Harlequin-1_MER57C1-1_MER57A-1_PABL-31_B-31_LTR39-2_MER41C-1_HERVIP10F-1_LTR10A-1
Clade_985,HERV3-33_int-176_LTR4-11_LTR61-5_LTR76-9_HERV1-23_LTRe-5_LTR15-12_HERV15-14_LTRc-7_I-10_LTRa-2_ERVL-2_B4-1_PRIMA41-1_HERVL32-3_MER70-1_MER70B-1_HERVE-108_a-30_LTR2C-36_ERV24-2_Prim-2_LTR32-1_E-1_HERV4-1_MER51E-1_Harlequin-1_MER57C1-1_MER57A-1
Clade_986,HERV3-33_int-171_LTR4-11_LTR61-5_LTR76-9_HERV1-17_LTRe-5_LTR15-12_HERV15-14_LTRc-4_I-7_LTRa-2_ERVL-2_B4-1_PRIMA41-1_HERVL32-3_MER70-1_MER70B-1_HERVE-108_a-30_LTR2C-36_ERV24-1_Prim-1_LTR32-1_E-1_HERV4-1_MER51E-1_Harlequin-1
Clade_987,HERV3-15_int-28_LTR4-9_LTR61-2_LTR76-1_HERV1-14_LTRe-2_LTR15-5_HERV15-5_LTRc-4_I-6_LTRa-2_ERVL-1_B4-1_PRIMA41-1
Clade_988,HERV3-14_int-26_LTR4-9_LTR61-2_LTR76-1_HERV1-14_LTRe-2_LTR15-5_HERV15-5_LTRc-4_I-6_LTRa-2_ERVL-1_B4-1
Clade_989,HERV3-4_int-4_LTR4-2_LTR61-2
Clade_990,HERV3-2_int-2_LTR4-2
ERV_4443690,ERV_4443690_HERV3_int_LTR4
ERV_4428178,ERV_4428178_HERV3_int_LTR4
Clade_991,HERV3-2_int-2_LTR61-2
ERV_1880391,ERV_1880391_HERV3_int_LTR61
ERV_3679426,ERV_3679426_HERV3_int_LTR61
Clade_992,HERV3-10_int-22_LTR4-7_LTR76-1_HERV1-14_LTRe-2_LTR15-5_HERV15-5_LTRc-4_I-6_LTRa-2_ERVL-1_B4-1
Clade_993,HERV3-6_int-17_LTR4-3_LTR76-1_HERV1-14_LTRe-2_LTR15-5_HERV15-5_LTRc-4_I-6_LTRa-2
Clade_994,HERV3-3_int-3_LTR4-3
ERV_3731545,ERV_3731545_HERV3_int_LTR4
Clade_995,HERV3-2_int-2_LTR4-2
ERV_3780106,ERV_3780106_HERV3_int_LTR4
ERV_3768671,ERV_3768671_HERV3_int_LTR4
Clade_996,HERV3-3_int-14_LTR76-1_HERV1-14_LTRe-2_LTR15-5_HERV15-5_LTRc-4_I-6_LTRa-2
ERV_1262697,ERV_1262697_HERV3_int_LTR76
Clade_997,HERV3-2_int-13_HERV1-14_LTRe-2_LTR15-5_HERV15-5_LTRc-4_I-6_LTRa-2
Clade_998,HERV3-2_int-2_HERV1-2_LTRe-2
ERV_4444616,ERV_4444616_HERV3_int_HERV1_LTRe
ERV_1758435,ERV_1758435_HERV3_int_HERV1_LTRe
Clade_999,LTR15-5_HERV15-5_int-11_HERV1-12_LTRc-4_I-6_LTRa-2
Clade_1000,LTR15-5_HERV15-5_int-5
Clade_1001,LTR15-2_HERV15-2_int-2
ERV_4423522,ERV_4423522_LTR15_HERV15_int
ERV_4422944,ERV_4422944_LTR15_HERV15_int
Clade_1002,LTR15-3_HERV15-3_int-3
ERV_1880248,ERV_1880248_LTR15_HERV15_int
Clade_1003,LTR15-2_HERV15-2_int-2
ERV_4391873,ERV_4391873_LTR15_HERV15_int
ERV_4291938,ERV_4291938_LTR15_HERV15_int
Clade_1004,HERV1-12_LTRc-4_I-6_int-6_LTRa-2
Clade_1005,HERV1-8_LTRc-4_I-4_int-4
ERV_4423698,ERV_4423698_HERV1_LTRc_HERV1_I_int
Clade_1006,HERV1-6_LTRc-3_I-3_int-3
ERV_3468883,ERV_3468883_HERV1_LTRc_HERV1_I_int
Clade_1007,HERV1-4_LTRc-2_I-2_int-2
ERV_3528477,ERV_3528477_HERV1_LTRc_HERV1_I_int
ERV_1091404,ERV_1091404_HERV1_LTRc_HERV1_I_int
Clade_1008,HERV1-4_LTRa-2_I-2_int-2
ERV_2394906,ERV_2394906_HERV1_LTRa_HERV1_I_int
ERV_3942659,ERV_3942659_HERV1_I_int_HERV1_LTRa
Clade_1009,ERVL-1_B4-1_int-5_HERV3-4_LTR4-4
ERV_1354523,ERV_1354523_ERVL_B4_int
Clade_1010,HERV3-4_int-4_LTR4-4
ERV_4446917,ERV_4446917_HERV3_int_LTR4
Clade_1011,HERV3-3_int-3_LTR4-3
ERV_4445149,ERV_4445149_HERV3_int_LTR4
Clade_1012,HERV3-2_int-2_LTR4-2
ERV_4431218,ERV_4431218_HERV3_int_LTR4
ERV_4430124,ERV_4430124_HERV3_int_LTR4
Clade_1013,HERV3-1_int-2_PRIMA41-1
ERV_1711985,ERV_1711985_HERV3_int
ERV_3130307,ERV_3130307_PRIMA41_int
Clade_1014,HERV3-18_int-143_LTR61-3_LTR76-8_LTR4-2_HERVL32-3_MER70-1_MER70B-1_HERV1-3_LTRe-3_HERV15-9_HERVE-108_a-30_LTR2C-36_ERV24-1_Prim-1_LTR32-1_ERVL-1_E-1_HERV4-1_I-1_MER51E-1_Harlequin-1_LTR15-7
Clade_1015,HERV3-9_int-18_LTR61-3_LTR76-2_LTR4-1_HERVL32-1_MER70-1_MER70B-1_HERV1-2_LTRe-2_HERV15-2_HERVE-5_a-1_LTR2C-3
Clade_1016,HERV3-9_int-13_LTR61-3_LTR76-2_LTR4-1_HERVL32-1_MER70-1_MER70B-1_HERV1-2_LTRe-2_HERV15-2
Clade_1017,HERV3-6_int-8_LTR61-3_LTR76-2_LTR4-1_HERVL32-1_MER70-1_MER70B-1
Clade_1018,HERV3-6_int-6_LTR61-3_LTR76-2_LTR4-1
Clade_1019,HERV3-2_int-2_LTR61-2
ERV_1904146,ERV_1904146_HERV3_int_LTR61
ERV_1904120,ERV_1904120_HERV3_int_LTR61
Clade_1020,HERV3-4_int-4_LTR61-1_LTR76-2_LTR4-1
ERV_2822756,ERV_2822756_HERV3_int_LTR61
Clade_1021,HERV3-3_int-3_LTR76-2_LTR4-1
ERV_1881848,ERV_1881848_HERV3_int_LTR4
Clade_1022,HERV3-2_int-2_LTR76-2
ERV_2386004,ERV_2386004_HERV3_int_LTR76
ERV_2884967,ERV_2884967_HERV3_int_LTR76
Clade_1023,HERVL32-1_int-2_MER70-1_MER70B-1
ERV_3016410,ERV_3016410_HERVL32_int
ERV_3436857,ERV_3436857_MER70_int_MER70B
Clade_1024,HERV3-3_int-5_HERV1-2_LTRe-2_HERV15-2
Clade_1025,HERV3-2_int-2_HERV1-1_LTRe-1
ERV_3673832,ERV_3673832_HERV3_int
ERV_3339077,ERV_3339077_HERV3_int_HERV1_LTRe
Clade_1026,HERV3-1_int-3_HERV1-1_LTRe-1_HERV15-2
ERV_1881024,ERV_1881024_HERV3_int_HERV1_LTRe
Clade_1027,HERV15-2_int-2
ERV_4242484,ERV_4242484_HERV15_int
ERV_1932031,ERV_1932031_HERV15_int
Clade_1028,HERVE-5_a-1_int-5_LTR2C-3
ERV_3837326,ERV_3837326_HERVE_a_int
Clade_1029,HERVE-4_int-4_LTR2C-3
ERV_1853527,ERV_1853527_HERVE_int_LTR2C
Clade_1030,HERVE-3_int-3_LTR2C-2
ERV_1087255,ERV_1087255_HERVE_int
Clade_1031,HERVE-2_int-2_LTR2C-2
ERV_2157600,ERV_2157600_HERVE_int_LTR2C
ERV_4420477,ERV_4420477_HERVE_int_LTR2C
Clade_1032,ERV24-1_Prim-1_int-125_HERVL32-2_LTR32-1_ERVL-1_E-1_HERV4-1_I-1_MER51E-1_HERVE-103_a-29_LTR2C-33_Harlequin-1_HERV3-9_HERV1-1_LTRe-1_LTR4-1_LTR76-6_LTR15-7_HERV15-7
ERV_1926452,ERV_1926452_ERV24_Prim_int
Clade_1033,HERVL32-2_int-124_LTR32-1_ERVL-1_E-1_HERV4-1_I-1_MER51E-1_HERVE-103_a-29_LTR2C-33_Harlequin-1_HERV3-9_HERV1-1_LTRe-1_LTR4-1_LTR76-6_LTR15-7_HERV15-7
Clade_1034,HERVL32-2_int-109_LTR32-1_ERVL-1_E-1_HERV4-1_I-1_MER51E-1_HERVE-103_a-29_LTR2C-33_Harlequin-1_HERV3-1_HERV1-1_LTRe-1
Clade_1035,HERVL32-2_int-105_LTR32-1_ERVL-1_E-1_HERV4-1_I-1_MER51E-1_HERVE-100_a-27_LTR2C-33_Harlequin-1
Clade_1036,HERVL32-2_int-3_LTR32-1_ERVL-1_E-1
ERV_3878353,ERV_3878353_ERVL_E_int
Clade_1037,HERVL32-2_int-2_LTR32-1
ERV_3326179,ERV_3326179_HERVL32_int
ERV_3764785,ERV_3764785_HERVL32_int_LTR32
Clade_1038,HERV4-1_I-1_int-102_MER51E-1_HERVE-100_a-27_LTR2C-33_Harlequin-1
ERV_3132597,ERV_3132597_HERV4_I_int_MER51E
Clade_1039,HERVE-100_a-27_int-101_LTR2C-33_Harlequin-1
Clade_1040,HERVE-25_a-25_int-25
ERV_4260130,ERV_4260130_HERVE_a_int
Clade_1041,HERVE-24_a-24_int-24
Clade_1042,HERVE-18_a-18_int-18
ERV_2677626,ERV_2677626_HERVE_a_int
Clade_1043,HERVE-17_a-17_int-17
Clade_1044,HERVE-3_a-3_int-3
ERV_4356739,ERV_4356739_HERVE_a_int
Clade_1045,HERVE-2_a-2_int-2
ERV_1731490,ERV_1731490_HERVE_a_int
ERV_2564296,ERV_2564296_HERVE_a_int
Clade_1046,HERVE-14_a-14_int-14
Clade_1047,HERVE-3_a-3_int-3
ERV_1869045,ERV_1869045_HERVE_a_int
Clade_1048,HERVE-2_a-2_int-2
ERV_4425326,ERV_4425326_HERVE_a_int
ERV_1034415,ERV_1034415_HERVE_a_int
Clade_1049,HERVE-11_a-11_int-11
Clade_1050,HERVE-7_a-7_int-7
Clade_1051,HERVE-3_a-3_int-3
ERV_4200560,ERV_4200560_HERVE_a_int
Clade_1052,HERVE-2_a-2_int-2
ERV_4447486,ERV_4447486_HERVE_a_int
ERV_4412834,ERV_4412834_HERVE_a_int
Clade_1053,HERVE-4_a-4_int-4
Clade_1054,HERVE-2_a-2_int-2
ERV_3384041,ERV_3384041_HERVE_a_int
ERV_2901821,ERV_2901821_HERVE_a_int
Clade_1055,HERVE-2_a-2_int-2
ERV_2760522,ERV_2760522_HERVE_a_int
ERV_4420537,ERV_4420537_HERVE_a_int
Clade_1056,HERVE-4_a-4_int-4
Clade_1057,HERVE-2_a-2_int-2
ERV_3141425,ERV_3141425_HERVE_a_int
ERV_1879798,ERV_1879798_HERVE_a_int
Clade_1058,HERVE-2_a-2_int-2
ERV_2410896,ERV_2410896_HERVE_a_int
ERV_1360975,ERV_1360975_HERVE_a_int
Clade_1059,HERVE-6_a-6_int-6
Clade_1060,HERVE-3_a-3_int-3
ERV_3310634,ERV_3310634_HERVE_a_int
Clade_1061,HERVE-2_a-2_int-2
ERV_2999352,ERV_2999352_HERVE_a_int
ERV_4311227,ERV_4311227_HERVE_a_int
Clade_1062,HERVE-3_a-3_int-3
ERV_4426693,ERV_4426693_HERVE_a_int
Clade_1063,HERVE-2_a-2_int-2
ERV_2818823,ERV_2818823_HERVE_a_int
ERV_4360453,ERV_4360453_HERVE_a_int
Clade_1064,HERVE-75_int-76_LTR2C-33_Harlequin-1_a-2
ERV_3487792,ERV_3487792_HERVE_int_LTR2C
Clade_1065,HERVE-74_int-75_LTR2C-32_Harlequin-1_a-2
Clade_1066,HERVE-70_int-71_LTR2C-32_Harlequin-1
Clade_1067,HERVE-57_int-57_LTR2C-22
Clade_1068,HERVE-46_int-46_LTR2C-12
Clade_1069,HERVE-43_int-43_LTR2C-9
ERV_4194209,ERV_4194209_HERVE_int_LTR2C
Clade_1070,HERVE-42_int-42_LTR2C-8
ERV_1973192,ERV_1973192_HERVE_int_LTR2C
Clade_1071,HERVE-41_int-41_LTR2C-7
Clade_1072,HERVE-2_int-2_LTR2C-2
ERV_3925736,ERV_3925736_HERVE_int_LTR2C
ERV_3798052,ERV_3798052_HERVE_int_LTR2C
Clade_1073,HERVE-39_int-39_LTR2C-5
ERV_3926219,ERV_3926219_HERVE_int_LTR2C
Clade_1074,HERVE-38_int-38_LTR2C-4
ERV_2044837,ERV_2044837_HERVE_int_LTR2C
Clade_1075,HERVE-37_int-37_LTR2C-3
Clade_1076,HERVE-8_int-8
ERV_2715487,ERV_2715487_HERVE_int
Clade_1077,HERVE-7_int-7
ERV_2498044,ERV_2498044_HERVE_int
Clade_1078,HERVE-6_int-6
Clade_1079,HERVE-2_int-2
ERV_2794712,ERV_2794712_HERVE_int
ERV_2948114,ERV_2948114_HERVE_int
Clade_1080,HERVE-4_int-4
ERV_1154628,ERV_1154628_HERVE_int
Clade_1081,HERVE-3_int-3
ERV_2794350,ERV_2794350_HERVE_int
Clade_1082,HERVE-2_int-2
ERV_3754284,ERV_3754284_HERVE_int
ERV_3700081,ERV_3700081_HERVE_int
Clade_1083,HERVE-29_int-29_LTR2C-3
Clade_1084,HERVE-10_int-10_LTR2C-2
ERV_1087706,ERV_1087706_HERVE_int
Clade_1085,HERVE-9_int-9_LTR2C-2
Clade_1086,HERVE-2_int-2
ERV_2044817,ERV_2044817_HERVE_int
ERV_2044830,ERV_2044830_HERVE_int
Clade_1087,HERVE-7_int-7_LTR2C-2
Clade_1088,HERVE-5_int-5
ERV_2498048,ERV_2498048_HERVE_int
Clade_1089,HERVE-4_int-4
ERV_2794981,ERV_2794981_HERVE_int
Clade_1090,HERVE-3_int-3
ERV_1973173,ERV_1973173_HERVE_int
Clade_1091,HERVE-2_int-2
ERV_4160422,ERV_4160422_HERVE_int
ERV_4069335,ERV_4069335_HERVE_int
Clade_1092,HERVE-2_int-2_LTR2C-2
ERV_3798867,ERV_3798867_HERVE_int_LTR2C
ERV_3926071,ERV_3926071_HERVE_int_LTR2C
Clade_1093,HERVE-19_int-19_LTR2C-1
ERV_2599093,ERV_2599093_HERVE_int_LTR2C
Clade_1094,HERVE-18_int-18
Clade_1095,HERVE-12_int-12
Clade_1096,HERVE-3_int-3
ERV_2743603,ERV_2743603_HERVE_int
Clade_1097,HERVE-2_int-2
ERV_2599108,ERV_2599108_HERVE_int
ERV_2599122,ERV_2599122_HERVE_int
Clade_1098,HERVE-9_int-9
ERV_2715311,ERV_2715311_HERVE_int
Clade_1099,HERVE-8_int-8
Clade_1100,HERVE-3_int-3
ERV_2794670,ERV_2794670_HERVE_int
Clade_1101,HERVE-2_int-2
ERV_3925819,ERV_3925819_HERVE_int
ERV_3925942,ERV_3925942_HERVE_int
Clade_1102,HERVE-5_int-5
ERV_3926209,ERV_3926209_HERVE_int
Clade_1103,HERVE-4_int-4
Clade_1104,HERVE-2_int-2
ERV_3922996,ERV_3922996_HERVE_int
ERV_3922832,ERV_3922832_HERVE_int
Clade_1105,HERVE-2_int-2
ERV_3798747,ERV_3798747_HERVE_int
ERV_3798459,ERV_3798459_HERVE_int
Clade_1106,HERVE-6_int-6
Clade_1107,HERVE-2_int-2
ERV_2794324,ERV_2794324_HERVE_int
ERV_2947945,ERV_2947945_HERVE_int
Clade_1108,HERVE-4_int-4
ERV_2794685,ERV_2794685_HERVE_int
Clade_1109,HERVE-3_int-3
ERV_3700100,ERV_3700100_HERVE_int
Clade_1110,HERVE-2_int-2
ERV_2948132,ERV_2948132_HERVE_int
ERV_2948131,ERV_2948131_HERVE_int
Clade_1111,HERVE-3_int-3_LTR2C-3
ERV_3252809,ERV_3252809_HERVE_int_LTR2C
Clade_1112,HERVE-2_int-2_LTR2C-2
ERV_4004034,ERV_4004034_HERVE_int_LTR2C
ERV_2909432,ERV_2909432_HERVE_int_LTR2C
Clade_1113,HERVE-11_int-11_LTR2C-10
Clade_1114,HERVE-9_int-9_LTR2C-9
ERV_3925726,ERV_3925726_HERVE_int_LTR2C
Clade_1115,HERVE-8_int-8_LTR2C-8
ERV_2107704,ERV_2107704_HERVE_int_LTR2C
Clade_1116,HERVE-7_int-7_LTR2C-7
ERV_1645327,ERV_1645327_HERVE_int_LTR2C
Clade_1117,HERVE-6_int-6_LTR2C-6
ERV_4270438,ERV_4270438_HERVE_int_LTR2C
Clade_1118,HERVE-5_int-5_LTR2C-5
Clade_1119,HERVE-3_int-3_LTR2C-3
ERV_2743682,ERV_2743682_HERVE_int_LTR2C
Clade_1120,HERVE-2_int-2_LTR2C-2
ERV_3700154,ERV_3700154_HERVE_int_LTR2C
ERV_2794452,ERV_2794452_HERVE_int_LTR2C
Clade_1121,HERVE-2_int-2_LTR2C-2
ERV_3820182,ERV_3820182_HERVE_int_LTR2C
ERV_1879967,ERV_1879967_HERVE_int_LTR2C
Clade_1122,HERVE-2_int-2_LTR2C-1
ERV_4420590,ERV_4420590_HERVE_int
ERV_2283328,ERV_2283328_HERVE_int_LTR2C
Clade_1123,HERVE-13_int-14_LTR2C-10_Harlequin-1
Clade_1124,HERVE-6_int-6_LTR2C-6
Clade_1125,HERVE-2_int-2_LTR2C-2
ERV_1956209,ERV_1956209_HERVE_int_LTR2C
ERV_3371735,ERV_3371735_HERVE_int_LTR2C
Clade_1126,HERVE-4_int-4_LTR2C-4
ERV_3251956,ERV_3251956_HERVE_int_LTR2C
Clade_1127,HERVE-3_int-3_LTR2C-3
ERV_2490959,ERV_2490959_HERVE_int_LTR2C
Clade_1128,HERVE-2_int-2_LTR2C-2
ERV_4439314,ERV_4439314_HERVE_int_LTR2C
ERV_4418506,ERV_4418506_HERVE_int_LTR2C
Clade_1129,HERVE-7_int-8_LTR2C-4_Harlequin-1
ERV_3824750,ERV_3824750_HERVE_int
Clade_1130,HERVE-6_int-7_LTR2C-4_Harlequin-1
Clade_1131,HERVE-2_int-2_LTR2C-1
ERV_1595253,ERV_1595253_HERVE_int
ERV_4429302,ERV_4429302_HERVE_int_LTR2C
Clade_1132,Harlequin-1_int-5_HERVE-4_LTR2C-3
Clade_1133,Harlequin-1_int-2_HERVE-1_LTR2C-1
ERV_3668600,ERV_3668600_Harlequin_int
ERV_2929711,ERV_2929711_HERVE_int_LTR2C
Clade_1134,HERVE-3_int-3_LTR2C-2
ERV_2560454,ERV_2560454_HERVE_int_LTR2C
Clade_1135,HERVE-2_int-2_LTR2C-1
ERV_4355974,ERV_4355974_HERVE_int_LTR2C
ERV_1825078,ERV_1825078_HERVE_int
Clade_1136,HERVE-4_a-2_int-4
Clade_1137,HERVE-2_a-1_int-2
ERV_1821192,ERV_1821192_HERVE_a_int
ERV_3121309,ERV_3121309_HERVE_int
Clade_1138,HERVE-2_a-1_int-2
ERV_4420324,ERV_4420324_HERVE_a_int
ERV_1871574,ERV_1871574_HERVE_int
Clade_1139,HERVE-3_a-2_int-4_HERV3-1_HERV1-1_LTRe-1
ERV_4419043,ERV_4419043_HERV3_int_HERV1_LTRe
Clade_1140,HERVE-3_a-2_int-3
ERV_4442765,ERV_4442765_HERVE_a_int
Clade_1141,HERVE-2_int-2_a-1
ERV_4439197,ERV_4439197_HERVE_int
ERV_4429827,ERV_4429827_HERVE_a_int
Clade_1142,HERV3-8_int-15_LTR4-1_LTR76-6_LTR15-7_HERV15-7
Clade_1143,HERV3-3_int-3_LTR4-1_LTR76-2
ERV_3376915,ERV_3376915_HERV3_int_LTR4
Clade_1144,HERV3-2_int-2_LTR76-2
ERV_4374731,ERV_4374731_HERV3_int_LTR76
ERV_4436460,ERV_4436460_HERV3_int_LTR76
Clade_1145,HERV3-5_int-12_LTR15-7_HERV15-7_LTR76-4
Clade_1146,HERV3-1_int-8_LTR15-7_HERV15-7
ERV_1394021,ERV_1394021_HERV3_int
Clade_1147,LTR15-7_HERV15-7_int-7
ERV_2520689,ERV_2520689_LTR15_HERV15_int
Clade_1148,LTR15-6_HERV15-6_int-6
Clade_1149,LTR15-4_HERV15-4_int-4
ERV_1394020,ERV_1394020_LTR15_HERV15_int
Clade_1150,LTR15-3_HERV15-3_int-3
ERV_1821956,ERV_1821956_LTR15_HERV15_int
Clade_1151,LTR15-2_HERV15-2_int-2
ERV_4443225,ERV_4443225_LTR15_HERV15_int
ERV_4427936,ERV_4427936_LTR15_HERV15_int
Clade_1152,LTR15-2_HERV15-2_int-2
ERV_2526088,ERV_2526088_LTR15_HERV15_int
ERV_1418097,ERV_1418097_LTR15_HERV15_int
Clade_1153,HERV3-4_int-4_LTR76-4
ERV_2587108,ERV_2587108_HERV3_int_LTR76
Clade_1154,HERV3-3_int-3_LTR76-3
ERV_1371114,ERV_1371114_HERV3_int_LTR76
Clade_1155,HERV3-2_int-2_LTR76-2
ERV_2846319,ERV_2846319_HERV3_int_LTR76
ERV_2986275,ERV_2986275_HERV3_int_LTR76
Clade_1156,HERV1-6_LTRc-3_I-3_int-5_MER57C1-1_MER57A-1_ERV24-1_Prim-1
Clade_1157,HERV1-6_LTRc-3_I-3_int-3
ERV_4428446,ERV_4428446_HERV1_LTRc_HERV1_I_int
Clade_1158,HERV1-4_LTRc-2_I-2_int-2
ERV_2522216,ERV_2522216_HERV1_LTRc_HERV1_I_int
ERV_2737343,ERV_2737343_HERV1_LTRc_HERV1_I_int
Clade_1159,MER57C1-1_MER57A-1_int-2_ERV24-1_Prim-1
ERV_3308362,ERV_3308362_MER57C1_MER57A_int
ERV_1071877,ERV_1071877_ERV24_Prim_int
Clade_1160,PABL-31_B-31_int-27_LTR39-2_HERV3-1_MER41C-1_PRIMA41-1_HERVIP10F-1_LTR10A-1
Clade_1161,PABL-15_B-15_int-14_LTR39-2_HERV3-1_MER41C-1_PRIMA41-1
Clade_1162,PABL-2_B-2_int-4_LTR39-2_HERV3-1
ERV_4230961,ERV_4230961_PABL_B_int
Clade_1163,PABL-1_B-1_int-3_LTR39-2_HERV3-1
ERV_2009013,ERV_2009013_HERV3_int
Clade_1164,PABL-1_B-1_int-2_LTR39-2
ERV_2670169,ERV_2670169_PABL_B_int
ERV_4320090,ERV_4320090_LTR39_int_LTR39
Clade_1165,PABL-13_B-13_int-10_MER41C-1_PRIMA41-1
Clade_1166,PABL-12_B-12_int-8
ERV_2218790,ERV_2218790_PABL_B_int
Clade_1167,PABL-11_B-11_int-7
Clade_1168,PABL-9_B-9_int-5
Clade_1169,PABL-5_B-5_int-3
ERV_4006004,ERV_4006004_PABL_B_int
Clade_1170,PABL-4_B-4_int-2
ERV_3961270,ERV_3961270_PABL_B_int_PABL_B
ERV_4376660,ERV_4376660_PABL_B_int_PABL_B
Clade_1171,PABL-4_B-4_int-2
ERV_2506692,ERV_2506692_PABL_B_int_PABL_B
ERV_3608943,ERV_3608943_PABL_B_int_PABL_B
Clade_1172,PABL-2_B-2_int-2
ERV_2670171,ERV_2670171_PABL_B_int
ERV_4276960,ERV_4276960_PABL_B_int
Clade_1173,PABL-1_B-1_int-2_MER41C-1_PRIMA41-1
ERV_2328661,ERV_2328661_PABL_B_int
ERV_2850328,ERV_2850328_MER41C_PRIMA41_int
Clade_1174,PABL-16_B-16_int-13_HERVIP10F-1_LTR10A-1
Clade_1175,PABL-6_B-6_int-7_HERVIP10F-1_LTR10A-1
Clade_1176,PABL-5_B-5_int-5
ERV_1741538,ERV_1741538_PABL_B_int
Clade_1177,PABL-4_B-4_int-4
ERV_3778042,ERV_3778042_PABL_B_int
Clade_1178,PABL-3_B-3_int-3
ERV_1341695,ERV_1341695_PABL_B_int
Clade_1179,PABL-2_B-2_int-2
ERV_1341399,ERV_1341399_PABL_B_int
ERV_1341558,ERV_1341558_PABL_B_int
Clade_1180,PABL-1_B-1_int-2_HERVIP10F-1_LTR10A-1
ERV_2896854,ERV_2896854_PABL_B_int
ERV_1207201,ERV_1207201_HERVIP10F_int_LTR10A
Clade_1181,PABL-10_B-10_int-6
Clade_1182,PABL-2_B-2_int-2
ERV_3293691,ERV_3293691_PABL_B_int
ERV_1728131,ERV_1728131_PABL_B_int
Clade_1183,PABL-8_B-8_int-4
ERV_2878062,ERV_2878062_PABL_B_int_PABL_B
Clade_1184,PABL-6_B-6_int-3
ERV_3237544,ERV_3237544_PABL_B_int_PABL_B
Clade_1185,PABL-4_B-4_int-2
ERV_2809303,ERV_2809303_PABL_B_int_PABL_B
ERV_4228454,ERV_4228454_PABL_B_int_PABL_B
Clade_1186,MER50-9_int-15_HERV4-4_I-4_MER84-3_MER83A-1_HERVFH19-1
Clade_1187,MER50-9_int-8_HERV4-2_I-2
Clade_1188,MER50-4_int-3
ERV_2828133,ERV_2828133_MER50_int
Clade_1189,MER50-3_int-2
ERV_4436706,ERV_4436706_MER50_int
ERV_4375011,ERV_4375011_MER50_int_MER50
Clade_1190,HERV4-2_I-2_int-5_MER50-5
ERV_4249276,ERV_4249276_HERV4_I_int
Clade_1191,HERV4-1_I-1_int-4_MER50-5
ERV_4261843,ERV_4261843_HERV4_I_int
Clade_1192,MER50-5_int-3
ERV_4025796,ERV_4025796_MER50_int_MER50
Clade_1193,MER50-3_int-2
ERV_3638264,ERV_3638264_MER50_int
ERV_1213852,ERV_1213852_MER50_int_MER50
Clade_1194,MER84-3_int-7_MER83A-1_HERVFH19-1_HERV4-2_I-2
Clade_1195,MER84-1_int-2_MER83A-1
ERV_4249358,ERV_4249358_MER84_int
ERV_2688142,ERV_2688142_MER83A_int
Clade_1196,HERVFH19-1_int-5_MER84-2_HERV4-2_I-2
ERV_4263299,ERV_4263299_HERVFH19_int
Clade_1197,MER84-2_int-4_HERV4-2_I-2
Clade_1198,MER84-2_int-2
ERV_4424240,ERV_4424240_MER84_int
ERV_4441397,ERV_4441397_MER84_int
Clade_1199,HERV4-2_I-2_int-2
ERV_4376040,ERV_4376040_HERV4_I_int
ERV_4437551,ERV_4437551_HERV4_I_int
Clade_1200,PRIMA4-10_int-129_ERV24B-14_Prim-31_HERVIP10B3-17_LTR10B1-4_LTR10G-8_HERVIP10F-29_LTR10B2-2_HERVI-9_LTR10D-3_LTR10A-13_Harlequin-1_HERVIP10FH-2_LTR10E-1_MER57A-9_ERV24-17_MER4E-2_MER4B-3_LTR-4_MER101-1_LOR1-1_HERVK22-5_LTR22-4_LTR5-1_Hs-1_HERVK-1_MER110-1_HERVK11D-10_MER11D-10_HERV4-1_I-1_LTR24B-8_LTR24-7_PRIMAX-1_MER89-2_MER57C2-1
ERV_4280157,ERV_4280157_PRIMA4_int
Clade_1201,ERV24B-14_Prim-31_int-128_HERVIP10B3-17_LTR10B1-4_LTR10G-8_HERVIP10F-29_LTR10B2-2_HERVI-9_LTR10D-3_LTR10A-13_Harlequin-1_HERVIP10FH-2_LTR10E-1_MER57A-9_ERV24-17_MER4E-2_MER4B-3_PRIMA4-9_LTR-4_MER101-1_LOR1-1_HERVK22-5_LTR22-4_LTR5-1_Hs-1_HERVK-1_MER110-1_HERVK11D-10_MER11D-10_HERV4-1_I-1_LTR24B-8_LTR24-7_PRIMAX-1_MER89-2_MER57C2-1
Clade_1202,ERV24B-1_Prim-2_int-63_HERVIP10B3-17_LTR10B1-4_LTR10G-8_HERVIP10F-29_LTR10B2-2_HERVI-9_LTR10D-3_LTR10A-13_Harlequin-1_HERVIP10FH-2_LTR10E-1_MER57A-3_ERV24-1
Clade_1203,ERV24B-1_Prim-1_int-58_HERVIP10B3-16_LTR10B1-3_LTR10G-8_HERVIP10F-29_LTR10B2-2_HERVI-9_LTR10D-3_LTR10A-13_Harlequin-1_HERVIP10FH-2_LTR10E-1
Clade_1204,ERV24B-1_Prim-1_int-2_HERVIP10B3-1
ERV_2172536,ERV_2172536_ERV24B_Prim_int
ERV_3332484,ERV_3332484_HERVIP10B3_int
Clade_1205,LTR10B1-3_HERVIP10B3-15_int-56_LTR10G-8_HERVIP10F-29_LTR10B2-2_HERVI-9_LTR10D-3_LTR10A-13_Harlequin-1_HERVIP10FH-2_LTR10E-1
Clade_1206,LTR10B1-1_HERVIP10B3-2_int-2_LTR10G-1
ERV_4444576,ERV_4444576_LTR10B1_HERVIP10B3_int
ERV_4438181,ERV_4438181_HERVIP10B3_int_LTR10G
Clade_1207,HERVIP10F-29_int-54_LTR10B2-2_HERVIP10B3-13_LTR10G-7_HERVI-9_LTR10D-3_LTR10A-13_Harlequin-1_HERVIP10FH-2_LTR10E-1_LTR10B1-2
Clade_1208,HERVIP10F-29_int-52_LTR10B2-1_HERVIP10B3-11_LTR10G-7_HERVI-9_LTR10D-3_LTR10A-13_Harlequin-1_HERVIP10FH-2_LTR10E-1_LTR10B1-1
ERV_2671775,ERV_2671775_HERVIP10F_int
Clade_1209,HERVIP10F-28_int-51_LTR10B2-1_HERVIP10B3-11_LTR10G-7_HERVI-9_LTR10D-3_LTR10A-13_Harlequin-1_HERVIP10FH-2_LTR10E-1_LTR10B1-1
Clade_1210,HERVIP10F-26_int-46_LTR10B2-1_HERVIP10B3-9_LTR10G-7_HERVI-9_LTR10D-3_LTR10A-11_Harlequin-1_HERVIP10FH-1
Clade_1211,HERVIP10F-24_int-35_LTR10B2-1_HERVIP10B3-4_LTR10G-2_HERVI-5_LTR10D-3_LTR10A-11_Harlequin-1_HERVIP10FH-1
Clade_1212,HERVIP10F-2_int-7_LTR10B2-1_HERVIP10B3-4_LTR10G-2_HERVI-1
Clade_1213,HERVIP10F-1_int-5_LTR10B2-1_HERVIP10B3-3_LTR10G-2_HERVI-1
ERV_1853084,ERV_1853084_HERVIP10F_int
Clade_1214,LTR10B2-1_HERVIP10B3-3_int-4_LTR10G-2_HERVI-1
Clade_1215,LTR10B2-1_HERVIP10B3-2_int-2_LTR10G-1
ERV_1252818,ERV_1252818_LTR10B2_HERVIP10B3_int_LTR10G
ERV_2539876,ERV_2539876_HERVIP10B3_int
Clade_1216,HERVIP10B3-1_int-2_LTR10G-1_HERVI-1
ERV_3101737,ERV_3101737_HERVIP10B3_int_LTR10G
ERV_1713963,ERV_1713963_HERVI_int
Clade_1217,HERVIP10F-1_int-2_HERVIP10B3-1
ERV_3833795,ERV_3833795_HERVIP10F_int
ERV_3003602,ERV_3003602_HERVIP10B3_int
Clade_1218,HERVI-4_int-28_LTR10D-3_HERVIP10F-22_LTR10A-11_Harlequin-1_HERVIP10FH-1
Clade_1219,HERVI-4_int-5_LTR10D-3_HERVIP10F-1
ERV_1461436,ERV_1461436_HERVI_int
Clade_1220,HERVI-3_int-4_LTR10D-3_HERVIP10F-1
Clade_1221,HERVI-2_int-2_LTR10D-2
ERV_2877775,ERV_2877775_HERVI_int_LTR10D
ERV_4012282,ERV_4012282_HERVI_int_LTR10D
Clade_1222,HERVI-1_int-2_LTR10D-1_HERVIP10F-1
ERV_4367431,ERV_4367431_HERVI_int_LTR10D
ERV_1821151,ERV_1821151_HERVIP10F_int
Clade_1223,HERVIP10F-21_int-23_LTR10A-11_Harlequin-1_HERVIP10FH-1
Clade_1224,HERVIP10F-3_int-3
ERV_2634799,ERV_2634799_HERVIP10F_int
Clade_1225,HERVIP10F-2_int-2
ERV_3747605,ERV_3747605_HERVIP10F_int
ERV_4147347,ERV_4147347_HERVIP10F_int
Clade_1226,HERVIP10F-18_int-20_LTR10A-11_Harlequin-1_HERVIP10FH-1
Clade_1227,HERVIP10F-10_int-11_LTR10A-3_Harlequin-1
Clade_1228,HERVIP10F-2_int-2_LTR10A-2
ERV_1700089,ERV_1700089_HERVIP10F_int_LTR10A
ERV_1128079,ERV_1128079_HERVIP10F_int_LTR10A
Clade_1229,HERVIP10F-8_int-9_LTR10A-1_Harlequin-1
ERV_3921932,ERV_3921932_HERVIP10F_int_LTR10A
Clade_1230,HERVIP10F-7_int-8_Harlequin-1
ERV_2601006,ERV_2601006_HERVIP10F_int
Clade_1231,Harlequin-1_int-7_HERVIP10F-6
ERV_4157669,ERV_4157669_Harlequin_int
Clade_1232,HERVIP10F-6_int-6
Clade_1233,HERVIP10F-4_int-4
Clade_1234,HERVIP10F-2_int-2
ERV_2261625,ERV_2261625_HERVIP10F_int
ERV_1868924,ERV_1868924_HERVIP10F_int
Clade_1235,HERVIP10F-2_int-2
ERV_2167871,ERV_2167871_HERVIP10F_int
ERV_2675596,ERV_2675596_HERVIP10F_int
Clade_1236,HERVIP10F-2_int-2
ERV_1070891,ERV_1070891_HERVIP10F_int
ERV_3779992,ERV_3779992_HERVIP10F_int
Clade_1237,HERVIP10F-8_int-9_LTR10A-8_HERVIP10FH-1
ERV_3567196,ERV_3567196_HERVIP10F_int_LTR10A
Clade_1238,HERVIP10F-7_int-8_LTR10A-7_HERVIP10FH-1
Clade_1239,HERVIP10F-1_int-2_LTR10A-1_HERVIP10FH-1
ERV_1207203,ERV_1207203_HERVIP10F_int_LTR10A
ERV_2190228,ERV_2190228_HERVIP10FH_int
Clade_1240,HERVIP10F-6_int-6_LTR10A-6
Clade_1241,HERVIP10F-3_int-3_LTR10A-3
ERV_2196336,ERV_2196336_HERVIP10F_int_LTR10A
Clade_1242,HERVIP10F-2_int-2_LTR10A-2
ERV_2394027,ERV_2394027_HERVIP10F_int_LTR10A
ERV_1760737,ERV_1760737_HERVIP10F_int_LTR10A
Clade_1243,HERVIP10F-3_int-3_LTR10A-3
ERV_2424356,ERV_2424356_HERVIP10F_int_LTR10A
Clade_1244,HERVIP10F-2_int-2_LTR10A-2
ERV_4141414,ERV_4141414_HERVIP10F_int_LTR10A
ERV_4144623,ERV_4144623_HERVIP10F_int_LTR10A
Clade_1245,HERVIP10B3-5_int-11_LTR10G-5_HERVI-4_HERVIP10F-2
Clade_1246,HERVIP10B3-5_int-6_LTR10G-5_HERVI-1
ERV_1381180,ERV_1381180_HERVIP10B3_int_LTR10G
Clade_1247,HERVIP10B3-4_int-5_LTR10G-4_HERVI-1
Clade_1248,HERVIP10B3-3_int-3_LTR10G-3
ERV_1322465,ERV_1322465_HERVIP10B3_int_LTR10G
Clade_1249,HERVIP10B3-2_int-2_LTR10G-2
ERV_1322529,ERV_1322529_HERVIP10B3_int_LTR10G
ERV_1323443,ERV_1323443_HERVIP10B3_int_LTR10G
Clade_1250,HERVIP10B3-1_int-2_LTR10G-1_HERVI-1
ERV_1382558,ERV_1382558_HERVIP10B3_int_LTR10G
ERV_1320865,ERV_1320865_HERVI_int
Clade_1251,HERVIP10F-2_int-5_HERVI-3
ERV_3806034,ERV_3806034_HERVIP10F_int
Clade_1252,HERVI-3_int-4_HERVIP10F-1
ERV_4192951,ERV_4192951_HERVI_int
Clade_1253,HERVI-2_int-3_HERVIP10F-1
ERV_2537745,ERV_2537745_HERVI_int
Clade_1254,HERVI-1_int-2_HERVIP10F-1
ERV_1723311,ERV_1723311_HERVI_int
ERV_2721141,ERV_2721141_HERVIP10F_int
Clade_1255,HERVIP10F-2_int-5_LTR10A-2_HERVIP10FH-1_LTR10E-1_HERVIP10B3-2_LTR10B1-1
ERV_1347215,ERV_1347215_HERVIP10F_int_LTR10A
Clade_1256,HERVIP10FH-1_int-4_LTR10E-1_HERVIP10B3-2_HERVIP10F-1_LTR10A-1_LTR10B1-1
Clade_1257,HERVIP10FH-1_int-2_LTR10E-1_HERVIP10B3-1
ERV_1920355,ERV_1920355_HERVIP10FH_int_LTR10E
ERV_2673988,ERV_2673988_HERVIP10B3_int
Clade_1258,HERVIP10F-1_int-2_LTR10A-1_LTR10B1-1_HERVIP10B3-1
ERV_2667584,ERV_2667584_HERVIP10F_int_LTR10A
ERV_3590986,ERV_3590986_LTR10B1_HERVIP10B3_int
Clade_1259,LTR10B1-1_HERVIP10B3-2_int-2_LTR10B2-1
ERV_2674025,ERV_2674025_LTR10B1_HERVIP10B3_int
ERV_3436188,ERV_3436188_LTR10B2_HERVIP10B3_int
Clade_1260,LTR10B1-1_HERVIP10B3-1_int-5_MER57A-3_ERV24-1_Prim-1
ERV_1773799,ERV_1773799_LTR10B1_HERVIP10B3_int
Clade_1261,MER57A-3_int-4_ERV24-1_Prim-1
ERV_2522299,ERV_2522299_MER57A_int
Clade_1262,ERV24-1_Prim-1_int-3_MER57A-2
ERV_4193051,ERV_4193051_ERV24_Prim_int
Clade_1263,MER57A-2_int-2
ERV_2782882,ERV_2782882_MER57A_int
ERV_4370842,ERV_4370842_MER57A_int
Clade_1264,ERV24-16_Prim-29_int-65_MER4E-2_MER4B-3_PRIMA4-9_LTR-4_MER101-1_LOR1-1_HERVK22-5_LTR22-4_LTR5-1_Hs-1_HERVK-1_MER110-1_HERVK11D-10_MER11D-10_HERV4-1_I-1_LTR24B-8_ERV24B-13_LTR24-7_PRIMAX-1_MER89-2_MER57A-6_MER57C2-1
ERV_4079593,ERV_4079593_MER57A_int
Clade_1265,ERV24-16_Prim-29_int-64_MER4E-2_MER4B-3_PRIMA4-9_LTR-4_MER101-1_LOR1-1_HERVK22-5_LTR22-4_LTR5-1_Hs-1_HERVK-1_MER110-1_HERVK11D-10_MER11D-10_HERV4-1_I-1_LTR24B-8_ERV24B-13_LTR24-7_PRIMAX-1_MER89-2_MER57A-5_MER57C2-1
Clade_1266,ERV24-3_Prim-3_int-20_MER4E-2_MER4B-3_PRIMA4-7_LTR-3_MER101-1_LOR1-1_HERVK22-5_LTR22-4_LTR5-1_Hs-1_HERVK-1_MER110-1_HERVK11D-1_MER11D-1
Clade_1267,ERV24-3_Prim-3_int-10_MER4E-2_MER4B-3_PRIMA4-5_LTR-2_MER101-1
ERV_1219889,ERV_1219889_MER101_int
Clade_1268,ERV24-3_Prim-3_int-9_MER4E-2_MER4B-3_PRIMA4-5_LTR-2
Clade_1269,ERV24-3_Prim-3_int-6_MER4E-2_MER4B-3
Clade_1270,ERV24-3_Prim-3_int-3
ERV_2983961,ERV_2983961_ERV24_Prim_int
Clade_1271,ERV24-2_Prim-2_int-2
ERV_2155769,ERV_2155769_ERV24_Prim_int
ERV_4313210,ERV_4313210_ERV24_Prim_int
Clade_1272,MER4E-2_MER4B-3_int-3
ERV_1190095,ERV_1190095_MER4E_MER4B_int
Clade_1273,MER4B-2_int-2_MER4E-1
ERV_4313208,ERV_4313208_MER4B_int
ERV_1358053,ERV_1358053_MER4E_MER4B_int
Clade_1274,PRIMA4-5_int-3_LTR-2
ERV_3081709,ERV_3081709_PRIMA4_int_PRIMA4_LTR
Clade_1275,PRIMA4-3_int-2_LTR-1
ERV_3929243,ERV_3929243_PRIMA4_int
ERV_4275947,ERV_4275947_PRIMA4_int_PRIMA4_LTR
Clade_1276,LOR1-1_int-10_PRIMA4-2_LTR-1_HERVK22-5_LTR22-4_LTR5-1_Hs-1_HERVK-1_MER110-1_HERVK11D-1_MER11D-1
Clade_1277,LOR1-1_int-2_PRIMA4-2_LTR-1
ERV_1340959,ERV_1340959_LOR1_int
ERV_4370360,ERV_4370360_PRIMA4_int_PRIMA4_LTR
Clade_1278,HERVK22-5_int-8_LTR22-4_LTR5-1_Hs-1_HERVK-1_MER110-1_HERVK11D-1_MER11D-1
Clade_1279,HERVK22-5_int-5_LTR22-4
ERV_4429566,ERV_4429566_HERVK22_int
Clade_1280,HERVK22-4_int-4_LTR22-4
ERV_4438519,ERV_4438519_HERVK22_int_LTR22
Clade_1281,HERVK22-3_int-3_LTR22-3
ERV_4445677,ERV_4445677_HERVK22_int_LTR22
Clade_1282,HERVK22-2_int-2_LTR22-2
ERV_4430641,ERV_4430641_HERVK22_int_LTR22
ERV_4433101,ERV_4433101_HERVK22_int_LTR22
Clade_1283,LTR5-1_Hs-1_HERVK-1_int-3_MER110-1_HERVK11D-1_MER11D-1
ERV_3229676,ERV_3229676_LTR5_Hs_HERVK_int
Clade_1284,MER110-1_int-2_HERVK11D-1_MER11D-1
ERV_2133071,ERV_2133071_MER110_int
ERV_4361343,ERV_4361343_HERVK11D_int_MER11D
Clade_1285,HERV4-1_I-1_int-44_LTR24B-8_ERV24B-13_Prim-26_LTR24-7_ERV24-13_PRIMAX-1_HERVK11D-9_MER11D-9_PRIMA4-2_LTR-1_MER89-2_MER57A-5_MER57C2-1
Clade_1286,HERV4-1_I-1_int-22_LTR24B-2_ERV24B-4_Prim-11_LTR24-5_ERV24-7_PRIMAX-1_HERVK11D-9_MER11D-9
Clade_1287,HERV4-1_I-1_int-11_LTR24B-2_ERV24B-4_Prim-10_LTR24-5_ERV24-6
ERV_1908507,ERV_1908507_HERV4_I_int
Clade_1288,LTR24B-2_ERV24B-4_Prim-10_int-10_LTR24-5_ERV24-6
Clade_1289,LTR24B-1_ERV24B-1_Prim-6_int-6_LTR24-5_ERV24-5
ERV_1009630,ERV_1009630_LTR24B_ERV24B_Prim_int
Clade_1290,LTR24-5_ERV24-5_Prim-5_int-5
Clade_1291,LTR24-3_ERV24-3_Prim-3_int-3
ERV_3220948,ERV_3220948_LTR24_ERV24_Prim_int
Clade_1292,LTR24-2_ERV24-2_Prim-2_int-2
ERV_2334410,ERV_2334410_LTR24_ERV24_Prim_int
ERV_1773863,ERV_1773863_LTR24_ERV24_Prim_int
Clade_1293,LTR24-2_ERV24-2_Prim-2_int-2
ERV_1009629,ERV_1009629_LTR24_ERV24_Prim_int
ERV_1452473,ERV_1452473_LTR24_ERV24_Prim_int
Clade_1294,ERV24-1_Prim-4_int-4_ERV24B-3_LTR24B-1
Clade_1295,ERV24-1_Prim-2_int-2_ERV24B-1
ERV_1086215,ERV_1086215_ERV24_Prim_int
ERV_1902961,ERV_1902961_ERV24B_Prim_int
Clade_1296,LTR24B-1_ERV24B-2_Prim-2_int-2
ERV_3790495,ERV_3790495_LTR24B_ERV24B_Prim_int
ERV_4357336,ERV_4357336_ERV24B_Prim_int
Clade_1297,PRIMAX-1_int-11_ERV24-1_Prim-1_HERVK11D-9_MER11D-9
ERV_2593502,ERV_2593502_PRIMAX_int
Clade_1298,ERV24-1_Prim-1_int-10_HERVK11D-9_MER11D-9
ERV_4248919,ERV_4248919_ERV24_Prim_int
Clade_1299,HERVK11D-9_int-9_MER11D-9
ERV_4438617,ERV_4438617_HERVK11D_int_MER11D
Clade_1300,HERVK11D-8_int-8_MER11D-8
ERV_3222904,ERV_3222904_HERVK11D_int_MER11D
Clade_1301,HERVK11D-7_int-7_MER11D-7
Clade_1302,HERVK11D-2_int-2_MER11D-2
ERV_3514963,ERV_3514963_HERVK11D_int_MER11D
ERV_3265935,ERV_3265935_HERVK11D_int_MER11D
Clade_1303,HERVK11D-5_int-5_MER11D-5
ERV_3009356,ERV_3009356_HERVK11D_int_MER11D
Clade_1304,HERVK11D-4_int-4_MER11D-4
ERV_1996383,ERV_1996383_HERVK11D_int_MER11D
Clade_1305,HERVK11D-3_int-3_MER11D-3
ERV_4442409,ERV_4442409_HERVK11D_int_MER11D
Clade_1306,HERVK11D-2_int-2_MER11D-2
ERV_2573464,ERV_2573464_HERVK11D_int_MER11D
ERV_3345460,ERV_3345460_HERVK11D_int_MER11D
Clade_1307,PRIMA4-2_int-22_LTR-1_MER89-2_ERV24-6_Prim-15_MER57A-5_MER57C2-1_ERV24B-9_LTR24-2_LTR24B-6
Clade_1308,PRIMA4-2_int-5_LTR-1_MER89-2_ERV24-3_Prim-3
Clade_1309,PRIMA4-2_int-2_LTR-1_MER89-2
ERV_4444024,ERV_4444024_PRIMA4_int_PRIMA4_LTR
ERV_3984641,ERV_3984641_MER89_int_MER89
Clade_1310,ERV24-3_Prim-3_int-3
ERV_2376132,ERV_2376132_ERV24_Prim_int
Clade_1311,ERV24-2_Prim-2_int-2
ERV_3036128,ERV_3036128_ERV24_Prim_int
ERV_4396349,ERV_4396349_ERV24_Prim_int
Clade_1312,MER57A-5_int-17_MER57C2-1_ERV24B-9_Prim-12_LTR24-2_ERV24-3_LTR24B-6
Clade_1313,MER57A-5_int-5_MER57C2-1
ERV_2863504,ERV_2863504_MER57A_int
Clade_1314,MER57A-4_int-4_MER57C2-1
Clade_1315,MER57A-2_int-2
ERV_2621961,ERV_2621961_MER57A_int
ERV_2782881,ERV_2782881_MER57A_int
Clade_1316,MER57A-2_int-2_MER57C2-1
ERV_1975525,ERV_1975525_MER57A_int
ERV_3870978,ERV_3870978_MER57C2_MER57A_int
Clade_1317,ERV24B-9_Prim-12_int-12_LTR24-2_ERV24-3_LTR24B-6
Clade_1318,ERV24B-2_Prim-2_int-2
ERV_1154132,ERV_1154132_ERV24B_Prim_int
ERV_1662978,ERV_1662978_ERV24B_Prim_int
Clade_1319,LTR24-2_ERV24-3_Prim-10_int-10_LTR24B-6_ERV24B-7
Clade_1320,LTR24-2_ERV24-2_Prim-2_int-2
ERV_1669914,ERV_1669914_LTR24_ERV24_Prim_int
ERV_2905696,ERV_2905696_LTR24_ERV24_Prim_int
Clade_1321,LTR24B-6_ERV24B-7_Prim-8_int-8_ERV24-1
Clade_1322,LTR24B-6_ERV24B-6_Prim-6_int-6
ERV_2815883,ERV_2815883_LTR24B_ERV24B_Prim_int
Clade_1323,LTR24B-5_ERV24B-5_Prim-5_int-5
Clade_1324,LTR24B-3_ERV24B-3_Prim-3_int-3
ERV_1550681,ERV_1550681_LTR24B_ERV24B_Prim_int
Clade_1325,LTR24B-2_ERV24B-2_Prim-2_int-2
ERV_4437713,ERV_4437713_LTR24B_ERV24B_Prim_int
ERV_4376206,ERV_4376206_LTR24B_ERV24B_Prim_int
Clade_1326,LTR24B-2_ERV24B-2_Prim-2_int-2
ERV_1697245,ERV_1697245_LTR24B_ERV24B_Prim_int
ERV_3650551,ERV_3650551_LTR24B_ERV24B_Prim_int
Clade_1327,ERV24-1_Prim-2_int-2_ERV24B-1
ERV_2092953,ERV_2092953_ERV24_Prim_int
ERV_2911432,ERV_2911432_ERV24B_Prim_int
Clade_1328,PABL-1_B-1_int-8_PRIMA41-6_MER41C-1_HERV4-1_I-1_MER41D-1
Clade_1329,PABL-1_B-1_int-3_PRIMA41-2_MER41C-1
ERV_2246421,ERV_2246421_MER41C_PRIMA41_int
Clade_1330,PABL-1_B-1_int-2_PRIMA41-1
ERV_3259662,ERV_3259662_PABL_B_int
ERV_2727567,ERV_2727567_PRIMA41_int
Clade_1331,HERV4-1_I-1_int-5_PRIMA41-4_MER41D-1
Clade_1332,HERV4-1_I-1_int-3_PRIMA41-2
ERV_1720205,ERV_1720205_HERV4_I_int
Clade_1333,PRIMA41-2_int-2
ERV_1784298,ERV_1784298_PRIMA41_int
ERV_1502495,ERV_1502495_PRIMA41_int
Clade_1334,PRIMA41-2_int-2_MER41D-1
ERV_2737631,ERV_2737631_PRIMA41_int_MER41D
ERV_1891385,ERV_1891385_PRIMA41_int
Clade_1335,PRIMA41-2_int-1052_HERVFH19-1_ERV24-1_Prim-1_HERVK22-92_LTR22-5_LTR22C2-2_LTR22C0-17_LTR22E-17_LTR22B1-17_LTR22A-17_LTR22B-4_ERV3-2_16A3-2_I-10_LTR53-2_PRIMA4-10_MER34D-1_MER34-1_HERV1-3_LTR-4_HERVK14-32_LTR14B-16_LTR14C-11_HERVK14C-11_LTR14A-13_LTR13-3_HERVK13-3_HERVK11-40_MER11A-13_HERV4-6_MER51E-2_MER11C-14_MER11B-17_ERVL-44_E-3_HERVK-57_LTR5B-17_LTR5A-12_LTR5-25_Hs-25_LTR45C-1_HERVKC4-7_LTR14-5_HERVK9-167_MER9a3-82_MER9B-5_MER9a2-41_MER9a1-29_MER57A-1_HERVIP10B3-16_LTR10G-2_HERVIP10F-12_MER50-4_LTR10B2-5_LTR10B-3_LTR10A-4_Harlequin-1_LTR10B1-6_LTR27D-1_MER52-1_LOR1-3_HERVI-2_LTR71A-14_HERVP71A-22_LTR71B-7_MLT2D-4_B4-33_MLT2B4-6_HERVL-450_MLT2A2-142_MLT2A1-283_MLT2B2-2_MLT2B1-13_MLT2B3-1_MLT2C1-2_LOR1a-2_PABL-1_B-1_LTR3B-28_HERVK3-60_LTR3-11_-7_LTR3A-20_LTRb-1_LTR66-1_HERVL66-1_LTR16-1_ERVL47-1_LTR47B3-1_MER51A-4_HERVS71-1_LTR6A-1_MER66-3_MER66D-3
Clade_1336,PRIMA41-2_int-1029_HERVFH19-1_ERV24-1_Prim-1_HERVK22-92_LTR22-5_LTR22C2-2_LTR22C0-17_LTR22E-17_LTR22B1-17_LTR22A-17_LTR22B-4_ERV3-2_16A3-2_I-5_LTR53-2_PRIMA4-10_MER34D-1_MER34-1_HERV1-3_LTR-4_HERVK14-31_LTR14B-16_LTR14C-1_HERVK14C-1_LTR14A-13_LTR13-3_HERVK13-3_HERVK11-40_MER11A-13_HERV4-1_MER51E-1_MER11C-14_MER11B-17_ERVL-43_E-3_HERVK-57_LTR5B-17_LTR5A-12_LTR5-25_Hs-25_LTR45C-1_HERVKC4-7_LTR14-5_HERVK9-167_MER9a3-82_MER9B-5_MER9a2-41_MER9a1-29_MER57A-1_HERVIP10B3-15_LTR10G-2_HERVIP10F-11_MER50-4_LTR10B2-5_LTR10B-3_LTR10A-4_Harlequin-1_LTR10B1-6_LTR27D-1_MER52-1_LOR1-3_HERVI-2_LTR71A-14_HERVP71A-22_LTR71B-7_MLT2D-4_B4-32_MLT2B4-6_HERVL-450_MLT2A2-142_MLT2A1-283_MLT2B2-2_MLT2B1-13_MLT2B3-1_MLT2C1-2_LOR1a-2_PABL-1_B-1_LTR3B-28_HERVK3-60_LTR3-11_-7_LTR3A-20_LTRb-1_LTR66-1_HERVL66-1_LTR16-1_ERVL47-1_LTR47B3-1
Clade_1337,PRIMA41-2_int-442_HERVFH19-1_ERV24-1_Prim-1_HERVK22-91_LTR22-5_LTR22C2-2_LTR22C0-17_LTR22E-17_LTR22B1-17_LTR22A-17_LTR22B-4_ERV3-1_16A3-1_I-3_LTR53-2_PRIMA4-10_MER34D-1_MER34-1_HERV1-1_LTR-4_HERVK14-30_LTR14B-16_LTR14C-1_HERVK14C-1_LTR14A-13_LTR13-3_HERVK13-3_HERVK11-40_MER11A-13_HERV4-1_MER51E-1_MER11C-14_MER11B-17_ERVL-1_E-1_HERVK-57_LTR5B-17_LTR5A-12_LTR5-25_Hs-25_LTR45C-1_HERVKC4-7_LTR14-5_HERVK9-167_MER9a3-82_MER9B-5_MER9a2-41_MER9a1-29_MER57A-1_HERVIP10B3-14_LTR10G-2_HERVIP10F-11_MER50-4_LTR10B2-5_LTR10B-3_LTR10A-4_Harlequin-1_LTR10B1-5_LTR27D-1_MER52-1
Clade_1338,PRIMA41-2_int-134_HERVFH19-1_ERV24-1_Prim-1_HERVK22-91_LTR22-5_LTR22C2-2_LTR22C0-17_LTR22E-17_LTR22B1-17_LTR22A-17_LTR22B-4_ERV3-1_16A3-1_I-2_LTR53-2_PRIMA4-9_MER34D-1_MER34-1_HERV1-1_LTR-4_HERVK14-29_LTR14B-16_LTR14C-1_HERVK14C-1_LTR14A-13
Clade_1339,PRIMA41-1_int-103_HERVFH19-1_ERV24-1_Prim-1_HERVK22-91_LTR22-5_LTR22C2-2_LTR22C0-17_LTR22E-17_LTR22B1-17_LTR22A-17_LTR22B-4_ERV3-1_16A3-1_I-2_LTR53-2_PRIMA4-9_MER34D-1_MER34-1_HERV1-1_LTR-4
Clade_1340,PRIMA41-1_int-95_HERVFH19-1_ERV24-1_Prim-1_HERVK22-91_LTR22-5_LTR22C2-2_LTR22C0-17_LTR22E-17_LTR22B1-17_LTR22A-17_LTR22B-4_ERV3-1_16A3-1_I-1
Clade_1341,PRIMA41-1_int-3_HERVFH19-1_ERV24-1_Prim-1
ERV_1341274,ERV_1341274_PRIMA41_int
Clade_1342,HERVFH19-1_int-2_ERV24-1_Prim-1
ERV_2535973,ERV_2535973_HERVFH19_int
ERV_2118352,ERV_2118352_ERV24_Prim_int
Clade_1343,HERVK22-91_int-92_LTR22-5_LTR22C2-2_LTR22C0-17_LTR22E-17_LTR22B1-17_LTR22A-17_LTR22B-4_ERV3-1_16A3-1_I-1
ERV_3416991,ERV_3416991_ERV3_16A3_I_int
Clade_1344,HERVK22-91_int-91_LTR22-5_LTR22C2-2_LTR22C0-17_LTR22E-17_LTR22B1-17_LTR22A-17_LTR22B-4
Clade_1345,HERVK22-4_int-4_LTR22-3
ERV_2051211,ERV_2051211_HERVK22_int_LTR22
Clade_1346,HERVK22-3_int-3_LTR22-2
ERV_4446467,ERV_4446467_HERVK22_int_LTR22
Clade_1347,HERVK22-2_int-2_LTR22-1
ERV_4431933,ERV_4431933_HERVK22_int
ERV_4430800,ERV_4430800_HERVK22_int_LTR22
Clade_1348,HERVK22-87_int-87_LTR22C2-2_LTR22C0-17_LTR22E-17_LTR22B1-17_LTR22A-17_LTR22-2_LTR22B-4
ERV_3033480,ERV_3033480_HERVK22_int
Clade_1349,HERVK22-86_int-86_LTR22C2-2_LTR22C0-17_LTR22E-17_LTR22B1-17_LTR22A-17_LTR22-2_LTR22B-4
Clade_1350,HERVK22-78_int-78_LTR22C2-2_LTR22C0-17_LTR22E-17_LTR22B1-9_LTR22A-17_LTR22-2_LTR22B-4
Clade_1351,HERVK22-68_int-68_LTR22C2-2_LTR22C0-17_LTR22E-17_LTR22B1-8_LTR22A-17
Clade_1352,HERVK22-65_int-65_LTR22C2-2_LTR22C0-17_LTR22E-17_LTR22B1-5_LTR22A-17
Clade_1353,HERVK22-61_int-61_LTR22C2-2_LTR22C0-17_LTR22E-17_LTR22B1-2_LTR22A-17
ERV_3468868,ERV_3468868_HERVK22_int_LTR22B1
Clade_1354,HERVK22-60_int-60_LTR22C2-2_LTR22C0-17_LTR22E-17_LTR22B1-1_LTR22A-17
Clade_1355,HERVK22-2_int-2_LTR22C2-2
ERV_1278353,ERV_1278353_HERVK22_int_LTR22C2
ERV_4380982,ERV_4380982_HERVK22_int_LTR22C2
Clade_1356,HERVK22-58_int-58_LTR22C0-17_LTR22E-17_LTR22B1-1_LTR22A-17
ERV_4167275,ERV_4167275_HERVK22_int
Clade_1357,HERVK22-57_int-57_LTR22C0-17_LTR22E-17_LTR22B1-1_LTR22A-17
Clade_1358,HERVK22-53_int-53_LTR22C0-13_LTR22E-17_LTR22B1-1_LTR22A-17
ERV_3921943,ERV_3921943_LTR22E_HERVK22_int
Clade_1359,HERVK22-52_int-52_LTR22C0-13_LTR22E-16_LTR22B1-1_LTR22A-17
Clade_1360,HERVK22-8_int-8_LTR22C0-7
Clade_1361,HERVK22-2_int-2_LTR22C0-2
ERV_3659014,ERV_3659014_HERVK22_int_LTR22C0
ERV_3432394,ERV_3432394_HERVK22_int_LTR22C0
Clade_1362,HERVK22-6_int-6_LTR22C0-5
ERV_2018741,ERV_2018741_HERVK22_int_LTR22C0
Clade_1363,HERVK22-5_int-5_LTR22C0-4
ERV_2054035,ERV_2054035_HERVK22_int_LTR22C0
Clade_1364,HERVK22-4_int-4_LTR22C0-3
Clade_1365,HERVK22-2_int-2_LTR22C0-2
ERV_3832111,ERV_3832111_HERVK22_int_LTR22C0
ERV_4429075,ERV_4429075_HERVK22_int_LTR22C0
Clade_1366,HERVK22-2_int-2_LTR22C0-1
ERV_2876769,ERV_2876769_HERVK22_int_LTR22C0
ERV_3832112,ERV_3832112_HERVK22_int
Clade_1367,LTR22E-16_HERVK22-44_int-44_LTR22B1-1_LTR22A-17_LTR22C0-6
ERV_3497701,ERV_3497701_HERVK22_int_LTR22C0
Clade_1368,LTR22E-16_HERVK22-43_int-43_LTR22B1-1_LTR22A-17_LTR22C0-5
Clade_1369,LTR22E-16_HERVK22-40_int-40_LTR22B1-1_LTR22A-17_LTR22C0-2
ERV_1147269,ERV_1147269_HERVK22_int
Clade_1370,LTR22E-16_HERVK22-39_int-39_LTR22B1-1_LTR22A-17_LTR22C0-2
Clade_1371,LTR22E-16_HERVK22-37_int-37_LTR22B1-1_LTR22A-17
Clade_1372,LTR22E-11_HERVK22-11_int-11_LTR22B1-1
Clade_1373,LTR22E-6_HERVK22-6_int-6
ERV_1508728,ERV_1508728_HERVK22_int_LTR22E
Clade_1374,LTR22E-5_HERVK22-5_int-5
Clade_1375,LTR22E-3_HERVK22-3_int-3
ERV_1148485,ERV_1148485_LTR22E_HERVK22_int
Clade_1376,LTR22E-2_HERVK22-2_int-2
ERV_2323001,ERV_2323001_LTR22E_HERVK22_int
ERV_1121414,ERV_1121414_LTR22E_HERVK22_int
Clade_1377,LTR22E-2_HERVK22-2_int-2
ERV_2253768,ERV_2253768_LTR22E_HERVK22_int
ERV_2152762,ERV_2152762_LTR22E_HERVK22_int
Clade_1378,LTR22E-5_HERVK22-5_int-5_LTR22B1-1
Clade_1379,LTR22E-2_HERVK22-2_int-2
ERV_3022035,ERV_3022035_LTR22E_HERVK22_int
ERV_4441843,ERV_4441843_LTR22E_HERVK22_int
Clade_1380,HERVK22-3_int-3_LTR22E-3_LTR22B1-1
ERV_3800498,ERV_3800498_HERVK22_int_LTR22E_LTR22B1
Clade_1381,LTR22E-2_HERVK22-2_int-2
ERV_2764306,ERV_2764306_LTR22E_HERVK22_int
ERV_3479679,ERV_3479679_LTR22E_HERVK22_int
Clade_1382,LTR22E-5_HERVK22-26_int-26_LTR22A-17
ERV_1973505,ERV_1973505_LTR22E_HERVK22_int
Clade_1383,HERVK22-25_int-25_LTR22A-17_LTR22E-4
Clade_1384,HERVK22-21_int-21_LTR22A-17_LTR22E-1
Clade_1385,HERVK22-4_int-4_LTR22A-2_LTR22E-1
ERV_3363891,ERV_3363891_HERVK22_int
Clade_1386,HERVK22-3_int-3_LTR22A-2_LTR22E-1
ERV_4362161,ERV_4362161_HERVK22_int_LTR22A
Clade_1387,LTR22E-1_HERVK22-2_int-2_LTR22A-1
ERV_3363889,ERV_3363889_LTR22E_HERVK22_int
ERV_1288565,ERV_1288565_HERVK22_int_LTR22A
Clade_1388,HERVK22-17_int-17_LTR22A-15
Clade_1389,HERVK22-15_int-15_LTR22A-14
ERV_4221622,ERV_4221622_HERVK22_int_LTR22A
Clade_1390,HERVK22-14_int-14_LTR22A-13
Clade_1391,HERVK22-9_int-9_LTR22A-9
Clade_1392,HERVK22-7_int-7_LTR22A-7
Clade_1393,HERVK22-2_int-2_LTR22A-2
ERV_2984228,ERV_2984228_HERVK22_int_LTR22A
ERV_3921924,ERV_3921924_HERVK22_int_LTR22A
Clade_1394,HERVK22-5_int-5_LTR22A-5
Clade_1395,HERVK22-2_int-2_LTR22A-2
ERV_1781025,ERV_1781025_HERVK22_int_LTR22A
ERV_3214945,ERV_3214945_HERVK22_int_LTR22A
Clade_1396,HERVK22-3_int-3_LTR22A-3
ERV_4315273,ERV_4315273_HERVK22_int_LTR22A
Clade_1397,HERVK22-2_int-2_LTR22A-2
ERV_3435264,ERV_3435264_HERVK22_int_LTR22A
ERV_3589597,ERV_3589597_HERVK22_int_LTR22A
Clade_1398,HERVK22-2_int-2_LTR22A-2
ERV_2987854,ERV_2987854_HERVK22_int_LTR22A
ERV_4423908,ERV_4423908_HERVK22_int_LTR22A
Clade_1399,HERVK22-5_int-5_LTR22A-4
Clade_1400,HERVK22-3_int-3_LTR22A-3
ERV_4429307,ERV_4429307_HERVK22_int_LTR22A
Clade_1401,HERVK22-2_int-2_LTR22A-2
ERV_3598265,ERV_3598265_HERVK22_int_LTR22A
ERV_1881880,ERV_1881880_HERVK22_int_LTR22A
Clade_1402,HERVK22-2_int-2_LTR22A-1
ERV_3598266,ERV_3598266_HERVK22_int
ERV_1822255,ERV_1822255_HERVK22_int_LTR22A
Clade_1403,HERVK22-2_int-2_LTR22A-1
ERV_4369653,ERV_4369653_HERVK22_int_LTR22A
ERV_4362162,ERV_4362162_HERVK22_int
Clade_1404,LTR22E-3_HERVK22-4_int-4
Clade_1405,LTR22E-2_HERVK22-2_int-2
ERV_3345672,ERV_3345672_LTR22E_HERVK22_int
ERV_4438603,ERV_4438603_LTR22E_HERVK22_int
Clade_1406,HERVK22-2_int-2_LTR22E-1
ERV_3921944,ERV_3921944_HERVK22_int
ERV_1103844,ERV_1103844_LTR22E_HERVK22_int
Clade_1407,HERVK22-2_int-2_LTR22C0-2
ERV_2919447,ERV_2919447_HERVK22_int_LTR22C0
ERV_3464939,ERV_3464939_HERVK22_int_LTR22C0
Clade_1408,HERVK22-3_int-3_LTR22C0-3
ERV_4367565,ERV_4367565_HERVK22_int_LTR22C0
Clade_1409,HERVK22-2_int-2_LTR22C0-2
ERV_4317323,ERV_4317323_HERVK22_int_LTR22C0
ERV_4409086,ERV_4409086_HERVK22_int_LTR22C0
Clade_1410,HERVK22-4_int-4_LTR22C0-4
ERV_4123850,ERV_4123850_HERVK22_int_LTR22C0
Clade_1411,HERVK22-3_int-3_LTR22C0-3
ERV_1293229,ERV_1293229_HERVK22_int_LTR22C0
Clade_1412,HERVK22-2_int-2_LTR22C0-2
ERV_4444544,ERV_4444544_HERVK22_int_LTR22C0
ERV_4429390,ERV_4429390_HERVK22_int_LTR22C0
Clade_1413,HERVK22-4_int-4_LTR22B1-3
ERV_4361505,ERV_4361505_HERVK22_int_LTR22B1
Clade_1414,HERVK22-3_int-3_LTR22B1-2
ERV_3970456,ERV_3970456_HERVK22_int
Clade_1415,HERVK22-2_int-2_LTR22B1-2
ERV_1840578,ERV_1840578_HERVK22_int_LTR22B1
ERV_4262253,ERV_4262253_HERVK22_int_LTR22B1
Clade_1416,HERVK22-3_int-3_LTR22B1-3
ERV_3921952,ERV_3921952_HERVK22_int_LTR22B1
Clade_1417,HERVK22-2_int-2_LTR22B1-2
ERV_1181376,ERV_1181376_HERVK22_int_LTR22B1
ERV_3441715,ERV_3441715_HERVK22_int_LTR22B1
Clade_1418,HERVK22-10_int-10_LTR22-2_LTR22B-4_LTR22B1-1
Clade_1419,HERVK22-3_int-3_LTR22-2
ERV_4421332,ERV_4421332_HERVK22_int_LTR22
Clade_1420,HERVK22-2_int-2_LTR22-1
ERV_4445033,ERV_4445033_HERVK22_int_LTR22
ERV_4438739,ERV_4438739_HERVK22_int
Clade_1421,LTR22B-4_HERVK22-7_int-7_LTR22B1-1
ERV_4429027,ERV_4429027_LTR22B_HERVK22_int
Clade_1422,HERVK22-6_int-6_LTR22B-3_LTR22B1-1
ERV_2056387,ERV_2056387_HERVK22_int
Clade_1423,LTR22B-3_HERVK22-5_int-5_LTR22B1-1
ERV_1434763,ERV_1434763_LTR22B_HERVK22_int
Clade_1424,HERVK22-4_int-4_LTR22B1-1_LTR22B-2
ERV_1205930,ERV_1205930_HERVK22_int
Clade_1425,HERVK22-3_int-3_LTR22B1-1_LTR22B-2
ERV_4429461,ERV_4429461_HERVK22_int_LTR22B1
Clade_1426,LTR22B-2_HERVK22-2_int-2
ERV_4429878,ERV_4429878_LTR22B_HERVK22_int
ERV_4439173,ERV_4439173_LTR22B_HERVK22_int
Clade_1427,HERVK22-8_int-8_LTR22B1-8
Clade_1428,HERVK22-2_int-2_LTR22B1-2
ERV_1823774,ERV_1823774_HERVK22_int_LTR22B1
ERV_2995782,ERV_2995782_HERVK22_int_LTR22B1
Clade_1429,HERVK22-6_int-6_LTR22B1-6
ERV_1824349,ERV_1824349_HERVK22_int_LTR22B1
Clade_1430,HERVK22-5_int-5_LTR22B1-5
Clade_1431,HERVK22-2_int-2_LTR22B1-2
ERV_2900253,ERV_2900253_HERVK22_int_LTR22B1
ERV_3082646,ERV_3082646_HERVK22_int_LTR22B1
Clade_1432,HERVK22-3_int-3_LTR22B1-3
ERV_3840476,ERV_3840476_HERVK22_int_LTR22B1
Clade_1433,HERVK22-2_int-2_LTR22B1-2
ERV_3650324,ERV_3650324_HERVK22_int_LTR22B1
ERV_4271230,ERV_4271230_HERVK22_int_LTR22B1
Clade_1434,LTR53-2_int-8_PRIMA4-9_MER34D-1_MER34-1_HERV1-1_I-1_LTR-4
Clade_1435,LTR53-2_int-3_PRIMA4-1_MER34D-1_MER34-1
ERV_4383580,ERV_4383580_LTR53_int_LTR53
Clade_1436,PRIMA4-1_int-2_MER34D-1_MER34-1
ERV_4386787,ERV_4386787_PRIMA4_int
ERV_4236461,ERV_4236461_MER34D_MER34_int
Clade_1437,HERV1-1_I-1_int-5_PRIMA4-8_LTR-4
ERV_4423774,ERV_4423774_HERV1_I_int
Clade_1438,PRIMA4-8_int-4_LTR-4
ERV_4313341,ERV_4313341_PRIMA4_int_PRIMA4_LTR
Clade_1439,PRIMA4-6_int-3_LTR-3
ERV_1751219,ERV_1751219_PRIMA4_int_PRIMA4_LTR
Clade_1440,PRIMA4-4_int-2_LTR-2
ERV_3731199,ERV_3731199_PRIMA4_int_PRIMA4_LTR
ERV_1751239,ERV_1751239_PRIMA4_int_PRIMA4_LTR
Clade_1441,HERVK14-29_int-31_LTR14B-16_LTR14C-1_HERVK14C-1_LTR14A-13_PRIMA41-1
Clade_1442,HERVK14-1_int-2_LTR14B-1_LTR14C-1_HERVK14C-1
ERV_2602013,ERV_2602013_HERVK14_int_LTR14B
ERV_3787663,ERV_3787663_LTR14C_HERVK14C_int
Clade_1443,LTR14A-13_HERVK14-28_int-29_LTR14B-15_PRIMA41-1
ERV_4361429,ERV_4361429_PRIMA41_int
Clade_1444,LTR14A-13_HERVK14-28_int-28_LTR14B-15
ERV_2037173,ERV_2037173_LTR14A_HERVK14_int
Clade_1445,LTR14A-12_HERVK14-27_int-27_LTR14B-15
ERV_4422945,ERV_4422945_LTR14A_HERVK14_int
Clade_1446,HERVK14-26_int-26_LTR14B-15_LTR14A-11
Clade_1447,HERVK14-19_int-19_LTR14B-15_LTR14A-4
Clade_1448,HERVK14-8_int-8_LTR14B-8
Clade_1449,HERVK14-3_int-3_LTR14B-3
ERV_1879937,ERV_1879937_HERVK14_int_LTR14B
Clade_1450,HERVK14-2_int-2_LTR14B-2
ERV_2877731,ERV_2877731_HERVK14_int_LTR14B
ERV_1290107,ERV_1290107_HERVK14_int_LTR14B
Clade_1451,HERVK14-5_int-5_LTR14B-5
ERV_4374351,ERV_4374351_HERVK14_int_LTR14B
Clade_1452,HERVK14-4_int-4_LTR14B-4
ERV_2169282,ERV_2169282_HERVK14_int_LTR14B
Clade_1453,HERVK14-3_int-3_LTR14B-3
ERV_3480192,ERV_3480192_HERVK14_int_LTR14B
Clade_1454,HERVK14-2_int-2_LTR14B-2
ERV_2997122,ERV_2997122_HERVK14_int_LTR14B
ERV_4305238,ERV_4305238_HERVK14_int_LTR14B
Clade_1455,LTR14A-4_HERVK14-11_int-11_LTR14B-7
Clade_1456,LTR14A-4_HERVK14-4_int-4
ERV_1314683,ERV_1314683_LTR14A_HERVK14_int
Clade_1457,LTR14A-3_HERVK14-3_int-3
ERV_4425426,ERV_4425426_LTR14A_HERVK14_int
Clade_1458,LTR14A-2_HERVK14-2_int-2
ERV_1365500,ERV_1365500_LTR14A_HERVK14_int
ERV_2826921,ERV_2826921_LTR14A_HERVK14_int
Clade_1459,HERVK14-7_int-7_LTR14B-7
Clade_1460,HERVK14-3_int-3_LTR14B-3
ERV_1859144,ERV_1859144_HERVK14_int_LTR14B
Clade_1461,HERVK14-2_int-2_LTR14B-2
ERV_1431906,ERV_1431906_HERVK14_int_LTR14B
ERV_4441230,ERV_4441230_HERVK14_int_LTR14B
Clade_1462,HERVK14-4_int-4_LTR14B-4
ERV_1879678,ERV_1879678_HERVK14_int_LTR14B
Clade_1463,HERVK14-3_int-3_LTR14B-3
ERV_3842895,ERV_3842895_HERVK14_int_LTR14B
Clade_1464,HERVK14-2_int-2_LTR14B-2
ERV_1810856,ERV_1810856_HERVK14_int_LTR14B
ERV_1203201,ERV_1203201_HERVK14_int_LTR14B
Clade_1465,LTR14A-7_HERVK14-7_int-7
ERV_3390556,ERV_3390556_LTR14A_HERVK14_int
Clade_1466,LTR14A-6_HERVK14-6_int-6
Clade_1467,LTR14A-2_HERVK14-2_int-2
ERV_4380414,ERV_4380414_LTR14A_HERVK14_int
ERV_4390377,ERV_4390377_LTR14A_HERVK14_int
Clade_1468,LTR14A-4_HERVK14-4_int-4
ERV_1618580,ERV_1618580_LTR14A_HERVK14_int
Clade_1469,LTR14A-3_HERVK14-3_int-3
ERV_3676740,ERV_3676740_LTR14A_HERVK14_int
Clade_1470,LTR14A-2_HERVK14-2_int-2
ERV_3217534,ERV_3217534_LTR14A_HERVK14_int
ERV_2473824,ERV_2473824_LTR14A_HERVK14_int
Clade_1471,HERVK14-1_int-308_PRIMA4-1_LTR13-3_HERVK13-3_HERVK11-40_MER11A-13_HERV4-1_I-1_MER51E-1_MER11C-14_MER11B-17_ERVL-1_E-1_HERVK-57_LTR5B-17_LTR5A-12_LTR5-25_Hs-25_LTR45C-1_HERVKC4-7_LTR14-5_HERVK9-167_MER9a3-82_MER9B-5_MER9a2-41_MER9a1-29_MER57A-1_HERVIP10B3-14_LTR10G-2_HERVIP10F-11_MER50-4_LTR10B2-5_LTR10B-3_LTR10A-4_Harlequin-1_LTR10B1-5_LTR27D-1_MER52-1
Clade_1472,HERVK14-1_int-278_PRIMA4-1_LTR13-3_HERVK13-3_HERVK11-40_MER11A-13_HERV4-1_I-1_MER51E-1_MER11C-14_MER11B-17_ERVL-1_E-1_HERVK-57_LTR5B-17_LTR5A-12_LTR5-25_Hs-25_LTR45C-1_HERVKC4-7_LTR14-5_HERVK9-167_MER9a3-82_MER9B-5_MER9a2-41_MER9a1-29
Clade_1473,HERVK14-1_int-47_PRIMA4-1_LTR13-3_HERVK13-3_HERVK11-40_MER11A-13_HERV4-1_I-1_MER51E-1_MER11C-14_MER11B-17_ERVL-1_E-1
ERV_1776954,ERV_1776954_ERVL_E_int
Clade_1474,HERVK14-1_int-46_PRIMA4-1_LTR13-3_HERVK13-3_HERVK11-40_MER11A-13_HERV4-1_I-1_MER51E-1_MER11C-14_MER11B-17
ERV_1881939,ERV_1881939_HERVK14_int
Clade_1475,PRIMA4-1_int-45_LTR13-3_HERVK13-3_HERVK11-40_MER11A-13_HERV4-1_I-1_MER51E-1_MER11C-14_MER11B-17
ERV_4357247,ERV_4357247_PRIMA4_int
Clade_1476,LTR13-3_HERVK13-3_int-44_HERVK11-40_MER11A-13_HERV4-1_I-1_MER51E-1_MER11C-14_MER11B-17
Clade_1477,LTR13-3_HERVK13-3_int-3
ERV_4426810,ERV_4426810_LTR13_HERVK13_int
Clade_1478,LTR13-2_HERVK13-2_int-2
ERV_3919373,ERV_3919373_LTR13_HERVK13_int
ERV_2988826,ERV_2988826_LTR13_HERVK13_int
Clade_1479,HERVK11-40_int-41_MER11A-13_HERV4-1_I-1_MER51E-1_MER11C-14_MER11B-17
Clade_1480,HERVK11-10_int-11_MER11A-10_HERV4-1_I-1_MER51E-1
ERV_2428088,ERV_2428088_HERVK11_int_MER11A
Clade_1481,HERVK11-9_int-10_MER11A-9_HERV4-1_I-1_MER51E-1
Clade_1482,HERVK11-6_int-6_MER11A-6
Clade_1483,HERVK11-3_int-3_MER11A-3
ERV_3405190,ERV_3405190_HERVK11_int_MER11A
Clade_1484,HERVK11-2_int-2_MER11A-2
ERV_4175505,ERV_4175505_HERVK11_int_MER11A
ERV_2924748,ERV_2924748_HERVK11_int_MER11A
Clade_1485,HERVK11-3_int-3_MER11A-3
ERV_2586530,ERV_2586530_HERVK11_int_MER11A
Clade_1486,HERVK11-2_int-2_MER11A-2
ERV_1879795,ERV_1879795_HERVK11_int_MER11A
ERV_1881868,ERV_1881868_HERVK11_int_MER11A
Clade_1487,HERVK11-3_int-4_MER11A-3_HERV4-1_I-1_MER51E-1
Clade_1488,HERVK11-2_int-2_MER11A-2
ERV_4441587,ERV_4441587_HERVK11_int_MER11A
ERV_2984018,ERV_2984018_HERVK11_int_MER11A
Clade_1489,HERVK11-1_int-2_MER11A-1_HERV4-1_I-1_MER51E-1
ERV_4033697,ERV_4033697_HERVK11_int_MER11A
ERV_2327148,ERV_2327148_HERV4_I_int_MER51E
Clade_1490,HERVK11-30_int-30_MER11C-14_MER11A-3_MER11B-17
ERV_3832072,ERV_3832072_HERVK11_int_MER11C_MER11A
Clade_1491,MER11B-17_HERVK11-29_int-29_MER11C-13_MER11A-2
Clade_1492,MER11B-16_HERVK11-27_int-27_MER11C-13_MER11A-1
Clade_1493,MER11B-15_HERVK11-25_int-25_MER11C-12_MER11A-1
Clade_1494,MER11B-8_HERVK11-17_int-17_MER11C-8_MER11A-1
Clade_1495,MER11B-2_HERVK11-2_int-2
ERV_4427414,ERV_4427414_MER11B_HERVK11_int
ERV_4443533,ERV_4443533_MER11B_HERVK11_int
Clade_1496,HERVK11-15_int-15_MER11C-8_MER11B-6_MER11A-1
ERV_4248530,ERV_4248530_MER11B_HERVK11_int
Clade_1497,HERVK11-14_int-14_MER11C-8_MER11B-5_MER11A-1
Clade_1498,HERVK11-3_int-3_MER11C-2_MER11B-2
ERV_2988969,ERV_2988969_MER11B_HERVK11_int
Clade_1499,HERVK11-2_int-2_MER11C-2_MER11B-1
ERV_4229131,ERV_4229131_HERVK11_int_MER11C
ERV_1824238,ERV_1824238_MER11B_HERVK11_int_MER11C
Clade_1500,MER11B-3_HERVK11-11_int-11_MER11C-6_MER11A-1
Clade_1501,MER11B-1_HERVK11-5_int-5_MER11C-4
Clade_1502,MER11B-1_HERVK11-2_int-2_MER11C-1
ERV_1520528,ERV_1520528_MER11B_HERVK11_int
ERV_4438621,ERV_4438621_HERVK11_int_MER11C
Clade_1503,HERVK11-3_int-3_MER11C-3
ERV_1882176,ERV_1882176_HERVK11_int_MER11C
Clade_1504,HERVK11-2_int-2_MER11C-2
ERV_2743865,ERV_2743865_HERVK11_int_MER11C
ERV_3085409,ERV_3085409_HERVK11_int_MER11C
Clade_1505,HERVK11-6_int-6_MER11C-2_MER11A-1_MER11B-2
Clade_1506,HERVK11-2_int-2_MER11C-2_MER11A-1
ERV_4353675,ERV_4353675_HERVK11_int_MER11C
ERV_2177058,ERV_2177058_HERVK11_int_MER11C_MER11A
Clade_1507,MER11B-2_HERVK11-4_int-4
ERV_3196016,ERV_3196016_MER11B_HERVK11_int
Clade_1508,MER11B-1_HERVK11-3_int-3
ERV_4350762,ERV_4350762_MER11B_HERVK11_int
Clade_1509,HERVK11-2_int-2
ERV_3465931,ERV_3465931_HERVK11_int
ERV_3466610,ERV_3466610_HERVK11_int
Clade_1510,HERVK11-8_int-8_MER11C-4_MER11B-7
Clade_1511,HERVK11-2_int-2_MER11C-2_MER11B-1
ERV_3970484,ERV_3970484_HERVK11_int_MER11C
ERV_1966469,ERV_1966469_MER11B_HERVK11_int_MER11C
Clade_1512,MER11B-6_HERVK11-6_int-6_MER11C-2
ERV_3600090,ERV_3600090_MER11B_HERVK11_int
Clade_1513,MER11B-5_HERVK11-5_int-5_MER11C-2
Clade_1514,MER11B-3_HERVK11-3_int-3_MER11C-2
ERV_4432357,ERV_4432357_MER11B_HERVK11_int_MER11C
Clade_1515,MER11B-2_HERVK11-2_int-2_MER11C-1
ERV_4446143,ERV_4446143_MER11B_HERVK11_int_MER11C
ERV_4445280,ERV_4445280_MER11B_HERVK11_int
Clade_1516,MER11B-2_HERVK11-2_int-2
ERV_3831902,ERV_3831902_MER11B_HERVK11_int
ERV_1824249,ERV_1824249_MER11B_HERVK11_int
Clade_1517,MER11B-1_HERVK11-2_int-2_MER11C-1
ERV_3358726,ERV_3358726_MER11B_HERVK11_int
ERV_1824248,ERV_1824248_HERVK11_int_MER11C
Clade_1518,HERVK11-2_int-2_MER11A-1_MER11B-1
ERV_1644865,ERV_1644865_HERVK11_int_MER11A
ERV_2563646,ERV_2563646_MER11B_HERVK11_int
Clade_1519,HERVK-57_int-231_LTR5B-17_LTR5A-12_LTR5-25_Hs-25_LTR45C-1_HERVKC4-7_LTR14-5_HERVK9-167_MER9a3-82_MER9B-5_MER9a2-41_MER9a1-29
Clade_1520,HERVK-57_int-64_LTR5B-17_LTR5A-12_LTR5-25_Hs-25_LTR45C-1_HERVKC4-7_LTR14-5
Clade_1521,HERVK-55_int-55_LTR5B-17_LTR5A-12_LTR5-23_Hs-23_LTR45C-1
Clade_1522,HERVK-24_int-24_LTR5B-11_LTR5A-12
ERV_2431376,ERV_2431376_HERVK_int_LTR5B
Clade_1523,HERVK-23_int-23_LTR5B-10_LTR5A-12
ERV_2786562,ERV_2786562_HERVK_int_LTR5B
Clade_1524,HERVK-22_int-22_LTR5B-9_LTR5A-12
ERV_4249158,ERV_4249158_HERVK_int_LTR5B
Clade_1525,HERVK-21_int-21_LTR5B-8_LTR5A-12
ERV_3341325,ERV_3341325_HERVK_int_LTR5B
Clade_1526,HERVK-20_int-20_LTR5B-7_LTR5A-12
Clade_1527,HERVK-2_int-2_LTR5B-2
ERV_4321593,ERV_4321593_HERVK_int_LTR5B
ERV_4412030,ERV_4412030_HERVK_int_LTR5B
Clade_1528,HERVK-18_int-18_LTR5A-12_LTR5B-5
ERV_1205294,ERV_1205294_HERVK_int_LTR5B
Clade_1529,HERVK-17_int-17_LTR5A-12_LTR5B-4
Clade_1530,HERVK-11_int-11_LTR5A-10_LTR5B-1
ERV_3292433,ERV_3292433_HERVK_int_LTR5B
Clade_1531,HERVK-10_int-10_LTR5A-10
ERV_1209339,ERV_1209339_HERVK_int_LTR5A
Clade_1532,HERVK-9_int-9_LTR5A-9
Clade_1533,HERVK-2_int-2_LTR5A-2
ERV_4438050,ERV_4438050_HERVK_int_LTR5A
ERV_4007080,ERV_4007080_HERVK_int_LTR5A
Clade_1534,HERVK-7_int-7_LTR5A-7
ERV_2560838,ERV_2560838_HERVK_int_LTR5A
Clade_1535,HERVK-6_int-6_LTR5A-6
Clade_1536,HERVK-2_int-2_LTR5A-2
ERV_2948010,ERV_2948010_HERVK_int_LTR5A
ERV_2794863,ERV_2794863_HERVK_int_LTR5A
Clade_1537,HERVK-4_int-4_LTR5A-4
ERV_2794471,ERV_2794471_HERVK_int_LTR5A
Clade_1538,HERVK-3_int-3_LTR5A-3
ERV_3798887,ERV_3798887_HERVK_int_LTR5A
Clade_1539,HERVK-2_int-2_LTR5A-2
ERV_3925927,ERV_3925927_HERVK_int_LTR5A
ERV_3926052,ERV_3926052_HERVK_int_LTR5A
Clade_1540,HERVK-6_int-6_LTR5B-3_LTR5A-2
Clade_1541,HERVK-4_int-4_LTR5B-3_LTR5A-1
ERV_4108422,ERV_4108422_HERVK_int_LTR5B
Clade_1542,HERVK-3_int-3_LTR5B-2_LTR5A-1
ERV_2846021,ERV_2846021_HERVK_int_LTR5B_LTR5A
Clade_1543,HERVK-2_int-2_LTR5B-1
ERV_3946666,ERV_3946666_HERVK_int
ERV_3052630,ERV_3052630_HERVK_int_LTR5B
Clade_1544,HERVK-2_int-2_LTR5A-1
ERV_4363100,ERV_4363100_HERVK_int
ERV_3466208,ERV_3466208_HERVK_int_LTR5A
Clade_1545,HERVK-31_int-31_LTR5B-6_LTR5-23_Hs-23_LTR45C-1
Clade_1546,HERVK-2_int-2_LTR5B-2
ERV_4194755,ERV_4194755_HERVK_int_LTR5B
ERV_2289356,ERV_2289356_HERVK_int_LTR5B
Clade_1547,HERVK-29_int-29_LTR5B-4_LTR5-23_Hs-23_LTR45C-1
Clade_1548,HERVK-2_int-2_LTR5B-2
ERV_1903639,ERV_1903639_HERVK_int_LTR5B
ERV_1853911,ERV_1853911_HERVK_int_LTR5B
Clade_1549,HERVK-27_int-27_LTR5B-2_LTR5-23_Hs-23_LTR45C-1
ERV_1821224,ERV_1821224_HERVK_int_LTR5B_LTR5_Hs
Clade_1550,LTR5-22_Hs-22_HERVK-26_int-26_LTR45C-1_LTR5B-1
Clade_1551,LTR5-2_Hs-2_HERVK-2_int-2
ERV_1888790,ERV_1888790_LTR5_Hs_HERVK_int
ERV_3437694,ERV_3437694_LTR5_Hs_HERVK_int
Clade_1552,HERVK-24_int-24_LTR5-20_Hs-20_LTR45C-1_LTR5B-1
ERV_3782577,ERV_3782577_HERVK_int_LTR5B
Clade_1553,HERVK-23_int-23_LTR5-20_Hs-20_LTR45C-1
ERV_1887448,ERV_1887448_HERVK_int
Clade_1554,LTR5-20_Hs-20_HERVK-22_int-22_LTR45C-1
ERV_2670442,ERV_2670442_LTR5_Hs_HERVK_int
Clade_1555,LTR5-19_Hs-19_HERVK-21_int-21_LTR45C-1
ERV_2925064,ERV_2925064_LTR5_Hs_HERVK_int
Clade_1556,LTR5-18_Hs-18_HERVK-20_int-20_LTR45C-1
ERV_1822930,ERV_1822930_LTR5_Hs_HERVK_int
Clade_1557,LTR5-17_Hs-17_HERVK-19_int-19_LTR45C-1
ERV_2578677,ERV_2578677_LTR5_Hs_HERVK_int
Clade_1558,LTR5-16_Hs-16_HERVK-18_int-18_LTR45C-1
ERV_1795165,ERV_1795165_HERVK_int_LTR5_Hs
Clade_1559,LTR5-15_Hs-15_HERVK-17_int-17_LTR45C-1
ERV_2195083,ERV_2195083_LTR5_Hs_HERVK_int
Clade_1560,HERVK-16_int-16_LTR5-14_Hs-14_LTR45C-1
Clade_1561,HERVK-4_int-4_LTR5-3_Hs-3
Clade_1562,HERVK-2_int-2_LTR5-1_Hs-1
ERV_3759990,ERV_3759990_HERVK_int
ERV_3220357,ERV_3220357_LTR5_Hs_HERVK_int
Clade_1563,LTR5-2_Hs-2_HERVK-2_int-2
ERV_2599259,ERV_2599259_LTR5_Hs_HERVK_int
ERV_2374329,ERV_2374329_LTR5_Hs_HERVK_int
Clade_1564,LTR5-11_Hs-11_HERVK-12_int-12_LTR45C-1
ERV_1882163,ERV_1882163_LTR5_Hs_HERVK_int
Clade_1565,LTR5-10_Hs-10_HERVK-11_int-11_LTR45C-1
Clade_1566,LTR5-7_Hs-7_HERVK-7_int-7
Clade_1567,LTR5-4_Hs-4_HERVK-4_int-4
ERV_2427227,ERV_2427227_LTR5_Hs_HERVK_int
Clade_1568,LTR5-3_Hs-3_HERVK-3_int-3
ERV_3294085,ERV_3294085_LTR5_Hs_HERVK_int
Clade_1569,LTR5-2_Hs-2_HERVK-2_int-2
ERV_3922921,ERV_3922921_LTR5_Hs_HERVK_int
ERV_3359297,ERV_3359297_LTR5_Hs_HERVK_int
Clade_1570,LTR5-3_Hs-3_HERVK-3_int-3
ERV_2732938,ERV_2732938_LTR5_Hs_HERVK_int
Clade_1571,LTR5-2_Hs-2_HERVK-2_int-2
ERV_4003988,ERV_4003988_LTR5_Hs_HERVK_int
ERV_2777479,ERV_2777479_LTR5_Hs_HERVK_int
Clade_1572,HERVK-4_int-4_LTR5-3_Hs-3_LTR45C-1
Clade_1573,HERVK-2_int-2_LTR5-2_Hs-2_LTR45C-1
ERV_3697923,ERV_3697923_HERVK_int_LTR5_Hs
ERV_3697915,ERV_3697915_HERVK_int_LTR45C_LTR5_Hs
Clade_1574,HERVK-2_int-2_LTR5-1_Hs-1
ERV_2754999,ERV_2754999_HERVK_int
ERV_2921236,ERV_2921236_LTR5_Hs_HERVK_int
Clade_1575,LTR5-2_Hs-2_HERVK-2_int-9_HERVKC4-7_LTR14-5
Clade_1576,LTR5-2_Hs-2_HERVK-2_int-2
ERV_1552006,ERV_1552006_LTR5_Hs_HERVK_int
ERV_3929060,ERV_3929060_HERVK_int_LTR5_Hs
Clade_1577,HERVKC4-7_int-7_LTR14-5
ERV_1903399,ERV_1903399_HERVKC4_int
Clade_1578,LTR14-5_HERVKC4-6_int-6
Clade_1579,LTR14-2_HERVKC4-3_int-3
ERV_1867237,ERV_1867237_HERVKC4_int
Clade_1580,LTR14-2_HERVKC4-2_int-2
ERV_3436192,ERV_3436192_LTR14_HERVKC4_int
ERV_1903398,ERV_1903398_LTR14_HERVKC4_int
Clade_1581,LTR14-3_HERVKC4-3_int-3
ERV_4440993,ERV_4440993_LTR14_HERVKC4_int
Clade_1582,LTR14-2_HERVKC4-2_int-2
ERV_3332932,ERV_3332932_LTR14_HERVKC4_int
ERV_3332939,ERV_3332939_LTR14_HERVKC4_int
Clade_1583,HERVK9-167_int-167_MER9a3-82_MER9B-5_MER9a2-41_MER9a1-29
ERV_4444130,ERV_4444130_HERVK9_int_MER9a3
Clade_1584,HERVK9-166_int-166_MER9a3-81_MER9B-5_MER9a2-41_MER9a1-29
ERV_1881949,ERV_1881949_HERVK9_int
Clade_1585,HERVK9-165_int-165_MER9a3-81_MER9B-5_MER9a2-41_MER9a1-29
ERV_3608593,ERV_3608593_HERVK9_int_MER9a3
Clade_1586,HERVK9-164_int-164_MER9a3-80_MER9B-5_MER9a2-41_MER9a1-29
Clade_1587,HERVK9-162_int-162_MER9a3-78_MER9B-5_MER9a2-41_MER9a1-29
Clade_1588,HERVK9-51_int-51_MER9a3-41_MER9B-5
Clade_1589,HERVK9-8_int-8_MER9a3-8
Clade_1590,HERVK9-5_int-5_MER9a3-5
Clade_1591,HERVK9-3_int-3_MER9a3-3
ERV_3855269,ERV_3855269_HERVK9_int_MER9a3
Clade_1592,HERVK9-2_int-2_MER9a3-2
ERV_3752366,ERV_3752366_HERVK9_int_MER9a3
ERV_4377195,ERV_4377195_HERVK9_int_MER9a3
Clade_1593,HERVK9-2_int-2_MER9a3-2
ERV_4360980,ERV_4360980_HERVK9_int_MER9a3
ERV_1431818,ERV_1431818_HERVK9_int_MER9a3
Clade_1594,HERVK9-3_int-3_MER9a3-3
ERV_3032897,ERV_3032897_HERVK9_int_MER9a3
Clade_1595,HERVK9-2_int-2_MER9a3-2
ERV_1757781,ERV_1757781_HERVK9_int_MER9a3
ERV_1571837,ERV_1571837_HERVK9_int_MER9a3
Clade_1596,HERVK9-43_int-43_MER9a3-33_MER9B-5
Clade_1597,HERVK9-41_int-41_MER9a3-31_MER9B-5
Clade_1598,HERVK9-11_int-11_MER9a3-3_MER9B-5
ERV_4441064,ERV_4441064_HERVK9_int_MER9a3
Clade_1599,MER9B-5_HERVK9-10_int-10_MER9a3-2
ERV_3837246,ERV_3837246_HERVK9_int_MER9a3
Clade_1600,MER9B-5_HERVK9-9_int-9_MER9a3-1
ERV_2622145,ERV_2622145_HERVK9_int_MER9a3
Clade_1601,MER9B-5_HERVK9-8_int-8
ERV_1823756,ERV_1823756_MER9B_HERVK9_int
Clade_1602,MER9B-4_HERVK9-7_int-7
ERV_1267080,ERV_1267080_MER9B_HERVK9_int
Clade_1603,HERVK9-6_int-6_MER9B-3
Clade_1604,HERVK9-2_int-2
ERV_2952417,ERV_2952417_HERVK9_int
ERV_1074624,ERV_1074624_HERVK9_int
Clade_1605,MER9B-3_HERVK9-4_int-4
ERV_2525282,ERV_2525282_MER9B_HERVK9_int
Clade_1606,MER9B-2_HERVK9-3_int-3
ERV_1903238,ERV_1903238_MER9B_HERVK9_int
Clade_1607,HERVK9-2_int-2_MER9B-1
ERV_3044118,ERV_3044118_HERVK9_int
ERV_2952466,ERV_2952466_MER9B_HERVK9_int
Clade_1608,HERVK9-30_int-30_MER9a3-28
Clade_1609,HERVK9-2_int-2_MER9a3-2
ERV_3454775,ERV_3454775_HERVK9_int_MER9a3
ERV_2535574,ERV_2535574_HERVK9_int_MER9a3
Clade_1610,HERVK9-28_int-28_MER9a3-26
Clade_1611,HERVK9-3_int-3_MER9a3-3
ERV_4261991,ERV_4261991_HERVK9_int_MER9a3
Clade_1612,HERVK9-2_int-2_MER9a3-2
ERV_2871447,ERV_2871447_HERVK9_int_MER9a3
ERV_1663034,ERV_1663034_HERVK9_int_MER9a3
Clade_1613,HERVK9-25_int-25_MER9a3-23
Clade_1614,HERVK9-23_int-23_MER9a3-21
Clade_1615,HERVK9-8_int-8_MER9a3-8
Clade_1616,HERVK9-4_int-4_MER9a3-4
ERV_1341021,ERV_1341021_HERVK9_int_MER9a3
Clade_1617,HERVK9-3_int-3_MER9a3-3
ERV_1646745,ERV_1646745_HERVK9_int_MER9a3
Clade_1618,HERVK9-2_int-2_MER9a3-2
ERV_3721717,ERV_3721717_HERVK9_int_MER9a3
ERV_1385859,ERV_1385859_HERVK9_int_MER9a3
Clade_1619,HERVK9-4_int-4_MER9a3-4
Clade_1620,HERVK9-2_int-2_MER9a3-2
ERV_2181504,ERV_2181504_HERVK9_int_MER9a3
ERV_3266336,ERV_3266336_HERVK9_int_MER9a3
Clade_1621,HERVK9-2_int-2_MER9a3-2
ERV_4288245,ERV_4288245_HERVK9_int_MER9a3
ERV_3018597,ERV_3018597_HERVK9_int_MER9a3
Clade_1622,HERVK9-15_int-15_MER9a3-13
ERV_1810348,ERV_1810348_HERVK9_int_MER9a3
Clade_1623,HERVK9-14_int-14_MER9a3-12
Clade_1624,HERVK9-10_int-10_MER9a3-10
Clade_1625,HERVK9-2_int-2_MER9a3-2
ERV_1096234,ERV_1096234_HERVK9_int_MER9a3
ERV_2842720,ERV_2842720_HERVK9_int_MER9a3
Clade_1626,HERVK9-8_int-8_MER9a3-8
ERV_3067729,ERV_3067729_HERVK9_int_MER9a3
Clade_1627,HERVK9-7_int-7_MER9a3-7
ERV_1567557,ERV_1567557_HERVK9_int_MER9a3
Clade_1628,HERVK9-6_int-6_MER9a3-6
Clade_1629,HERVK9-4_int-4_MER9a3-4
Clade_1630,HERVK9-2_int-2_MER9a3-2
ERV_4446913,ERV_4446913_HERVK9_int_MER9a3
ERV_4431223,ERV_4431223_HERVK9_int_MER9a3
Clade_1631,HERVK9-2_int-2_MER9a3-2
ERV_4430129,ERV_4430129_HERVK9_int_MER9a3
ERV_4445145,ERV_4445145_HERVK9_int_MER9a3
Clade_1632,HERVK9-2_int-2_MER9a3-2
ERV_4443688,ERV_4443688_HERVK9_int_MER9a3
ERV_4428181,ERV_4428181_HERVK9_int_MER9a3
Clade_1633,HERVK9-4_int-4_MER9a3-2
ERV_1488082,ERV_1488082_HERVK9_int_MER9a3
Clade_1634,HERVK9-3_int-3_MER9a3-1
ERV_3022815,ERV_3022815_HERVK9_int
Clade_1635,HERVK9-2_int-2_MER9a3-1
ERV_2765708,ERV_2765708_HERVK9_int_MER9a3
ERV_2176442,ERV_2176442_HERVK9_int
Clade_1636,HERVK9-2_int-2_MER9a3-2
ERV_2603148,ERV_2603148_HERVK9_int_MER9a3
ERV_3832008,ERV_3832008_HERVK9_int_MER9a3
Clade_1637,HERVK9-2_int-2_MER9a3-2
ERV_3315957,ERV_3315957_HERVK9_int_MER9a3
ERV_3506619,ERV_3506619_HERVK9_int_MER9a3
Clade_1638,HERVK9-111_int-111_MER9a3-37_MER9a2-41_MER9a1-29
Clade_1639,HERVK9-109_int-109_MER9a3-35_MER9a2-41_MER9a1-29
Clade_1640,HERVK9-9_int-9_MER9a3-7
Clade_1641,HERVK9-6_int-6_MER9a3-4
Clade_1642,HERVK9-4_int-4_MER9a3-3
ERV_2896920,ERV_2896920_HERVK9_int
Clade_1643,HERVK9-3_int-3_MER9a3-3
ERV_4442797,ERV_4442797_HERVK9_int_MER9a3
Clade_1644,HERVK9-2_int-2_MER9a3-2
ERV_1510159,ERV_1510159_HERVK9_int_MER9a3
ERV_1433778,ERV_1433778_HERVK9_int_MER9a3
Clade_1645,HERVK9-2_int-2_MER9a3-1
ERV_3788559,ERV_3788559_HERVK9_int_MER9a3
ERV_3788560,ERV_3788560_HERVK9_int
Clade_1646,HERVK9-3_int-3_MER9a3-3
ERV_3223142,ERV_3223142_HERVK9_int_MER9a3
Clade_1647,HERVK9-2_int-2_MER9a3-2
ERV_3002578,ERV_3002578_HERVK9_int_MER9a3
ERV_3950089,ERV_3950089_HERVK9_int_MER9a3
Clade_1648,HERVK9-100_int-100_MER9a3-28_MER9a2-41_MER9a1-29
Clade_1649,HERVK9-96_int-96_MER9a3-24_MER9a2-41_MER9a1-29
Clade_1650,HERVK9-93_int-93_MER9a3-21_MER9a2-41_MER9a1-29
Clade_1651,HERVK9-89_int-89_MER9a3-17_MER9a2-41_MER9a1-29
Clade_1652,HERVK9-2_int-2_MER9a3-2
ERV_2999627,ERV_2999627_HERVK9_int_MER9a3
ERV_3937449,ERV_3937449_HERVK9_int_MER9a3
Clade_1653,HERVK9-87_int-87_MER9a3-15_MER9a2-41_MER9a1-29
ERV_3003718,ERV_3003718_HERVK9_int_MER9a3
Clade_1654,HERVK9-86_int-86_MER9a3-14_MER9a2-41_MER9a1-29
Clade_1655,HERVK9-4_int-4_MER9a3-4
Clade_1656,HERVK9-2_int-2_MER9a3-2
ERV_2224711,ERV_2224711_HERVK9_int_MER9a3
ERV_3003876,ERV_3003876_HERVK9_int_MER9a3
Clade_1657,HERVK9-2_int-2_MER9a3-2
ERV_1159580,ERV_1159580_HERVK9_int_MER9a3
ERV_3332436,ERV_3332436_HERVK9_int_MER9a3
Clade_1658,HERVK9-82_int-82_MER9a3-10_MER9a2-41_MER9a1-29
Clade_1659,HERVK9-9_int-9_MER9a3-8_MER9a2-1
Clade_1660,HERVK9-5_int-5_MER9a3-5
ERV_2770528,ERV_2770528_HERVK9_int_MER9a3
Clade_1661,HERVK9-4_int-4_MER9a3-4
Clade_1662,HERVK9-2_int-2_MER9a3-2
ERV_3828334,ERV_3828334_HERVK9_int_MER9a3
ERV_2095135,ERV_2095135_HERVK9_int_MER9a3
Clade_1663,HERVK9-2_int-2_MER9a3-2
ERV_2893027,ERV_2893027_HERVK9_int_MER9a3
ERV_4428697,ERV_4428697_HERVK9_int_MER9a3
Clade_1664,HERVK9-4_int-4_MER9a3-3_MER9a2-1
Clade_1665,HERVK9-2_int-2_MER9a3-2
ERV_3379061,ERV_3379061_HERVK9_int_MER9a3
ERV_4037356,ERV_4037356_HERVK9_int_MER9a3
Clade_1666,HERVK9-2_int-2_MER9a2-1_MER9a3-1
ERV_3411315,ERV_3411315_HERVK9_int_MER9a2
ERV_3832217,ERV_3832217_HERVK9_int_MER9a3
Clade_1667,HERVK9-73_int-73_MER9a2-40_MER9a3-2_MER9a1-29
ERV_2828174,ERV_2828174_HERVK9_int_MER9a3
Clade_1668,HERVK9-72_int-72_MER9a2-40_MER9a3-1_MER9a1-29
ERV_1895286,ERV_1895286_HERVK9_int_MER9a2
Clade_1669,HERVK9-71_int-71_MER9a2-39_MER9a3-1_MER9a1-29
Clade_1670,HERVK9-68_int-68_MER9a2-36_MER9a3-1_MER9a1-29
Clade_1671,HERVK9-7_int-7_MER9a2-7
ERV_1203256,ERV_1203256_HERVK9_int_MER9a2
Clade_1672,HERVK9-6_int-6_MER9a2-6
ERV_2818847,ERV_2818847_HERVK9_int_MER9a2
Clade_1673,HERVK9-5_int-5_MER9a2-5
ERV_2715587,ERV_2715587_HERVK9_int_MER9a2
Clade_1674,HERVK9-4_int-4_MER9a2-4
ERV_2393088,ERV_2393088_HERVK9_int_MER9a2
Clade_1675,HERVK9-3_int-3_MER9a2-3
ERV_2423966,ERV_2423966_HERVK9_int_MER9a2
Clade_1676,HERVK9-2_int-2_MER9a2-2
ERV_2370761,ERV_2370761_HERVK9_int_MER9a2
ERV_4440020,ERV_4440020_HERVK9_int_MER9a2
Clade_1677,HERVK9-61_int-61_MER9a2-29_MER9a3-1_MER9a1-29
Clade_1678,HERVK9-10_int-10_MER9a2-9_MER9a3-1
Clade_1679,HERVK9-4_int-4_MER9a2-3_MER9a3-1
Clade_1680,HERVK9-2_int-2_MER9a2-2
ERV_2599436,ERV_2599436_HERVK9_int_MER9a2
ERV_2266532,ERV_2266532_HERVK9_int_MER9a2
Clade_1681,HERVK9-2_int-2_MER9a3-1_MER9a2-1
ERV_2138185,ERV_2138185_HERVK9_int_MER9a3
ERV_3919248,ERV_3919248_HERVK9_int_MER9a2
Clade_1682,HERVK9-6_int-6_MER9a2-6
Clade_1683,HERVK9-2_int-2_MER9a2-2
ERV_2207271,ERV_2207271_HERVK9_int_MER9a2
ERV_1881658,ERV_1881658_HERVK9_int_MER9a2
Clade_1684,HERVK9-4_int-4_MER9a2-4
ERV_1481585,ERV_1481585_HERVK9_int_MER9a2
Clade_1685,HERVK9-3_int-3_MER9a2-3
ERV_1925932,ERV_1925932_HERVK9_int_MER9a2
Clade_1686,HERVK9-2_int-2_MER9a2-2
ERV_3587617,ERV_3587617_HERVK9_int_MER9a2
ERV_3604736,ERV_3604736_HERVK9_int_MER9a2
Clade_1687,HERVK9-51_int-51_MER9a2-20_MER9a1-29
Clade_1688,HERVK9-19_int-19_MER9a2-16_MER9a1-3
Clade_1689,HERVK9-6_int-6_MER9a2-5_MER9a1-1
Clade_1690,HERVK9-4_int-4_MER9a2-3_MER9a1-1
ERV_2678294,ERV_2678294_HERVK9_int_MER9a2
Clade_1691,HERVK9-3_int-3_MER9a2-2_MER9a1-1
ERV_2650663,ERV_2650663_HERVK9_int_MER9a2
Clade_1692,HERVK9-2_int-2_MER9a2-1_MER9a1-1
ERV_4423628,ERV_4423628_HERVK9_int_MER9a2
ERV_3837692,ERV_3837692_MER9a1_HERVK9_int
Clade_1693,HERVK9-2_int-2_MER9a2-2
ERV_1880379,ERV_1880379_HERVK9_int_MER9a2
ERV_2737469,ERV_2737469_HERVK9_int_MER9a2
Clade_1694,HERVK9-13_int-13_MER9a2-11_MER9a1-2
Clade_1695,HERVK9-2_int-2_MER9a2-1_MER9a1-1
ERV_3947782,ERV_3947782_HERVK9_int_MER9a2
ERV_4002433,ERV_4002433_MER9a1_HERVK9_int
Clade_1696,HERVK9-11_int-11_MER9a2-10_MER9a1-1
Clade_1697,HERVK9-9_int-9_MER9a2-8_MER9a1-1
Clade_1698,HERVK9-7_int-7_MER9a2-6_MER9a1-1
ERV_4162252,ERV_4162252_HERVK9_int_MER9a2
Clade_1699,HERVK9-6_int-6_MER9a2-5_MER9a1-1
ERV_3091578,ERV_3091578_HERVK9_int_MER9a2
Clade_1700,HERVK9-5_int-5_MER9a2-4_MER9a1-1
Clade_1701,HERVK9-3_int-3_MER9a2-2_MER9a1-1
ERV_4439146,ERV_4439146_HERVK9_int_MER9a2
Clade_1702,HERVK9-2_int-2_MER9a2-1_MER9a1-1
ERV_4429929,ERV_4429929_HERVK9_int_MER9a2
ERV_4444859,ERV_4444859_MER9a1_HERVK9_int
Clade_1703,HERVK9-2_int-2_MER9a2-2
ERV_4420824,ERV_4420824_HERVK9_int_MER9a2
ERV_4444790,ERV_4444790_HERVK9_int_MER9a2
Clade_1704,HERVK9-2_int-2_MER9a2-2
ERV_3604570,ERV_3604570_HERVK9_int_MER9a2
ERV_3869202,ERV_3869202_HERVK9_int_MER9a2
Clade_1705,HERVK9-2_int-2_MER9a2-2
ERV_4260013,ERV_4260013_HERVK9_int_MER9a2
ERV_3142452,ERV_3142452_HERVK9_int_MER9a2
Clade_1706,MER9a1-26_HERVK9-32_int-32_MER9a2-4
Clade_1707,MER9a1-26_HERVK9-30_int-30_MER9a2-2
Clade_1708,MER9a1-4_HERVK9-4_int-4
ERV_1871739,ERV_1871739_MER9a1_HERVK9_int
Clade_1709,MER9a1-3_HERVK9-3_int-3
ERV_1903643,ERV_1903643_MER9a1_HERVK9_int
Clade_1710,MER9a1-2_HERVK9-2_int-2
ERV_3351001,ERV_3351001_MER9a1_HERVK9_int
ERV_3350411,ERV_3350411_MER9a1_HERVK9_int
Clade_1711,MER9a1-22_HERVK9-26_int-26_MER9a2-2
Clade_1712,MER9a1-3_HERVK9-3_int-3
ERV_3790697,ERV_3790697_MER9a1_HERVK9_int
Clade_1713,MER9a1-2_HERVK9-2_int-2
ERV_1632241,ERV_1632241_MER9a1_HERVK9_int
ERV_3049799,ERV_3049799_MER9a1_HERVK9_int
Clade_1714,MER9a1-19_HERVK9-23_int-23_MER9a2-2
Clade_1715,MER9a1-12_HERVK9-13_int-13_MER9a2-1
Clade_1716,MER9a1-9_HERVK9-10_int-10_MER9a2-1
Clade_1717,MER9a1-2_HERVK9-2_int-2
ERV_3900412,ERV_3900412_MER9a1_HERVK9_int
ERV_2282320,ERV_2282320_MER9a1_HERVK9_int
Clade_1718,MER9a1-7_HERVK9-8_int-8_MER9a2-1
Clade_1719,MER9a1-3_HERVK9-3_int-3
ERV_3506083,ERV_3506083_MER9a1_HERVK9_int
Clade_1720,MER9a1-2_HERVK9-2_int-2
ERV_3005186,ERV_3005186_MER9a1_HERVK9_int
ERV_3833708,ERV_3833708_MER9a1_HERVK9_int
Clade_1721,HERVK9-5_int-5_MER9a2-1_MER9a1-4
Clade_1722,HERVK9-2_int-2_MER9a2-1_MER9a1-1
ERV_2296128,ERV_2296128_HERVK9_int_MER9a2
ERV_1880314,ERV_1880314_MER9a1_HERVK9_int
Clade_1723,MER9a1-3_HERVK9-3_int-3
ERV_4367443,ERV_4367443_MER9a1_HERVK9_int
Clade_1724,MER9a1-2_HERVK9-2_int-2
ERV_3344345,ERV_3344345_MER9a1_HERVK9_int
ERV_3122109,ERV_3122109_MER9a1_HERVK9_int
Clade_1725,MER9a1-3_HERVK9-3_int-3
ERV_2999388,ERV_2999388_MER9a1_HERVK9_int
Clade_1726,MER9a1-2_HERVK9-2_int-2
ERV_2207354,ERV_2207354_MER9a1_HERVK9_int
ERV_1869041,ERV_1869041_MER9a1_HERVK9_int
Clade_1727,MER9a1-7_HERVK9-10_int-10_MER9a2-1
ERV_3593509,ERV_3593509_HERVK9_int
Clade_1728,MER9a1-7_HERVK9-9_int-9_MER9a2-1
ERV_1880589,ERV_1880589_MER9a1_HERVK9_int
Clade_1729,MER9a1-6_HERVK9-8_int-8_MER9a2-1
ERV_1959931,ERV_1959931_MER9a1_HERVK9_int
Clade_1730,MER9a1-5_HERVK9-7_int-7_MER9a2-1
Clade_1731,MER9a1-4_HERVK9-4_int-4
ERV_3231874,ERV_3231874_MER9a1_HERVK9_int
Clade_1732,MER9a1-3_HERVK9-3_int-3
ERV_3602962,ERV_3602962_MER9a1_HERVK9_int
Clade_1733,MER9a1-2_HERVK9-2_int-2
ERV_4426735,ERV_4426735_MER9a1_HERVK9_int
ERV_3331471,ERV_3331471_MER9a1_HERVK9_int
Clade_1734,HERVK9-3_int-3_MER9a1-1_MER9a2-1
ERV_4362447,ERV_4362447_HERVK9_int
Clade_1735,MER9a1-1_HERVK9-2_int-2_MER9a2-1
ERV_3723185,ERV_3723185_MER9a1_HERVK9_int
ERV_3270054,ERV_3270054_HERVK9_int_MER9a2
Clade_1736,HERVK9-2_int-2_MER9a2-2
ERV_3552318,ERV_3552318_HERVK9_int_MER9a2
ERV_4111669,ERV_4111669_HERVK9_int_MER9a2
Clade_1737,HERVK9-3_int-3_MER9a2-3
ERV_3088993,ERV_3088993_HERVK9_int_MER9a2
Clade_1738,HERVK9-2_int-2_MER9a2-2
ERV_2008870,ERV_2008870_HERVK9_int_MER9a2
ERV_3089179,ERV_3089179_HERVK9_int_MER9a2
Clade_1739,HERVK9-4_int-4_MER9a3-4
Clade_1740,HERVK9-2_int-2_MER9a3-2
ERV_3206180,ERV_3206180_HERVK9_int_MER9a3
ERV_3052794,ERV_3052794_HERVK9_int_MER9a3
Clade_1741,HERVK9-2_int-2_MER9a3-2
ERV_1890444,ERV_1890444_HERVK9_int_MER9a3
ERV_3849945,ERV_3849945_HERVK9_int_MER9a3
Clade_1742,HERVK9-3_int-3_MER9a3-3
ERV_3787193,ERV_3787193_HERVK9_int_MER9a3
Clade_1743,HERVK9-2_int-2_MER9a3-2
ERV_2777076,ERV_2777076_HERVK9_int_MER9a3
ERV_1952863,ERV_1952863_HERVK9_int_MER9a3
Clade_1744,HERVK9-4_int-4_MER9a3-4
Clade_1745,HERVK9-2_int-2_MER9a3-2
ERV_1219757,ERV_1219757_HERVK9_int_MER9a3
ERV_1154965,ERV_1154965_HERVK9_int_MER9a3
Clade_1746,HERVK9-2_int-2_MER9a3-2
ERV_2849795,ERV_2849795_HERVK9_int_MER9a3
ERV_2934178,ERV_2934178_HERVK9_int_MER9a3
Clade_1747,HERVK9-2_int-2_MER9a3-2
ERV_4361347,ERV_4361347_HERVK9_int_MER9a3
ERV_2861043,ERV_2861043_HERVK9_int_MER9a3
Clade_1748,HERVK9-2_int-2_MER9a3-2
ERV_2728102,ERV_2728102_HERVK9_int_MER9a3
ERV_2579873,ERV_2579873_HERVK9_int_MER9a3
Clade_1749,MER57A-1_int-30_HERVIP10B3-14_LTR10G-2_HERVIP10F-11_MER50-4_LTR10B2-5_LTR10B-3_LTR10A-4_Harlequin-1_LTR10B1-5_LTR27D-1_MER52-1
Clade_1750,MER57A-1_int-3_HERVIP10B3-1_LTR10G-1_HERVIP10F-1
ERV_2621964,ERV_2621964_MER57A_int
Clade_1751,HERVIP10B3-1_int-2_LTR10G-1_HERVIP10F-1
ERV_2593847,ERV_2593847_HERVIP10B3_int_LTR10G
ERV_2484532,ERV_2484532_HERVIP10F_int
Clade_1752,MER50-4_int-27_HERVIP10B3-13_LTR10G-1_LTR10B2-5_LTR10B-3_HERVIP10F-10_LTR10A-4_Harlequin-1_LTR10B1-5_LTR27D-1_MER52-1
ERV_3552033,ERV_3552033_LTR27D_MER52_int
Clade_1753,MER50-4_int-26_HERVIP10B3-13_LTR10G-1_LTR10B2-5_LTR10B-3_HERVIP10F-10_LTR10A-4_Harlequin-1_LTR10B1-5
Clade_1754,MER50-4_int-2
ERV_3638262,ERV_3638262_MER50_int_MER50
ERV_2828129,ERV_2828129_MER50_int_MER50
Clade_1755,HERVIP10B3-13_int-24_LTR10G-1_LTR10B2-5_LTR10B-3_HERVIP10F-10_LTR10A-4_Harlequin-1_LTR10B1-5
Clade_1756,HERVIP10B3-5_int-14_LTR10G-1_LTR10B2-3_LTR10B-2_HERVIP10F-8_LTR10A-3_Harlequin-1
Clade_1757,HERVIP10B3-2_int-2_LTR10G-1_LTR10B2-1
ERV_4428777,ERV_4428777_HERVIP10B3_int_LTR10G
ERV_2991119,ERV_2991119_LTR10B2_HERVIP10B3_int
Clade_1758,LTR10B-2_HERVIP10B3-3_int-12_LTR10B2-2_HERVIP10F-8_LTR10A-3_Harlequin-1
Clade_1759,LTR10B-2_HERVIP10B3-3_int-3_LTR10B2-2
ERV_1488102,ERV_1488102_LTR10B2_HERVIP10B3_int
Clade_1760,LTR10B-2_HERVIP10B3-2_int-2_LTR10B2-1
ERV_1461437,ERV_1461437_LTR10B_HERVIP10B3_int_LTR10B2
ERV_1807250,ERV_1807250_LTR10B_HERVIP10B3_int
Clade_1761,HERVIP10F-8_int-9_LTR10A-3_Harlequin-1
ERV_4132590,ERV_4132590_HERVIP10F_int
Clade_1762,HERVIP10F-7_int-8_LTR10A-3_Harlequin-1
Clade_1763,HERVIP10F-4_int-4_LTR10A-3
ERV_2186229,ERV_2186229_HERVIP10F_int_LTR10A
Clade_1764,HERVIP10F-3_int-3_LTR10A-2
ERV_2673985,ERV_2673985_HERVIP10F_int_LTR10A
Clade_1765,HERVIP10F-2_int-2_LTR10A-1
ERV_2240759,ERV_2240759_HERVIP10F_int_LTR10A
ERV_1201328,ERV_1201328_HERVIP10F_int
Clade_1766,HERVIP10F-3_int-4_Harlequin-1
ERV_2040081,ERV_2040081_HERVIP10F_int
Clade_1767,Harlequin-1_int-3_HERVIP10F-2
ERV_4157668,ERV_4157668_Harlequin_int
Clade_1768,HERVIP10F-2_int-2
ERV_3228348,ERV_3228348_HERVIP10F_int
ERV_1281018,ERV_1281018_HERVIP10F_int
Clade_1769,LTR10B1-5_HERVIP10B3-8_int-10_HERVIP10F-2_LTR10A-1_LTR10B2-2_LTR10B-1
Clade_1770,LTR10B1-5_HERVIP10B3-6_int-7_HERVIP10F-1_LTR10A-1_LTR10B2-1
Clade_1771,LTR10B1-1_HERVIP10B3-2_int-3_HERVIP10F-1_LTR10A-1_LTR10B2-1
ERV_3179070,ERV_3179070_LTR10B1_HERVIP10B3_int
Clade_1772,HERVIP10F-1_int-2_LTR10A-1_LTR10B2-1_HERVIP10B3-1
ERV_1405198,ERV_1405198_HERVIP10F_int_LTR10A
ERV_1429938,ERV_1429938_LTR10B2_HERVIP10B3_int
Clade_1773,LTR10B1-4_HERVIP10B3-4_int-4
ERV_1683766,ERV_1683766_LTR10B1_HERVIP10B3_int
Clade_1774,LTR10B1-3_HERVIP10B3-3_int-3
ERV_3950242,ERV_3950242_LTR10B1_HERVIP10B3_int
Clade_1775,LTR10B1-2_HERVIP10B3-2_int-2
ERV_3176690,ERV_3176690_LTR10B1_HERVIP10B3_int
ERV_3858388,ERV_3858388_LTR10B1_HERVIP10B3_int
Clade_1776,HERVIP10F-1_int-3_LTR10B2-1_HERVIP10B3-2_LTR10B-1
ERV_2785658,ERV_2785658_HERVIP10F_int
Clade_1777,LTR10B2-1_HERVIP10B3-2_int-2_LTR10B-1
ERV_2753466,ERV_2753466_LTR10B2_HERVIP10B3_int
ERV_3353159,ERV_3353159_LTR10B_HERVIP10B3_int
Clade_1778,LOR1-3_int-587_HERVI-2_LTR71A-14_HERVP71A-22_LTR71B-7_MLT2D-4_ERVL-42_B4-32_MLT2B4-6_HERVL-450_MLT2A2-142_MLT2A1-283_E-2_MLT2B2-2_MLT2B1-13_HERVK22-1_MLT2B3-1_MLT2C1-2_LOR1a-2_PABL-1_B-1_LTR3B-28_HERVK3-60_LTR3-11_-7_LTR10B1-1_HERVIP10B3-1_LTR3A-20_HERVK14-1_HERV1-2_LTRb-1_I-2_LTR66-1_HERVL66-1_LTR16-1_ERV3-1_16A3-1_ERVL47-1_LTR47B3-1
Clade_1779,LOR1-3_int-539_HERVI-1_LTR71A-14_HERVP71A-22_LTR71B-7_MLT2D-4_ERVL-42_B4-32_MLT2B4-6_HERVL-450_MLT2A2-142_MLT2A1-283_E-2_MLT2B2-2_MLT2B1-13_HERVK22-1_MLT2B3-1_MLT2C1-2_LOR1a-2_PABL-1_B-1_LTR3B-16_HERVK3-18_LTR3-2_-1_LTR10B1-1_HERVIP10B3-1_LTR3A-1
Clade_1780,LOR1-3_int-520_HERVI-1_LTR71A-14_HERVP71A-22_LTR71B-7_MLT2D-4_ERVL-42_B4-32_MLT2B4-6_HERVL-450_MLT2A2-142_MLT2A1-283_E-2_MLT2B2-2_MLT2B1-13_HERVK22-1_MLT2B3-1_MLT2C1-2_LOR1a-2_PABL-1_B-1
Clade_1781,LOR1-1_int-24_HERVI-1_LTR71A-14_HERVP71A-22_LTR71B-7
ERV_1858063,ERV_1858063_LOR1_int
Clade_1782,HERVI-1_int-23_LTR71A-14_HERVP71A-22_LTR71B-7
ERV_2019487,ERV_2019487_HERVI_int
Clade_1783,LTR71A-14_HERVP71A-22_int-22_LTR71B-7
ERV_3408986,ERV_3408986_LTR71A_HERVP71A_int_LTR71B
Clade_1784,HERVP71A-21_int-21_LTR71B-6_LTR71A-13
Clade_1785,HERVP71A-6_int-6_LTR71B-6
ERV_1070865,ERV_1070865_HERVP71A_int_LTR71B
Clade_1786,HERVP71A-5_int-5_LTR71B-5
ERV_3784857,ERV_3784857_HERVP71A_int_LTR71B
Clade_1787,HERVP71A-4_int-4_LTR71B-4
ERV_3022023,ERV_3022023_HERVP71A_int_LTR71B
Clade_1788,HERVP71A-3_int-3_LTR71B-3
ERV_4260015,ERV_4260015_HERVP71A_int_LTR71B
Clade_1789,HERVP71A-2_int-2_LTR71B-2
ERV_3900394,ERV_3900394_HERVP71A_int_LTR71B
ERV_4114967,ERV_4114967_HERVP71A_int_LTR71B
Clade_1790,LTR71A-13_HERVP71A-15_int-15
ERV_1102130,ERV_1102130_LTR71A_HERVP71A_int
Clade_1791,LTR71A-12_HERVP71A-14_int-14
ERV_3151727,ERV_3151727_LTR71A_HERVP71A_int
Clade_1792,LTR71A-11_HERVP71A-13_int-13
Clade_1793,LTR71A-3_HERVP71A-3_int-3
ERV_1573389,ERV_1573389_LTR71A_HERVP71A_int
Clade_1794,LTR71A-2_HERVP71A-2_int-2
ERV_2781839,ERV_2781839_LTR71A_HERVP71A_int
ERV_2617541,ERV_2617541_LTR71A_HERVP71A_int
Clade_1795,LTR71A-8_HERVP71A-10_int-10
Clade_1796,LTR71A-6_HERVP71A-8_int-8
Clade_1797,LTR71A-4_HERVP71A-6_int-6
Clade_1798,LTR71A-3_HERVP71A-3_int-3
ERV_4379945,ERV_4379945_LTR71A_HERVP71A_int
Clade_1799,LTR71A-2_HERVP71A-2_int-2
ERV_3707541,ERV_3707541_LTR71A_HERVP71A_int
ERV_3707570,ERV_3707570_LTR71A_HERVP71A_int
Clade_1800,HERVP71A-3_int-3_LTR71A-1
ERV_3026710,ERV_3026710_HERVP71A_int
Clade_1801,HERVP71A-2_int-2_LTR71A-1
ERV_2667139,ERV_2667139_HERVP71A_int
ERV_2694745,ERV_2694745_LTR71A_HERVP71A_int
Clade_1802,LTR71A-2_HERVP71A-2_int-2
ERV_2230443,ERV_2230443_LTR71A_HERVP71A_int
ERV_1096645,ERV_1096645_LTR71A_HERVP71A_int
Clade_1803,LTR71A-2_HERVP71A-2_int-2
ERV_4290533,ERV_4290533_LTR71A_HERVP71A_int
ERV_3274888,ERV_3274888_LTR71A_HERVP71A_int
Clade_1804,MLT2D-4_ERVL-42_B4-32_int-496_MLT2B4-6_HERVL-450_MLT2A2-142_MLT2A1-283_E-2_MLT2B2-2_MLT2B1-13_HERVK22-1_MLT2B3-1_MLT2C1-2_LOR1a-2_LOR1-2_PABL-1_B-1
Clade_1805,MLT2D-1_ERVL-2_B4-2_int-2_MLT2B4-1
ERV_4160880,ERV_4160880_MLT2D_ERVL_B4_int
ERV_3888338,ERV_3888338_ERVL_B4_int_MLT2B4
Clade_1806,HERVL-450_int-494_MLT2A2-142_ERVL-40_B4-30_MLT2A1-283_E-2_MLT2B2-2_MLT2B1-13_HERVK22-1_MLT2B3-1_MLT2B4-5_MLT2D-3_MLT2C1-2_LOR1a-2_LOR1-2_PABL-1_B-1
Clade_1807,HERVL-450_int-491_MLT2A2-142_ERVL-40_B4-30_MLT2A1-283_E-2_MLT2B2-2_MLT2B1-13_HERVK22-1_MLT2B3-1_MLT2B4-5_MLT2D-3_MLT2C1-2
Clade_1808,HERVL-450_int-463_MLT2A2-142_ERVL-12_B4-6_MLT2A1-283_E-2_MLT2B2-1_MLT2B1-3_HERVK22-1
ERV_3602656,ERV_3602656_HERVL_int
Clade_1809,HERVL-449_int-462_MLT2A2-142_ERVL-12_B4-6_MLT2A1-283_E-2_MLT2B2-1_MLT2B1-3_HERVK22-1
Clade_1810,HERVL-2_int-2_MLT2A2-2
ERV_3146114,ERV_3146114_HERVL_int_MLT2A2
ERV_4216352,ERV_4216352_HERVL_int_MLT2A2
Clade_1811,HERVL-447_int-460_MLT2A2-140_ERVL-12_B4-6_MLT2A1-283_E-2_MLT2B2-1_MLT2B1-3_HERVK22-1
Clade_1812,HERVL-443_int-456_MLT2A2-136_ERVL-12_B4-6_MLT2A1-282_E-2_MLT2B2-1_MLT2B1-3_HERVK22-1
Clade_1813,HERVL-436_int-448_MLT2A2-132_ERVL-11_B4-6_MLT2A1-281_E-2_MLT2B2-1_MLT2B1-3_HERVK22-1
Clade_1814,HERVL-13_int-13_MLT2A2-12
Clade_1815,HERVL-4_int-4_MLT2A2-3
ERV_3554669,ERV_3554669_HERVL_int
Clade_1816,HERVL-3_int-3_MLT2A2-3
ERV_3387435,ERV_3387435_HERVL_int_MLT2A2
Clade_1817,HERVL-2_int-2_MLT2A2-2
ERV_3408877,ERV_3408877_HERVL_int_MLT2A2
ERV_3554870,ERV_3554870_HERVL_int_MLT2A2
Clade_1818,HERVL-9_int-9_MLT2A2-9
Clade_1819,HERVL-7_int-7_MLT2A2-7
ERV_2842000,ERV_2842000_HERVL_int_MLT2A2
Clade_1820,HERVL-6_int-6_MLT2A2-6
Clade_1821,HERVL-3_int-3_MLT2A2-3
ERV_3034851,ERV_3034851_HERVL_int_MLT2A2
Clade_1822,HERVL-2_int-2_MLT2A2-2
ERV_1101638,ERV_1101638_HERVL_int_MLT2A2
ERV_4134287,ERV_4134287_HERVL_int_MLT2A2
Clade_1823,HERVL-3_int-3_MLT2A2-3
ERV_4269127,ERV_4269127_HERVL_int_MLT2A2
Clade_1824,HERVL-2_int-2_MLT2A2-2
ERV_3344272,ERV_3344272_HERVL_int_MLT2A2
ERV_1333046,ERV_1333046_HERVL_int_MLT2A2
Clade_1825,HERVL-2_int-2_MLT2A2-2
ERV_2983219,ERV_2983219_HERVL_int_MLT2A2
ERV_1787258,ERV_1787258_HERVL_int_MLT2A2
Clade_1826,HERVL-423_int-435_MLT2A2-120_ERVL-11_B4-6_MLT2A1-281_E-2_MLT2B2-1_MLT2B1-3_HERVK22-1
Clade_1827,HERVL-23_int-24_MLT2A2-16_ERVL-1_B4-1
Clade_1828,HERVL-1_int-2_MLT2A2-1_ERVL-1_B4-1
ERV_3626952,ERV_3626952_HERVL_int_MLT2A2
ERV_4361901,ERV_4361901_ERVL_B4_int
Clade_1829,HERVL-22_int-22_MLT2A2-15
Clade_1830,HERVL-19_int-19_MLT2A2-12
Clade_1831,HERVL-15_int-15_MLT2A2-9
ERV_4393222,ERV_4393222_HERVL_int_MLT2A2
Clade_1832,HERVL-14_int-14_MLT2A2-8
Clade_1833,HERVL-9_int-9_MLT2A2-4
ERV_1629920,ERV_1629920_HERVL_int_MLT2A2
Clade_1834,HERVL-8_int-8_MLT2A2-3
Clade_1835,HERVL-6_int-6_MLT2A2-2
ERV_4297941,ERV_4297941_HERVL_int_MLT2A2
Clade_1836,HERVL-5_int-5_MLT2A2-1
Clade_1837,HERVL-2_int-2_MLT2A2-1
ERV_1778918,ERV_1778918_HERVL_int
ERV_1727304,ERV_1727304_HERVL_int_MLT2A2
Clade_1838,HERVL-3_int-3
ERV_3491982,ERV_3491982_HERVL_int
Clade_1839,HERVL-2_int-2
ERV_2867299,ERV_2867299_HERVL_int
ERV_3354031,ERV_3354031_HERVL_int
Clade_1840,HERVL-2_int-2_MLT2A2-1
ERV_2846625,ERV_2846625_HERVL_int
ERV_1766262,ERV_1766262_HERVL_int_MLT2A2
Clade_1841,HERVL-5_int-5_MLT2A2-4
Clade_1842,HERVL-2_int-2_MLT2A2-2
ERV_4217133,ERV_4217133_HERVL_int_MLT2A2
ERV_1221641,ERV_1221641_HERVL_int_MLT2A2
Clade_1843,HERVL-3_int-3_MLT2A2-2
ERV_3647736,ERV_3647736_HERVL_int
Clade_1844,HERVL-2_int-2_MLT2A2-2
ERV_3018101,ERV_3018101_HERVL_int_MLT2A2
ERV_1246201,ERV_1246201_HERVL_int_MLT2A2
Clade_1845,HERVL-4_int-4_MLT2A2-3
Clade_1846,HERVL-2_int-2_MLT2A2-2
ERV_3270725,ERV_3270725_HERVL_int_MLT2A2
ERV_3269255,ERV_3269255_HERVL_int_MLT2A2
Clade_1847,HERVL-2_int-2_MLT2A2-1
ERV_2064422,ERV_2064422_HERVL_int_MLT2A2
ERV_3295936,ERV_3295936_HERVL_int
Clade_1848,HERVL-3_int-3_MLT2A2-3
ERV_2035131,ERV_2035131_HERVL_int_MLT2A2
Clade_1849,HERVL-2_int-2_MLT2A2-2
ERV_3394145,ERV_3394145_HERVL_int_MLT2A2
ERV_2618951,ERV_2618951_HERVL_int_MLT2A2
Clade_1850,HERVL-400_int-411_MLT2A2-104_MLT2A1-281_ERVL-10_E-2_MLT2B2-1_B4-5_MLT2B1-3_HERVK22-1
Clade_1851,HERVL-2_int-2_MLT2A2-1
ERV_3021245,ERV_3021245_HERVL_int_MLT2A2
ERV_3361425,ERV_3361425_HERVL_int
Clade_1852,HERVL-398_int-409_MLT2A2-103_MLT2A1-281_ERVL-10_E-2_MLT2B2-1_B4-5_MLT2B1-3_HERVK22-1
Clade_1853,HERVL-392_int-403_MLT2A2-98_MLT2A1-280_ERVL-10_E-2_MLT2B2-1_B4-5_MLT2B1-3_HERVK22-1
Clade_1854,HERVL-387_int-398_MLT2A2-93_MLT2A1-280_ERVL-10_E-2_MLT2B2-1_B4-5_MLT2B1-3_HERVK22-1
Clade_1855,HERVL-384_int-395_MLT2A2-90_MLT2A1-280_ERVL-10_E-2_MLT2B2-1_B4-5_MLT2B1-3_HERVK22-1
ERV_2141908,ERV_2141908_HERVL_int_MLT2A2
Clade_1856,HERVL-383_int-394_MLT2A2-89_MLT2A1-280_ERVL-10_E-2_MLT2B2-1_B4-5_MLT2B1-3_HERVK22-1
ERV_4259735,ERV_4259735_HERVL_int_MLT2A2
Clade_1857,HERVL-382_int-393_MLT2A2-88_MLT2A1-280_ERVL-10_E-2_MLT2B2-1_B4-5_MLT2B1-3_HERVK22-1
ERV_1050205,ERV_1050205_HERVL_int_MLT2A2
Clade_1858,HERVL-381_int-392_MLT2A2-87_MLT2A1-280_ERVL-10_E-2_MLT2B2-1_B4-5_MLT2B1-3_HERVK22-1
ERV_3174888,ERV_3174888_HERVL_int_MLT2A2
Clade_1859,HERVL-380_int-391_MLT2A2-86_MLT2A1-280_ERVL-10_E-2_MLT2B2-1_B4-5_MLT2B1-3_HERVK22-1
ERV_4262972,ERV_4262972_HERVL_int_MLT2A2
Clade_1860,HERVL-379_int-390_MLT2A2-85_MLT2A1-280_ERVL-10_E-2_MLT2B2-1_B4-5_MLT2B1-3_HERVK22-1
Clade_1861,HERVL-3_int-3_MLT2A2-2
ERV_3630997,ERV_3630997_HERVL_int_MLT2A2
Clade_1862,HERVL-2_int-2_MLT2A2-1
ERV_3596148,ERV_3596148_HERVL_int
ERV_3356162,ERV_3356162_HERVL_int_MLT2A2
Clade_1863,HERVL-376_int-387_MLT2A2-83_MLT2A1-280_ERVL-10_E-2_MLT2B2-1_B4-5_MLT2B1-3_HERVK22-1
Clade_1864,HERVL-2_int-2_MLT2A2-1
ERV_4262289,ERV_4262289_HERVL_int_MLT2A2
ERV_2582350,ERV_2582350_HERVL_int
Clade_1865,HERVL-374_int-385_MLT2A2-82_MLT2A1-280_ERVL-10_E-2_MLT2B2-1_B4-5_MLT2B1-3_HERVK22-1
Clade_1866,HERVL-2_int-2_MLT2A2-2
ERV_2843735,ERV_2843735_HERVL_int_MLT2A2
ERV_1428611,ERV_1428611_HERVL_int_MLT2A2
Clade_1867,HERVL-372_int-383_MLT2A2-80_MLT2A1-280_ERVL-10_E-2_MLT2B2-1_B4-5_MLT2B1-3_HERVK22-1
ERV_3211603,ERV_3211603_HERVL_int
Clade_1868,HERVL-371_int-382_MLT2A2-80_MLT2A1-280_ERVL-10_E-2_MLT2B2-1_B4-5_MLT2B1-3_HERVK22-1
ERV_1907651,ERV_1907651_HERVL_int_MLT2A2
Clade_1869,HERVL-370_int-381_MLT2A2-79_MLT2A1-280_ERVL-10_E-2_MLT2B2-1_B4-5_MLT2B1-3_HERVK22-1
Clade_1870,HERVL-2_int-2_MLT2A2-2
ERV_4078358,ERV_4078358_HERVL_int_MLT2A2
ERV_2088942,ERV_2088942_HERVL_int_MLT2A2
Clade_1871,MLT2A1-280_HERVL-368_int-379_MLT2A2-77_ERVL-10_E-2_MLT2B2-1_B4-5_MLT2B1-3_HERVK22-1
Clade_1872,MLT2A1-274_HERVL-356_int-366_MLT2A2-75_ERVL-9_E-2_MLT2B2-1_B4-5_MLT2B1-3_HERVK22-1
Clade_1873,MLT2A1-252_HERVL-334_int-344_MLT2A2-75_ERVL-9_E-2_MLT2B2-1_B4-5_MLT2B1-3_HERVK22-1
Clade_1874,MLT2A1-9_HERVL-10_int-10
Clade_1875,MLT2A1-2_HERVL-3_int-3
ERV_4406133,ERV_4406133_MLT2A1_HERVL_int
Clade_1876,HERVL-2_int-2_MLT2A1-1
ERV_3066944,ERV_3066944_HERVL_int
ERV_2770780,ERV_2770780_MLT2A1_HERVL_int
Clade_1877,HERVL-7_int-7_MLT2A1-7
Clade_1878,HERVL-5_int-5_MLT2A1-5
ERV_1723225,ERV_1723225_MLT2A1_HERVL_int
Clade_1879,HERVL-4_int-4_MLT2A1-4
ERV_1070103,ERV_1070103_HERVL_int_MLT2A1
Clade_1880,MLT2A1-3_HERVL-3_int-3
ERV_3552361,ERV_3552361_MLT2A1_HERVL_int
Clade_1881,MLT2A1-2_HERVL-2_int-2
ERV_3226441,ERV_3226441_MLT2A1_HERVL_int
ERV_3252206,ERV_3252206_MLT2A1_HERVL_int
Clade_1882,MLT2A1-2_HERVL-2_int-2
ERV_1210984,ERV_1210984_MLT2A1_HERVL_int
ERV_2826197,ERV_2826197_MLT2A1_HERVL_int
Clade_1883,HERVL-324_int-334_MLT2A2-75_MLT2A1-243_ERVL-9_E-2_MLT2B2-1_B4-5_MLT2B1-3_HERVK22-1
Clade_1884,HERVL-298_int-308_MLT2A2-64_MLT2A1-227_ERVL-9_E-2_MLT2B2-1_B4-5_MLT2B1-3_HERVK22-1
Clade_1885,HERVL-12_int-13_MLT2A2-2_MLT2A1-10_ERVL-1_E-1
Clade_1886,HERVL-3_int-3_MLT2A2-1_MLT2A1-2
ERV_3053987,ERV_3053987_HERVL_int_MLT2A2
Clade_1887,MLT2A1-2_HERVL-2_int-2
ERV_1025039,ERV_1025039_MLT2A1_HERVL_int
ERV_4286373,ERV_4286373_MLT2A1_HERVL_int
Clade_1888,MLT2A1-8_HERVL-9_int-10_ERVL-1_E-1_MLT2A2-1
Clade_1889,MLT2A1-5_HERVL-5_int-5
Clade_1890,MLT2A1-2_HERVL-2_int-2
ERV_3986039,ERV_3986039_MLT2A1_HERVL_int
ERV_3257836,ERV_3257836_MLT2A1_HERVL_int
Clade_1891,MLT2A1-3_HERVL-3_int-3
ERV_2973681,ERV_2973681_MLT2A1_HERVL_int
Clade_1892,HERVL-2_int-2_MLT2A1-2
ERV_1296173,ERV_1296173_HERVL_int_MLT2A1
ERV_3964591,ERV_3964591_HERVL_int_MLT2A1
Clade_1893,MLT2A1-3_HERVL-4_int-5_ERVL-1_E-1_MLT2A2-1
ERV_3251359,ERV_3251359_MLT2A1_HERVL_int
Clade_1894,ERVL-1_E-1_int-4_HERVL-3_MLT2A2-1_MLT2A1-2
Clade_1895,ERVL-1_E-1_int-2_HERVL-1_MLT2A2-1
ERV_2993004,ERV_2993004_ERVL_E_int
ERV_3579723,ERV_3579723_HERVL_int_MLT2A2
Clade_1896,MLT2A1-2_HERVL-2_int-2
ERV_2208386,ERV_2208386_MLT2A1_HERVL_int
ERV_3062191,ERV_3062191_MLT2A1_HERVL_int
Clade_1897,MLT2A1-217_HERVL-286_int-295_MLT2A2-62_ERVL-8_MLT2B2-1_B4-5_MLT2B1-3_E-1_HERVK22-1
Clade_1898,MLT2A1-10_HERVL-11_int-11_MLT2A2-1
Clade_1899,MLT2A1-2_HERVL-2_int-2
ERV_2891688,ERV_2891688_MLT2A1_HERVL_int
ERV_3351689,ERV_3351689_MLT2A1_HERVL_int
Clade_1900,MLT2A1-8_HERVL-9_int-9_MLT2A2-1
Clade_1901,MLT2A1-2_HERVL-2_int-2
ERV_4168827,ERV_4168827_MLT2A1_HERVL_int
ERV_4377092,ERV_4377092_MLT2A1_HERVL_int
Clade_1902,HERVL-7_int-7_MLT2A1-6_MLT2A2-1
ERV_3002864,ERV_3002864_HERVL_int_MLT2A1
Clade_1903,HERVL-6_int-6_MLT2A1-5_MLT2A2-1
Clade_1904,HERVL-3_int-3_MLT2A1-2_MLT2A2-1
ERV_2379738,ERV_2379738_HERVL_int_MLT2A1_MLT2A2
Clade_1905,HERVL-2_int-2_MLT2A1-1
ERV_1715521,ERV_1715521_HERVL_int_MLT2A1
ERV_4395429,ERV_4395429_HERVL_int
Clade_1906,MLT2A1-3_HERVL-3_int-3
ERV_3459757,ERV_3459757_MLT2A1_HERVL_int
Clade_1907,MLT2A1-2_HERVL-2_int-2
ERV_2839205,ERV_2839205_MLT2A1_HERVL_int
ERV_1145140,ERV_1145140_MLT2A1_HERVL_int
Clade_1908,MLT2A1-207_HERVL-275_int-284_MLT2A2-61_ERVL-8_MLT2B2-1_B4-5_MLT2B1-3_E-1_HERVK22-1
Clade_1909,MLT2A1-200_HERVL-233_int-242_MLT2A2-26_ERVL-8_MLT2B2-1_B4-5_MLT2B1-3_E-1_HERVK22-1
Clade_1910,MLT2A1-5_HERVL-5_int-5_MLT2A2-1
Clade_1911,MLT2A1-3_HERVL-3_int-3_MLT2A2-1
ERV_2213685,ERV_2213685_MLT2A1_HERVL_int_MLT2A2
Clade_1912,MLT2A1-2_HERVL-2_int-2
ERV_3566818,ERV_3566818_MLT2A1_HERVL_int
ERV_1773752,ERV_1773752_MLT2A1_HERVL_int
Clade_1913,MLT2A1-2_HERVL-2_int-2
ERV_3857649,ERV_3857649_MLT2A1_HERVL_int
ERV_2645674,ERV_2645674_MLT2A1_HERVL_int
Clade_1914,MLT2A1-195_HERVL-228_int-237_MLT2A2-25_ERVL-8_MLT2B2-1_B4-5_MLT2B1-3_E-1_HERVK22-1
Clade_1915,MLT2A1-56_HERVL-60_int-61_MLT2A2-1_ERVL-1
Clade_1916,MLT2A1-21_HERVL-23_int-23_MLT2A2-1
Clade_1917,MLT2A1-8_HERVL-10_int-10_MLT2A2-1
Clade_1918,MLT2A1-4_HERVL-4_int-4
ERV_2765576,ERV_2765576_MLT2A1_HERVL_int
Clade_1919,MLT2A1-3_HERVL-3_int-3
ERV_4308666,ERV_4308666_MLT2A1_HERVL_int
Clade_1920,MLT2A1-2_HERVL-2_int-2
ERV_4379230,ERV_4379230_MLT2A1_HERVL_int
ERV_4274380,ERV_4274380_MLT2A1_HERVL_int
Clade_1921,HERVL-6_int-6_MLT2A1-4_MLT2A2-1
Clade_1922,HERVL-4_int-4_MLT2A1-3_MLT2A2-1
Clade_1923,HERVL-2_int-2_MLT2A1-1_MLT2A2-1
ERV_2788494,ERV_2788494_HERVL_int_MLT2A1
ERV_2789020,ERV_2789020_HERVL_int_MLT2A2
Clade_1924,HERVL-2_int-2_MLT2A1-2
ERV_2869475,ERV_2869475_HERVL_int_MLT2A1
ERV_3439778,ERV_3439778_HERVL_int_MLT2A1
Clade_1925,MLT2A1-1_HERVL-2_int-2
ERV_3266734,ERV_3266734_MLT2A1_HERVL_int
ERV_3405981,ERV_3405981_HERVL_int
Clade_1926,MLT2A1-13_HERVL-13_int-13
Clade_1927,MLT2A1-2_HERVL-2_int-2
ERV_1228545,ERV_1228545_MLT2A1_HERVL_int
ERV_3227410,ERV_3227410_MLT2A1_HERVL_int
Clade_1928,MLT2A1-11_HERVL-11_int-11
Clade_1929,MLT2A1-6_HERVL-6_int-6
Clade_1930,MLT2A1-2_HERVL-2_int-2
ERV_1124693,ERV_1124693_MLT2A1_HERVL_int
ERV_2179511,ERV_2179511_MLT2A1_HERVL_int
Clade_1931,MLT2A1-4_HERVL-4_int-4
Clade_1932,MLT2A1-2_HERVL-2_int-2
ERV_4030315,ERV_4030315_MLT2A1_HERVL_int
ERV_2493913,ERV_2493913_MLT2A1_HERVL_int
Clade_1933,MLT2A1-2_HERVL-2_int-2
ERV_2698564,ERV_2698564_MLT2A1_HERVL_int
ERV_3397082,ERV_3397082_MLT2A1_HERVL_int
Clade_1934,MLT2A1-5_HERVL-5_int-5
Clade_1935,MLT2A1-3_HERVL-3_int-3
ERV_4311756,ERV_4311756_MLT2A1_HERVL_int
Clade_1936,MLT2A1-2_HERVL-2_int-2
ERV_3121304,ERV_3121304_MLT2A1_HERVL_int
ERV_2118744,ERV_2118744_MLT2A1_HERVL_int
Clade_1937,MLT2A1-2_HERVL-2_int-2
ERV_3483720,ERV_3483720_MLT2A1_HERVL_int
ERV_3005023,ERV_3005023_MLT2A1_HERVL_int
Clade_1938,MLT2A1-35_HERVL-37_int-38_ERVL-1
Clade_1939,MLT2A1-24_HERVL-25_int-25
Clade_1940,MLT2A1-22_HERVL-22_int-22
Clade_1941,MLT2A1-12_HERVL-12_int-12
Clade_1942,MLT2A1-8_HERVL-8_int-8
Clade_1943,MLT2A1-5_HERVL-5_int-5
Clade_1944,MLT2A1-3_HERVL-3_int-3
ERV_1090513,ERV_1090513_MLT2A1_HERVL_int
Clade_1945,MLT2A1-2_HERVL-2_int-2
ERV_4377533,ERV_4377533_MLT2A1_HERVL_int
ERV_2555426,ERV_2555426_MLT2A1_HERVL_int
Clade_1946,HERVL-2_int-2_MLT2A1-2
ERV_4412509,ERV_4412509_HERVL_int_MLT2A1
ERV_2148529,ERV_2148529_MLT2A1_HERVL_int
Clade_1947,MLT2A1-3_HERVL-3_int-3
ERV_4367408,ERV_4367408_MLT2A1_HERVL_int
Clade_1948,HERVL-2_int-2_MLT2A1-2
ERV_1881354,ERV_1881354_HERVL_int_MLT2A1
ERV_1880884,ERV_1880884_HERVL_int_MLT2A1
Clade_1949,MLT2A1-4_HERVL-4_int-4
Clade_1950,MLT2A1-2_HERVL-2_int-2
ERV_3074728,ERV_3074728_MLT2A1_HERVL_int
ERV_2900252,ERV_2900252_MLT2A1_HERVL_int
Clade_1951,MLT2A1-2_HERVL-2_int-2
ERV_2664096,ERV_2664096_MLT2A1_HERVL_int
ERV_2752900,ERV_2752900_MLT2A1_HERVL_int
Clade_1952,MLT2A1-10_HERVL-10_int-10
Clade_1953,MLT2A1-7_HERVL-7_int-7
ERV_2226807,ERV_2226807_MLT2A1_HERVL_int
Clade_1954,MLT2A1-6_HERVL-6_int-6
Clade_1955,MLT2A1-4_HERVL-4_int-4
ERV_1237464,ERV_1237464_MLT2A1_HERVL_int
Clade_1956,MLT2A1-3_HERVL-3_int-3
ERV_1752609,ERV_1752609_MLT2A1_HERVL_int
Clade_1957,MLT2A1-2_HERVL-2_int-2
ERV_4012297,ERV_4012297_MLT2A1_HERVL_int
ERV_4025750,ERV_4025750_MLT2A1_HERVL_int
Clade_1958,MLT2A1-2_HERVL-2_int-2
ERV_4266472,ERV_4266472_MLT2A1_HERVL_int
ERV_3476976,ERV_3476976_MLT2A1_HERVL_int
Clade_1959,MLT2A1-3_HERVL-3_int-3
ERV_2960990,ERV_2960990_MLT2A1_HERVL_int
Clade_1960,MLT2A1-2_HERVL-2_int-2
ERV_4293018,ERV_4293018_MLT2A1_HERVL_int
ERV_3185240,ERV_3185240_MLT2A1_HERVL_int
Clade_1961,MLT2A1-2_HERVL-3_int-3
ERV_2508500,ERV_2508500_MLT2A1_HERVL_int
Clade_1962,HERVL-2_int-2_MLT2A1-1
ERV_4384764,ERV_4384764_HERVL_int
ERV_4385159,ERV_4385159_MLT2A1_HERVL_int
Clade_1963,MLT2A1-11_HERVL-12_int-13_ERVL-1
Clade_1964,MLT2A1-9_HERVL-10_int-11_ERVL-1
Clade_1965,MLT2A1-3_HERVL-3_int-3
ERV_2765168,ERV_2765168_MLT2A1_HERVL_int
Clade_1966,HERVL-2_int-2_MLT2A1-2
ERV_3021865,ERV_3021865_HERVL_int_MLT2A1
ERV_2728697,ERV_2728697_MLT2A1_HERVL_int
Clade_1967,ERVL-1_int-8_MLT2A1-6_HERVL-7
Clade_1968,ERVL-1_int-6_MLT2A1-4_HERVL-5
Clade_1969,ERVL-1_int-4_MLT2A1-3_HERVL-3
Clade_1970,ERVL-1_int-2_MLT2A1-1_HERVL-1
ERV_2818908,ERV_2818908_ERVL_int
ERV_4362026,ERV_4362026_MLT2A1_HERVL_int
Clade_1971,MLT2A1-2_HERVL-2_int-2
ERV_1029012,ERV_1029012_MLT2A1_HERVL_int
ERV_4362147,ERV_4362147_MLT2A1_HERVL_int
Clade_1972,HERVL-2_int-2_MLT2A1-1
ERV_2924704,ERV_2924704_HERVL_int
ERV_2815799,ERV_2815799_MLT2A1_HERVL_int
Clade_1973,MLT2A1-2_HERVL-2_int-2
ERV_3063757,ERV_3063757_MLT2A1_HERVL_int
ERV_3650645,ERV_3650645_MLT2A1_HERVL_int
Clade_1974,MLT2A1-2_HERVL-2_int-2
ERV_2126487,ERV_2126487_MLT2A1_HERVL_int
ERV_3044115,ERV_3044115_MLT2A1_HERVL_int
Clade_1975,MLT2A1-139_HERVL-168_int-176_MLT2A2-24_ERVL-7_MLT2B2-1_B4-5_MLT2B1-3_E-1_HERVK22-1
Clade_1976,MLT2A1-15_HERVL-16_int-16
Clade_1977,MLT2A1-13_HERVL-14_int-14
ERV_3354531,ERV_3354531_HERVL_int
Clade_1978,MLT2A1-13_HERVL-13_int-13
Clade_1979,MLT2A1-2_HERVL-2_int-2
ERV_1713972,ERV_1713972_MLT2A1_HERVL_int
ERV_3218380,ERV_3218380_MLT2A1_HERVL_int
Clade_1980,HERVL-11_int-11_MLT2A1-11
Clade_1981,HERVL-7_int-7_MLT2A1-7
ERV_2372771,ERV_2372771_HERVL_int_MLT2A1
Clade_1982,MLT2A1-6_HERVL-6_int-6
ERV_1103088,ERV_1103088_MLT2A1_HERVL_int
Clade_1983,MLT2A1-5_HERVL-5_int-5
ERV_4444800,ERV_4444800_MLT2A1_HERVL_int
Clade_1984,MLT2A1-4_HERVL-4_int-4
Clade_1985,MLT2A1-2_HERVL-2_int-2
ERV_4443444,ERV_4443444_MLT2A1_HERVL_int
ERV_4427571,ERV_4427571_HERVL_int_MLT2A1
Clade_1986,MLT2A1-2_HERVL-2_int-2
ERV_4446731,ERV_4446731_MLT2A1_HERVL_int
ERV_4431533,ERV_4431533_HERVL_int_MLT2A1
Clade_1987,HERVL-4_int-4_MLT2A1-4
ERV_1146713,ERV_1146713_HERVL_int_MLT2A1
Clade_1988,MLT2A1-3_HERVL-3_int-3
ERV_4161328,ERV_4161328_MLT2A1_HERVL_int
Clade_1989,MLT2A1-2_HERVL-2_int-2
ERV_3080302,ERV_3080302_MLT2A1_HERVL_int
ERV_3215838,ERV_3215838_HERVL_int_MLT2A1
Clade_1990,MLT2A1-2_HERVL-2_int-2
ERV_4394287,ERV_4394287_MLT2A1_HERVL_int
ERV_3394320,ERV_3394320_MLT2A1_HERVL_int
Clade_1991,HERVL-152_int-160_MLT2A1-124_MLT2A2-24_ERVL-7_MLT2B2-1_B4-5_MLT2B1-3_E-1_HERVK22-1
Clade_1992,HERVL-127_int-133_MLT2A1-108_MLT2A2-16_ERVL-6_MLT2B2-1_B4-4_MLT2B1-2_E-1
Clade_1993,HERVL-124_int-130_MLT2A1-106_MLT2A2-15_ERVL-6_MLT2B2-1_B4-4_MLT2B1-2_E-1
Clade_1994,HERVL-7_int-7_MLT2A1-4_MLT2A2-2
Clade_1995,HERVL-5_int-5_MLT2A1-2_MLT2A2-2
ERV_3003719,ERV_3003719_HERVL_int_MLT2A2
Clade_1996,HERVL-4_int-4_MLT2A1-2_MLT2A2-1
ERV_4293715,ERV_4293715_HERVL_int_MLT2A2
Clade_1997,HERVL-3_int-3_MLT2A1-2
ERV_3973624,ERV_3973624_HERVL_int_MLT2A1
Clade_1998,HERVL-2_int-2_MLT2A1-1
ERV_4407295,ERV_4407295_HERVL_int
ERV_3866439,ERV_3866439_MLT2A1_HERVL_int
Clade_1999,MLT2A1-2_HERVL-2_int-2
ERV_3845532,ERV_3845532_MLT2A1_HERVL_int
ERV_4395164,ERV_4395164_HERVL_int_MLT2A1
Clade_2000,MLT2A1-102_HERVL-117_int-123_ERVL-6_MLT2A2-13_MLT2B2-1_B4-4_MLT2B1-2_E-1
Clade_2001,MLT2A1-100_HERVL-114_int-120_ERVL-6_MLT2A2-11_MLT2B2-1_B4-4_MLT2B1-2_E-1
Clade_2002,MLT2A1-83_HERVL-97_int-103_ERVL-6_MLT2A2-10_MLT2B2-1_B4-4_MLT2B1-2_E-1
Clade_2003,MLT2A1-6_HERVL-7_int-8_ERVL-1
Clade_2004,MLT2A1-1_HERVL-1_int-2_ERVL-1
ERV_1995895,ERV_1995895_MLT2A1_HERVL_int
ERV_2209251,ERV_2209251_ERVL_int
Clade_2005,MLT2A1-5_HERVL-6_int-6
Clade_2006,MLT2A1-3_HERVL-4_int-4
Clade_2007,MLT2A1-2_HERVL-2_int-2
ERV_1210060,ERV_1210060_MLT2A1_HERVL_int
ERV_3419290,ERV_3419290_MLT2A1_HERVL_int
Clade_2008,MLT2A1-1_HERVL-2_int-2
ERV_2206472,ERV_2206472_MLT2A1_HERVL_int
ERV_2430783,ERV_2430783_HERVL_int
Clade_2009,MLT2A1-2_HERVL-2_int-2
ERV_1789939,ERV_1789939_MLT2A1_HERVL_int
ERV_1110443,ERV_1110443_MLT2A1_HERVL_int
Clade_2010,MLT2A1-77_HERVL-90_int-95_MLT2A2-10_MLT2B2-1_ERVL-5_B4-4_MLT2B1-2_E-1
Clade_2011,MLT2A1-31_HERVL-40_int-43_MLT2A2-6_MLT2B2-1_ERVL-3_B4-3_MLT2B1-2
Clade_2012,MLT2A1-17_HERVL-25_int-28_MLT2A2-5_MLT2B2-1_ERVL-3_B4-3_MLT2B1-2
ERV_3317514,ERV_3317514_MLT2A1_HERVL_int
Clade_2013,MLT2A1-16_HERVL-24_int-27_MLT2A2-5_MLT2B2-1_ERVL-3_B4-3_MLT2B1-2
Clade_2014,MLT2A1-14_HERVL-21_int-24_MLT2A2-5_MLT2B2-1_ERVL-3_B4-3_MLT2B1-2
Clade_2015,MLT2A1-5_HERVL-6_int-6
Clade_2016,MLT2A1-3_HERVL-3_int-3
ERV_2106597,ERV_2106597_MLT2A1_HERVL_int
Clade_2017,MLT2A1-2_HERVL-2_int-2
ERV_1688773,ERV_1688773_MLT2A1_HERVL_int
ERV_3876461,ERV_3876461_MLT2A1_HERVL_int
Clade_2018,HERVL-3_int-3_MLT2A1-2
ERV_3394527,ERV_3394527_HERVL_int
Clade_2019,MLT2A1-2_HERVL-2_int-2
ERV_3389698,ERV_3389698_MLT2A1_HERVL_int
ERV_4373230,ERV_4373230_MLT2A1_HERVL_int
Clade_2020,HERVL-15_int-18_MLT2A1-9_MLT2A2-5_MLT2B2-1_ERVL-3_B4-3_MLT2B1-2
Clade_2021,HERVL-13_int-16_MLT2A1-7_MLT2A2-5_MLT2B2-1_ERVL-3_B4-3_MLT2B1-2
Clade_2022,HERVL-8_int-8_MLT2A1-7
Clade_2023,HERVL-3_int-3_MLT2A1-2
ERV_3515491,ERV_3515491_HERVL_int_MLT2A1
Clade_2024,HERVL-2_int-2_MLT2A1-1
ERV_3060209,ERV_3060209_HERVL_int
ERV_4175485,ERV_4175485_MLT2A1_HERVL_int
Clade_2025,HERVL-5_int-5_MLT2A1-5
ERV_2242216,ERV_2242216_MLT2A1_HERVL_int
Clade_2026,HERVL-4_int-4_MLT2A1-4
Clade_2027,HERVL-2_int-2_MLT2A1-2
ERV_2508121,ERV_2508121_HERVL_int_MLT2A1
ERV_2753058,ERV_2753058_MLT2A1_HERVL_int
Clade_2028,MLT2A1-2_HERVL-2_int-2
ERV_2829029,ERV_2829029_MLT2A1_HERVL_int
ERV_4272011,ERV_4272011_MLT2A1_HERVL_int
Clade_2029,HERVL-5_int-8_MLT2A2-5_MLT2B2-1_ERVL-3_B4-3_MLT2B1-2
Clade_2030,HERVL-4_int-5_MLT2A2-4_MLT2B2-1_ERVL-1_B4-1
ERV_2957822,ERV_2957822_HERVL_int_MLT2A2
Clade_2031,HERVL-3_int-4_MLT2A2-3_MLT2B2-1_ERVL-1_B4-1
Clade_2032,HERVL-1_int-2_MLT2A2-1_MLT2B2-1_ERVL-1_B4-1
ERV_4261847,ERV_4261847_HERVL_int_MLT2A2
ERV_1182051,ERV_1182051_MLT2B2_ERVL_B4_int
Clade_2033,HERVL-2_int-2_MLT2A2-2
ERV_1332429,ERV_1332429_HERVL_int_MLT2A2
ERV_2808445,ERV_2808445_HERVL_int_MLT2A2
Clade_2034,MLT2B1-2_ERVL-2_B4-2_int-3_HERVL-1_MLT2A2-1
ERV_2865650,ERV_2865650_MLT2B1_ERVL_B4_int
Clade_2035,HERVL-1_int-2_MLT2A2-1_MLT2B1-1_ERVL-1_B4-1
ERV_3765833,ERV_3765833_HERVL_int_MLT2A2
ERV_3982098,ERV_3982098_MLT2B1_ERVL_B4_int
Clade_2036,HERVL-2_int-2_MLT2A1-2
ERV_1910503,ERV_1910503_HERVL_int_MLT2A1
ERV_1247932,ERV_1247932_MLT2A1_HERVL_int
Clade_2037,MLT2A1-2_HERVL-3_int-3
ERV_2491877,ERV_2491877_HERVL_int
Clade_2038,MLT2A1-2_HERVL-2_int-2
ERV_3773955,ERV_3773955_MLT2A1_HERVL_int
ERV_2618599,ERV_2618599_MLT2A1_HERVL_int
Clade_2039,MLT2A1-14_HERVL-15_int-15_MLT2A2-1
Clade_2040,MLT2A1-2_HERVL-2_int-2
ERV_3262028,ERV_3262028_MLT2A1_HERVL_int
ERV_2992706,ERV_2992706_MLT2A1_HERVL_int
Clade_2041,MLT2A1-12_HERVL-13_int-13_MLT2A2-1
Clade_2042,MLT2A1-5_HERVL-5_int-5
Clade_2043,MLT2A1-2_HERVL-2_int-2
ERV_2192663,ERV_2192663_MLT2A1_HERVL_int
ERV_2727814,ERV_2727814_MLT2A1_HERVL_int
Clade_2044,MLT2A1-3_HERVL-3_int-3
ERV_2553380,ERV_2553380_MLT2A1_HERVL_int
Clade_2045,MLT2A1-2_HERVL-2_int-2
ERV_2379387,ERV_2379387_MLT2A1_HERVL_int
ERV_2968587,ERV_2968587_MLT2A1_HERVL_int
Clade_2046,HERVL-8_int-8_MLT2A1-7_MLT2A2-1
Clade_2047,HERVL-6_int-6_MLT2A1-5_MLT2A2-1
Clade_2048,HERVL-2_int-2_MLT2A1-2
ERV_3505487,ERV_3505487_HERVL_int_MLT2A1
ERV_2568039,ERV_2568039_MLT2A1_HERVL_int
Clade_2049,HERVL-4_int-4_MLT2A2-1_MLT2A1-3
Clade_2050,HERVL-2_int-2_MLT2A2-1_MLT2A1-1
ERV_3459175,ERV_3459175_HERVL_int_MLT2A2
ERV_3639222,ERV_3639222_HERVL_int_MLT2A1
Clade_2051,HERVL-2_int-2_MLT2A1-2
ERV_3463712,ERV_3463712_HERVL_int_MLT2A1
ERV_2761607,ERV_2761607_MLT2A1_HERVL_int
Clade_2052,MLT2A1-2_HERVL-2_int-2
ERV_3010797,ERV_3010797_MLT2A1_HERVL_int
ERV_3224702,ERV_3224702_MLT2A1_HERVL_int
Clade_2053,MLT2A1-46_HERVL-50_int-52_MLT2A2-4_ERVL-2_E-1_B4-1
Clade_2054,MLT2A1-3_HERVL-5_int-5_MLT2A2-1
Clade_2055,MLT2A1-2_HERVL-3_int-3_MLT2A2-1
ERV_1238511,ERV_1238511_MLT2A1_HERVL_int
Clade_2056,HERVL-2_int-2_MLT2A1-1_MLT2A2-1
ERV_2659134,ERV_2659134_HERVL_int_MLT2A1
ERV_4409130,ERV_4409130_HERVL_int_MLT2A2
Clade_2057,HERVL-2_int-2_MLT2A1-1
ERV_1995897,ERV_1995897_HERVL_int
ERV_3440217,ERV_3440217_MLT2A1_HERVL_int
Clade_2058,MLT2A1-43_HERVL-45_int-47_MLT2A2-3_ERVL-2_E-1_B4-1
Clade_2059,MLT2A1-27_HERVL-28_int-30_MLT2A2-1_ERVL-2_E-1_B4-1
Clade_2060,MLT2A1-25_HERVL-26_int-28_MLT2A2-1_ERVL-2_E-1_B4-1
Clade_2061,MLT2A1-19_HERVL-19_int-19_MLT2A2-1
Clade_2062,MLT2A1-7_HERVL-7_int-7
Clade_2063,MLT2A1-4_HERVL-4_int-4
Clade_2064,MLT2A1-2_HERVL-2_int-2
ERV_3125714,ERV_3125714_MLT2A1_HERVL_int
ERV_4250302,ERV_4250302_MLT2A1_HERVL_int
Clade_2065,MLT2A1-2_HERVL-2_int-2
ERV_3153202,ERV_3153202_MLT2A1_HERVL_int
ERV_4371816,ERV_4371816_MLT2A1_HERVL_int
Clade_2066,MLT2A1-3_HERVL-3_int-3
ERV_3651472,ERV_3651472_MLT2A1_HERVL_int
Clade_2067,MLT2A1-2_HERVL-2_int-2
ERV_3060208,ERV_3060208_MLT2A1_HERVL_int
ERV_3500073,ERV_3500073_MLT2A1_HERVL_int
Clade_2068,HERVL-12_int-12_MLT2A1-12_MLT2A2-1
ERV_4395697,ERV_4395697_HERVL_int_MLT2A1_MLT2A2
Clade_2069,HERVL-11_int-11_MLT2A1-11
Clade_2070,HERVL-9_int-9_MLT2A1-9
Clade_2071,HERVL-4_int-4_MLT2A1-4
Clade_2072,HERVL-2_int-2_MLT2A1-2
ERV_3632709,ERV_3632709_HERVL_int_MLT2A1
ERV_2193037,ERV_2193037_MLT2A1_HERVL_int
Clade_2073,MLT2A1-2_HERVL-2_int-2
ERV_2203989,ERV_2203989_MLT2A1_HERVL_int
ERV_3008048,ERV_3008048_MLT2A1_HERVL_int
Clade_2074,MLT2A1-5_HERVL-5_int-5
Clade_2075,MLT2A1-2_HERVL-2_int-2
ERV_4251547,ERV_4251547_MLT2A1_HERVL_int
ERV_1576641,ERV_1576641_MLT2A1_HERVL_int
Clade_2076,MLT2A1-3_HERVL-3_int-3
ERV_4268958,ERV_4268958_MLT2A1_HERVL_int
Clade_2077,MLT2A1-2_HERVL-2_int-2
ERV_4265901,ERV_4265901_MLT2A1_HERVL_int
ERV_4365151,ERV_4365151_MLT2A1_HERVL_int
Clade_2078,MLT2A1-2_HERVL-2_int-2
ERV_1759294,ERV_1759294_MLT2A1_HERVL_int
ERV_1697111,ERV_1697111_MLT2A1_HERVL_int
Clade_2079,MLT2A1-6_HERVL-7_int-9_ERVL-2_E-1_B4-1
Clade_2080,MLT2A1-3_HERVL-4_int-5_ERVL-1_E-1
Clade_2081,MLT2A1-2_HERVL-2_int-2
ERV_2534104,ERV_2534104_MLT2A1_HERVL_int
ERV_4298411,ERV_4298411_MLT2A1_HERVL_int
Clade_2082,HERVL-2_int-3_MLT2A1-1_ERVL-1_E-1
ERV_2247089,ERV_2247089_HERVL_int
Clade_2083,MLT2A1-1_HERVL-1_int-2_ERVL-1_E-1
ERV_3481411,ERV_3481411_MLT2A1_HERVL_int
ERV_1118228,ERV_1118228_ERVL_E_int
Clade_2084,MLT2A1-3_HERVL-3_int-4_ERVL-1_B4-1
Clade_2085,MLT2A1-1_HERVL-1_int-2_ERVL-1_B4-1
ERV_2495614,ERV_2495614_MLT2A1_HERVL_int
ERV_2052439,ERV_2052439_ERVL_B4_int
Clade_2086,MLT2A1-2_HERVL-2_int-2
ERV_3073546,ERV_3073546_MLT2A1_HERVL_int
ERV_3324830,ERV_3324830_HERVL_int_MLT2A1
Clade_2087,MLT2A1-2_HERVL-2_int-2
ERV_3987086,ERV_3987086_MLT2A1_HERVL_int
ERV_1753220,ERV_1753220_MLT2A1_HERVL_int
Clade_2088,HERVL-17_int-17_MLT2A1-16_MLT2A2-2
Clade_2089,HERVL-12_int-12_MLT2A1-11_MLT2A2-2
Clade_2090,HERVL-5_int-5_MLT2A1-4_MLT2A2-1
Clade_2091,HERVL-3_int-3_MLT2A1-2_MLT2A2-1
ERV_2378921,ERV_2378921_HERVL_int_MLT2A1
Clade_2092,HERVL-2_int-2_MLT2A2-1_MLT2A1-1
ERV_2120235,ERV_2120235_HERVL_int_MLT2A2
ERV_2405689,ERV_2405689_MLT2A1_HERVL_int
Clade_2093,MLT2A1-2_HERVL-2_int-2
ERV_1128626,ERV_1128626_MLT2A1_HERVL_int
ERV_3108683,ERV_3108683_MLT2A1_HERVL_int
Clade_2094,MLT2A1-7_HERVL-7_int-7_MLT2A2-1
ERV_1245254,ERV_1245254_MLT2A1_HERVL_int
Clade_2095,MLT2A1-6_HERVL-6_int-6_MLT2A2-1
Clade_2096,MLT2A1-2_HERVL-2_int-2
ERV_4384978,ERV_4384978_MLT2A1_HERVL_int
ERV_2666177,ERV_2666177_MLT2A1_HERVL_int
Clade_2097,MLT2A1-4_HERVL-4_int-4_MLT2A2-1
Clade_2098,MLT2A1-2_HERVL-2_int-2_MLT2A2-1
ERV_2829321,ERV_2829321_MLT2A1_HERVL_int
ERV_3531513,ERV_3531513_MLT2A1_HERVL_int_MLT2A2
Clade_2099,MLT2A1-2_HERVL-2_int-2
ERV_3383957,ERV_3383957_MLT2A1_HERVL_int
ERV_2178767,ERV_2178767_MLT2A1_HERVL_int
Clade_2100,MLT2A1-5_HERVL-5_int-5
Clade_2101,MLT2A1-2_HERVL-2_int-2
ERV_4204704,ERV_4204704_MLT2A1_HERVL_int
ERV_4329444,ERV_4329444_MLT2A1_HERVL_int
Clade_2102,MLT2A1-3_HERVL-3_int-3
ERV_2090115,ERV_2090115_MLT2A1_HERVL_int
Clade_2103,MLT2A1-2_HERVL-2_int-2
ERV_1238183,ERV_1238183_MLT2A1_HERVL_int
ERV_2510953,ERV_2510953_MLT2A1_HERVL_int
Clade_2104,MLT2A1-17_HERVL-17_int-17_MLT2A2-1
Clade_2105,MLT2A1-8_HERVL-8_int-8
Clade_2106,MLT2A1-4_HERVL-4_int-4
Clade_2107,MLT2A1-2_HERVL-2_int-2
ERV_4406309,ERV_4406309_MLT2A1_HERVL_int
ERV_3515069,ERV_3515069_MLT2A1_HERVL_int
Clade_2108,MLT2A1-2_HERVL-2_int-2
ERV_2028831,ERV_2028831_MLT2A1_HERVL_int
ERV_3984158,ERV_3984158_MLT2A1_HERVL_int
Clade_2109,MLT2A1-4_HERVL-4_int-4
Clade_2110,MLT2A1-2_HERVL-2_int-2
ERV_3236416,ERV_3236416_MLT2A1_HERVL_int
ERV_3100101,ERV_3100101_HERVL_int_MLT2A1
Clade_2111,MLT2A1-2_HERVL-2_int-2
ERV_3886115,ERV_3886115_MLT2A1_HERVL_int
ERV_1031316,ERV_1031316_MLT2A1_HERVL_int
Clade_2112,MLT2A1-9_HERVL-9_int-9_MLT2A2-1
Clade_2113,MLT2A1-7_HERVL-7_int-7_MLT2A2-1
Clade_2114,MLT2A1-4_HERVL-4_int-4
Clade_2115,MLT2A1-2_HERVL-2_int-2
ERV_2462905,ERV_2462905_MLT2A1_HERVL_int
ERV_3078453,ERV_3078453_MLT2A1_HERVL_int
Clade_2116,MLT2A1-2_HERVL-2_int-2
ERV_2683046,ERV_2683046_MLT2A1_HERVL_int
ERV_2911404,ERV_2911404_MLT2A1_HERVL_int
Clade_2117,MLT2A1-3_HERVL-3_int-3_MLT2A2-1
ERV_3466156,ERV_3466156_MLT2A1_HERVL_int_MLT2A2
Clade_2118,MLT2A1-2_HERVL-2_int-2
ERV_2167900,ERV_2167900_MLT2A1_HERVL_int
ERV_4260039,ERV_4260039_MLT2A1_HERVL_int
Clade_2119,MLT2A1-2_HERVL-2_int-2
ERV_2242251,ERV_2242251_MLT2A1_HERVL_int
ERV_2590768,ERV_2590768_MLT2A1_HERVL_int
Clade_2120,HERVL-3_int-3_MLT2A1-2_MLT2A2-2
ERV_1720345,ERV_1720345_MLT2A1_HERVL_int
Clade_2121,HERVL-2_int-2_MLT2A1-1_MLT2A2-2
ERV_3207102,ERV_3207102_HERVL_int_MLT2A1_MLT2A2
ERV_2017260,ERV_2017260_HERVL_int_MLT2A2
Clade_2122,MLT2A1-2_HERVL-3_int-3_MLT2A2-1
ERV_3227580,ERV_3227580_MLT2A1_HERVL_int
Clade_2123,HERVL-2_int-2_MLT2A2-1_MLT2A1-1
ERV_2229697,ERV_2229697_HERVL_int_MLT2A2
ERV_2981804,ERV_2981804_HERVL_int_MLT2A1
Clade_2124,MLT2A1-16_HERVL-25_int-27_MLT2B1-1_ERVL-1_B4-1_HERVK22-1_MLT2A2-8
Clade_2125,MLT2A1-5_HERVL-5_int-7_MLT2B1-1_ERVL-1_B4-1_HERVK22-1
Clade_2126,MLT2A1-1_HERVL-1_int-2_MLT2B1-1_ERVL-1_B4-1
ERV_3083356,ERV_3083356_MLT2A1_HERVL_int
ERV_4136279,ERV_4136279_MLT2B1_ERVL_B4_int
Clade_2127,MLT2A1-4_HERVL-4_int-5_HERVK22-1
ERV_4266238,ERV_4266238_MLT2A1_HERVL_int
Clade_2128,HERVL-3_int-4_MLT2A1-3_HERVK22-1
ERV_2869786,ERV_2869786_MLT2A1_HERVL_int
Clade_2129,HERVL-2_int-3_MLT2A1-2_HERVK22-1
ERV_3727690,ERV_3727690_HERVL_int_MLT2A1
Clade_2130,HERVL-1_int-2_MLT2A1-1_HERVK22-1
ERV_2126588,ERV_2126588_HERVL_int_MLT2A1
ERV_2224568,ERV_2224568_HERVK22_int
Clade_2131,MLT2A1-11_HERVL-20_int-20_MLT2A2-8
Clade_2132,MLT2A1-8_HERVL-17_int-17_MLT2A2-8
Clade_2133,MLT2A1-2_HERVL-3_int-3
ERV_3389869,ERV_3389869_MLT2A1_HERVL_int
Clade_2134,MLT2A1-1_HERVL-2_int-2
ERV_2883984,ERV_2883984_MLT2A1_HERVL_int
ERV_3136848,ERV_3136848_HERVL_int
Clade_2135,HERVL-14_int-14_MLT2A1-6_MLT2A2-8
Clade_2136,HERVL-3_int-3_MLT2A1-2
ERV_3771731,ERV_3771731_HERVL_int
Clade_2137,HERVL-2_int-2_MLT2A1-2
ERV_3974842,ERV_3974842_HERVL_int_MLT2A1
ERV_2354192,ERV_2354192_HERVL_int_MLT2A1
Clade_2138,HERVL-11_int-11_MLT2A2-8_MLT2A1-4
Clade_2139,HERVL-9_int-9_MLT2A2-7_MLT2A1-2
Clade_2140,HERVL-7_int-7_MLT2A2-5_MLT2A1-2
ERV_3998345,ERV_3998345_HERVL_int_MLT2A2
Clade_2141,HERVL-6_int-6_MLT2A2-4_MLT2A1-2
Clade_2142,HERVL-4_int-4_MLT2A2-4_MLT2A1-1
Clade_2143,HERVL-2_int-2_MLT2A2-2
ERV_4249040,ERV_4249040_HERVL_int_MLT2A2
ERV_1051665,ERV_1051665_HERVL_int_MLT2A2
Clade_2144,MLT2A1-1_HERVL-2_int-2_MLT2A2-2
ERV_2618005,ERV_2618005_MLT2A1_HERVL_int_MLT2A2
ERV_3479051,ERV_3479051_HERVL_int_MLT2A2
Clade_2145,MLT2A1-1_HERVL-2_int-2
ERV_2765625,ERV_2765625_MLT2A1_HERVL_int
ERV_1532606,ERV_1532606_HERVL_int
Clade_2146,HERVL-2_int-2_MLT2A2-2
ERV_3406645,ERV_3406645_HERVL_int_MLT2A2
ERV_3406701,ERV_3406701_HERVL_int_MLT2A2
Clade_2147,HERVL-2_int-2_MLT2A1-2_MLT2A2-1
ERV_2953838,ERV_2953838_HERVL_int_MLT2A1_MLT2A2
ERV_2918016,ERV_2918016_MLT2A1_HERVL_int
Clade_2148,MLT2A1-3_HERVL-3_int-3
ERV_1237083,ERV_1237083_MLT2A1_HERVL_int
Clade_2149,MLT2A1-2_HERVL-2_int-2
ERV_3021252,ERV_3021252_MLT2A1_HERVL_int
ERV_3949824,ERV_3949824_MLT2A1_HERVL_int
Clade_2150,HERVL-42_int-42_MLT2A2-35_MLT2A1-7
Clade_2151,HERVL-26_int-26_MLT2A2-22_MLT2A1-3
Clade_2152,HERVL-20_int-20_MLT2A2-16_MLT2A1-2
Clade_2153,HERVL-2_int-2_MLT2A2-2
ERV_3005596,ERV_3005596_HERVL_int_MLT2A2
ERV_3373728,ERV_3373728_HERVL_int_MLT2A2
Clade_2154,HERVL-18_int-18_MLT2A2-14_MLT2A1-2
Clade_2155,HERVL-12_int-12_MLT2A2-9_MLT2A1-2
Clade_2156,HERVL-4_int-4_MLT2A2-4
Clade_2157,HERVL-2_int-2_MLT2A2-2
ERV_1449741,ERV_1449741_HERVL_int_MLT2A2
ERV_1148666,ERV_1148666_HERVL_int_MLT2A2
Clade_2158,HERVL-2_int-2_MLT2A2-2
ERV_2829163,ERV_2829163_HERVL_int_MLT2A2
ERV_3664173,ERV_3664173_HERVL_int_MLT2A2
Clade_2159,HERVL-8_int-8_MLT2A2-5_MLT2A1-2
Clade_2160,HERVL-3_int-3_MLT2A2-2
ERV_3727289,ERV_3727289_HERVL_int_MLT2A2
Clade_2161,HERVL-2_int-2_MLT2A2-1
ERV_3563873,ERV_3563873_HERVL_int_MLT2A2
ERV_3263739,ERV_3263739_HERVL_int
Clade_2162,HERVL-5_int-5_MLT2A1-2_MLT2A2-3
Clade_2163,HERVL-3_int-3_MLT2A1-2_MLT2A2-1
ERV_4436885,ERV_4436885_HERVL_int
Clade_2164,MLT2A1-2_HERVL-2_int-2_MLT2A2-1
ERV_3763168,ERV_3763168_MLT2A1_HERVL_int_MLT2A2
ERV_3495361,ERV_3495361_MLT2A1_HERVL_int
Clade_2165,HERVL-2_int-2_MLT2A2-2
ERV_3111110,ERV_3111110_HERVL_int_MLT2A2
ERV_2027453,ERV_2027453_HERVL_int_MLT2A2
Clade_2166,HERVL-6_int-6_MLT2A2-5
ERV_3362041,ERV_3362041_HERVL_int_MLT2A2
Clade_2167,HERVL-5_int-5_MLT2A2-4
Clade_2168,HERVL-2_int-2_MLT2A2-2
ERV_3281961,ERV_3281961_HERVL_int_MLT2A2
ERV_3264652,ERV_3264652_HERVL_int_MLT2A2
Clade_2169,HERVL-3_int-3_MLT2A2-2
ERV_4310918,ERV_4310918_HERVL_int
Clade_2170,HERVL-2_int-2_MLT2A2-2
ERV_2840952,ERV_2840952_HERVL_int_MLT2A2
ERV_3769794,ERV_3769794_HERVL_int_MLT2A2
Clade_2171,HERVL-6_int-6_MLT2A2-6_MLT2A1-1
Clade_2172,HERVL-4_int-4_MLT2A2-4_MLT2A1-1
Clade_2173,HERVL-2_int-2_MLT2A2-2_MLT2A1-1
ERV_3472163,ERV_3472163_HERVL_int_MLT2A2
ERV_3499144,ERV_3499144_HERVL_int_MLT2A1_MLT2A2
Clade_2174,HERVL-2_int-2_MLT2A2-2
ERV_4029004,ERV_4029004_HERVL_int_MLT2A2
ERV_2967089,ERV_2967089_HERVL_int_MLT2A2
Clade_2175,HERVL-2_int-2_MLT2A2-2
ERV_2920963,ERV_2920963_HERVL_int_MLT2A2
ERV_3866956,ERV_3866956_HERVL_int_MLT2A2
Clade_2176,HERVL-16_int-16_MLT2A2-13_MLT2A1-4
Clade_2177,HERVL-10_int-10_MLT2A2-8_MLT2A1-3
Clade_2178,HERVL-7_int-7_MLT2A2-5_MLT2A1-3
ERV_3676645,ERV_3676645_HERVL_int_MLT2A2
Clade_2179,HERVL-6_int-6_MLT2A2-4_MLT2A1-3
Clade_2180,HERVL-2_int-2_MLT2A2-2_MLT2A1-1
ERV_2731182,ERV_2731182_HERVL_int_MLT2A2
ERV_4261883,ERV_4261883_HERVL_int_MLT2A1_MLT2A2
Clade_2181,MLT2A1-2_HERVL-4_int-4_MLT2A2-2
Clade_2182,MLT2A1-1_HERVL-2_int-2_MLT2A2-1
ERV_3956315,ERV_3956315_MLT2A1_HERVL_int
ERV_1190085,ERV_1190085_HERVL_int_MLT2A2
Clade_2183,HERVL-2_int-2_MLT2A2-1_MLT2A1-1
ERV_4403909,ERV_4403909_HERVL_int_MLT2A2
ERV_3396036,ERV_3396036_MLT2A1_HERVL_int
Clade_2184,HERVL-3_int-3_MLT2A2-3
ERV_1539151,ERV_1539151_HERVL_int_MLT2A2
Clade_2185,HERVL-2_int-2_MLT2A2-2
ERV_3004198,ERV_3004198_HERVL_int_MLT2A2
ERV_3359229,ERV_3359229_HERVL_int_MLT2A2
Clade_2186,HERVL-6_int-6_MLT2A2-5_MLT2A1-1
Clade_2187,HERVL-4_int-4_MLT2A2-4
Clade_2188,HERVL-2_int-2_MLT2A2-2
ERV_4156998,ERV_4156998_HERVL_int_MLT2A2
ERV_1959854,ERV_1959854_HERVL_int_MLT2A2
Clade_2189,HERVL-2_int-2_MLT2A2-2
ERV_2150012,ERV_2150012_HERVL_int_MLT2A2
ERV_2226348,ERV_2226348_HERVL_int_MLT2A2
Clade_2190,MLT2A1-1_HERVL-2_int-2_MLT2A2-1
ERV_1118120,ERV_1118120_MLT2A1_HERVL_int
ERV_1911515,ERV_1911515_HERVL_int_MLT2A2
Clade_2191,HERVL-26_int-26_MLT2A2-11_MLT2A1-16
Clade_2192,HERVL-4_int-4_MLT2A2-1_MLT2A1-2
Clade_2193,HERVL-2_int-2_MLT2A2-1
ERV_2920873,ERV_2920873_HERVL_int_MLT2A2
ERV_4266879,ERV_4266879_HERVL_int
Clade_2194,MLT2A1-2_HERVL-2_int-2
ERV_4259318,ERV_4259318_MLT2A1_HERVL_int
ERV_3261222,ERV_3261222_MLT2A1_HERVL_int
Clade_2195,HERVL-22_int-22_MLT2A2-10_MLT2A1-14
ERV_4360216,ERV_4360216_MLT2A1_HERVL_int
Clade_2196,HERVL-21_int-21_MLT2A2-10_MLT2A1-13
Clade_2197,HERVL-12_int-12_MLT2A2-7_MLT2A1-7
Clade_2198,HERVL-9_int-9_MLT2A2-6_MLT2A1-4
ERV_3651368,ERV_3651368_HERVL_int_MLT2A1
Clade_2199,HERVL-8_int-8_MLT2A2-6_MLT2A1-3
Clade_2200,HERVL-5_int-5_MLT2A2-5
Clade_2201,HERVL-3_int-3_MLT2A2-3
ERV_3075146,ERV_3075146_HERVL_int_MLT2A2
Clade_2202,HERVL-2_int-2_MLT2A2-2
ERV_3219471,ERV_3219471_HERVL_int_MLT2A2
ERV_2164531,ERV_2164531_HERVL_int_MLT2A2
Clade_2203,HERVL-2_int-2_MLT2A2-2
ERV_4170852,ERV_4170852_HERVL_int_MLT2A2
ERV_2911765,ERV_2911765_HERVL_int_MLT2A2
Clade_2204,MLT2A1-3_HERVL-3_int-3_MLT2A2-1
ERV_3035031,ERV_3035031_MLT2A1_HERVL_int
Clade_2205,MLT2A1-2_HERVL-2_int-2_MLT2A2-1
ERV_4417151,ERV_4417151_MLT2A1_HERVL_int
ERV_4268691,ERV_4268691_HERVL_int_MLT2A1_MLT2A2
Clade_2206,MLT2A1-3_HERVL-3_int-3_MLT2A2-1
ERV_3073712,ERV_3073712_MLT2A1_HERVL_int
Clade_2207,MLT2A1-2_HERVL-2_int-2_MLT2A2-1
ERV_1231924,ERV_1231924_MLT2A1_HERVL_int
ERV_1096518,ERV_1096518_HERVL_int_MLT2A1_MLT2A2
Clade_2208,MLT2A1-6_HERVL-9_int-9_MLT2A2-3
ERV_4363107,ERV_4363107_MLT2A1_HERVL_int
Clade_2209,HERVL-8_int-8_MLT2A2-3_MLT2A1-5
Clade_2210,HERVL-2_int-2_MLT2A2-1_MLT2A1-1
ERV_3845079,ERV_3845079_HERVL_int_MLT2A2
ERV_2865597,ERV_2865597_MLT2A1_HERVL_int
Clade_2211,MLT2A1-4_HERVL-6_int-6_MLT2A2-2
ERV_2752720,ERV_2752720_MLT2A1_HERVL_int_MLT2A2
Clade_2212,MLT2A1-3_HERVL-5_int-5_MLT2A2-1
Clade_2213,MLT2A1-2_HERVL-3_int-3_MLT2A2-1
ERV_2466648,ERV_2466648_MLT2A1_HERVL_int
Clade_2214,HERVL-2_int-2_MLT2A2-1_MLT2A1-1
ERV_2007355,ERV_2007355_HERVL_int_MLT2A2
ERV_2735764,ERV_2735764_HERVL_int_MLT2A1
Clade_2215,HERVL-2_int-2_MLT2A1-1
ERV_3825212,ERV_3825212_HERVL_int
ERV_3941621,ERV_3941621_MLT2A1_HERVL_int
Clade_2216,MLT2A1-22_HERVL-22_int-22
Clade_2217,MLT2A1-19_HERVL-19_int-19
Clade_2218,MLT2A1-3_HERVL-3_int-3
ERV_1740734,ERV_1740734_MLT2A1_HERVL_int
Clade_2219,MLT2A1-2_HERVL-2_int-2
ERV_2387760,ERV_2387760_MLT2A1_HERVL_int
ERV_2587430,ERV_2587430_HERVL_int_MLT2A1
Clade_2220,MLT2A1-16_HERVL-16_int-16
Clade_2221,MLT2A1-7_HERVL-7_int-7
Clade_2222,MLT2A1-3_HERVL-3_int-3
ERV_4294524,ERV_4294524_HERVL_int_MLT2A1
Clade_2223,MLT2A1-2_HERVL-2_int-2
ERV_2191348,ERV_2191348_MLT2A1_HERVL_int
ERV_3972639,ERV_3972639_MLT2A1_HERVL_int
Clade_2224,HERVL-4_int-4_MLT2A1-4
ERV_3432391,ERV_3432391_HERVL_int_MLT2A1
Clade_2225,HERVL-3_int-3_MLT2A1-3
ERV_3219077,ERV_3219077_HERVL_int_MLT2A1
Clade_2226,HERVL-2_int-2_MLT2A1-2
ERV_3578897,ERV_3578897_HERVL_int_MLT2A1
ERV_3413286,ERV_3413286_HERVL_int_MLT2A1
Clade_2227,MLT2A1-9_HERVL-9_int-9
Clade_2228,MLT2A1-7_HERVL-7_int-7
Clade_2229,MLT2A1-3_HERVL-3_int-3
ERV_2928621,ERV_2928621_MLT2A1_HERVL_int
Clade_2230,MLT2A1-2_HERVL-2_int-2
ERV_3517172,ERV_3517172_MLT2A1_HERVL_int
ERV_1135777,ERV_1135777_MLT2A1_HERVL_int
Clade_2231,MLT2A1-4_HERVL-4_int-4
Clade_2232,MLT2A1-2_HERVL-2_int-2
ERV_1219236,ERV_1219236_MLT2A1_HERVL_int
ERV_2873857,ERV_2873857_MLT2A1_HERVL_int
Clade_2233,MLT2A1-2_HERVL-2_int-2
ERV_3215396,ERV_3215396_MLT2A1_HERVL_int
ERV_3778956,ERV_3778956_MLT2A1_HERVL_int
Clade_2234,MLT2A1-2_HERVL-2_int-2
ERV_2227606,ERV_2227606_MLT2A1_HERVL_int
ERV_1923420,ERV_1923420_HERVL_int_MLT2A1
Clade_2235,MLT2A1-3_HERVL-3_int-3
ERV_2248203,ERV_2248203_MLT2A1_HERVL_int
Clade_2236,MLT2A1-2_HERVL-2_int-2
ERV_3021338,ERV_3021338_MLT2A1_HERVL_int
ERV_2975274,ERV_2975274_MLT2A1_HERVL_int
Clade_2237,MLT2A1-6_HERVL-12_int-13_ERVL-1_MLT2A2-2
Clade_2238,MLT2A1-4_HERVL-10_int-11_ERVL-1_MLT2A2-2
Clade_2239,MLT2A1-1_HERVL-2_int-3_ERVL-1
ERV_2664397,ERV_2664397_MLT2A1_HERVL_int
Clade_2240,HERVL-1_int-2_ERVL-1
ERV_3525155,ERV_3525155_HERVL_int
ERV_1156233,ERV_1156233_ERVL_int
Clade_2241,HERVL-8_int-8_MLT2A1-3_MLT2A2-2
Clade_2242,HERVL-6_int-6_MLT2A1-3_MLT2A2-1
ERV_4270829,ERV_4270829_HERVL_int_MLT2A2
Clade_2243,HERVL-5_int-5_MLT2A1-3
ERV_3929178,ERV_3929178_HERVL_int
Clade_2244,MLT2A1-3_HERVL-4_int-4
Clade_2245,MLT2A1-2_HERVL-2_int-2
ERV_2965097,ERV_2965097_MLT2A1_HERVL_int
ERV_2723075,ERV_2723075_MLT2A1_HERVL_int
Clade_2246,HERVL-2_int-2_MLT2A1-1
ERV_1779832,ERV_1779832_HERVL_int
ERV_2984255,ERV_2984255_MLT2A1_HERVL_int
Clade_2247,HERVL-2_int-2_MLT2A2-1
ERV_2678448,ERV_2678448_HERVL_int
ERV_2577517,ERV_2577517_HERVL_int_MLT2A2
Clade_2248,MLT2A1-2_HERVL-2_int-2
ERV_1159834,ERV_1159834_MLT2A1_HERVL_int
ERV_2507334,ERV_2507334_HERVL_int_MLT2A1
Clade_2249,HERVL-3_int-3_MLT2A2-3
ERV_2226815,ERV_2226815_HERVL_int_MLT2A2
Clade_2250,HERVL-2_int-2_MLT2A2-2
ERV_3659818,ERV_3659818_HERVL_int_MLT2A2
ERV_4293343,ERV_4293343_HERVL_int_MLT2A2
Clade_2251,HERVL-5_int-5_MLT2A2-5
Clade_2252,HERVL-3_int-3_MLT2A2-3
ERV_2167043,ERV_2167043_HERVL_int_MLT2A2
Clade_2253,HERVL-2_int-2_MLT2A2-2
ERV_1145209,ERV_1145209_HERVL_int_MLT2A2
ERV_3401418,ERV_3401418_HERVL_int_MLT2A2
Clade_2254,HERVL-2_int-2_MLT2A2-2
ERV_3971350,ERV_3971350_HERVL_int_MLT2A2
ERV_4360925,ERV_4360925_HERVL_int_MLT2A2
Clade_2255,HERVL-6_int-6_MLT2A2-5_MLT2A1-1
Clade_2256,HERVL-4_int-4_MLT2A2-3_MLT2A1-1
ERV_2975215,ERV_2975215_HERVL_int_MLT2A2
Clade_2257,HERVL-3_int-3_MLT2A2-2_MLT2A1-1
ERV_4373655,ERV_4373655_HERVL_int_MLT2A2
Clade_2258,HERVL-2_int-2_MLT2A2-1_MLT2A1-1
ERV_4114691,ERV_4114691_HERVL_int_MLT2A2
ERV_3601443,ERV_3601443_HERVL_int_MLT2A1
Clade_2259,HERVL-2_int-2_MLT2A2-2
ERV_3467097,ERV_3467097_HERVL_int_MLT2A2
ERV_3238550,ERV_3238550_HERVL_int_MLT2A2
Clade_2260,HERVL-7_int-8_MLT2A2-4_ERVL-1_MLT2A1-1
Clade_2261,HERVL-4_int-5_MLT2A2-2_ERVL-1
ERV_3209476,ERV_3209476_HERVL_int
Clade_2262,HERVL-3_int-4_MLT2A2-2_ERVL-1
ERV_2599024,ERV_2599024_HERVL_int_MLT2A2
Clade_2263,HERVL-2_int-3_MLT2A2-1_ERVL-1
ERV_4271225,ERV_4271225_HERVL_int
Clade_2264,HERVL-1_int-2_MLT2A2-1_ERVL-1
ERV_4360789,ERV_4360789_HERVL_int_MLT2A2
ERV_2644566,ERV_2644566_ERVL_int
Clade_2265,HERVL-3_int-3_MLT2A2-2_MLT2A1-1
ERV_1748442,ERV_1748442_HERVL_int_MLT2A2
Clade_2266,MLT2A1-1_HERVL-2_int-2_MLT2A2-1
ERV_3219282,ERV_3219282_MLT2A1_HERVL_int
ERV_2765324,ERV_2765324_HERVL_int_MLT2A2
Clade_2267,HERVL-4_int-4_MLT2A2-4_MLT2A1-1
Clade_2268,HERVL-2_int-2_MLT2A2-2_MLT2A1-1
ERV_3125614,ERV_3125614_HERVL_int_MLT2A2
ERV_1286138,ERV_1286138_MLT2A1_HERVL_int_MLT2A2
Clade_2269,HERVL-2_int-2_MLT2A2-2
ERV_1146995,ERV_1146995_HERVL_int_MLT2A2
ERV_1136468,ERV_1136468_HERVL_int_MLT2A2
Clade_2270,MLT2B3-1_ERVL-28_int-28_MLT2B1-10_B4-24_MLT2B4-5_MLT2D-3_MLT2C1-2_MLT2B2-1
ERV_1517684,ERV_1517684_MLT2B3_ERVL_int
Clade_2271,MLT2B1-10_ERVL-27_B4-24_int-27_MLT2B4-5_MLT2D-3_MLT2C1-2_MLT2B2-1
Clade_2272,MLT2B1-1_ERVL-2_B4-2_int-2
ERV_4186979,ERV_4186979_MLT2B1_ERVL_B4_int
ERV_1307792,ERV_1307792_ERVL_B4_int
Clade_2273,ERVL-25_int-25_MLT2B1-9_B4-22_MLT2B4-5_MLT2D-3_MLT2C1-2_MLT2B2-1
Clade_2274,ERVL-3_int-3_MLT2B1-2_B4-2
ERV_3519523,ERV_3519523_ERVL_int
Clade_2275,MLT2B1-2_ERVL-2_B4-2_int-2
ERV_3358094,ERV_3358094_MLT2B1_ERVL_B4_int
ERV_3780272,ERV_3780272_MLT2B1_ERVL_B4_int
Clade_2276,MLT2B1-7_ERVL-22_B4-20_int-22_MLT2B4-5_MLT2D-3_MLT2C1-2_MLT2B2-1
Clade_2277,MLT2B1-4_ERVL-19_B4-17_int-19_MLT2B4-5_MLT2D-3_MLT2C1-2_MLT2B2-1
Clade_2278,MLT2B1-2_ERVL-7_B4-6_int-7_MLT2B4-2
Clade_2279,MLT2B1-1_ERVL-2_B4-2_int-2
ERV_2282793,ERV_2282793_MLT2B1_ERVL_B4_int
ERV_2152214,ERV_2152214_ERVL_B4_int
Clade_2280,MLT2B1-1_ERVL-5_B4-4_int-5_MLT2B4-2
Clade_2281,MLT2B1-1_ERVL-3_B4-2_int-3_MLT2B4-1
ERV_2328571,ERV_2328571_ERVL_B4_int_MLT2B4
Clade_2282,MLT2B1-1_ERVL-2_B4-1_int-2
ERV_3569386,ERV_3569386_MLT2B1_ERVL_B4_int
ERV_2967601,ERV_2967601_ERVL_int
Clade_2283,ERVL-2_B4-2_int-2_MLT2B4-1
ERV_2234794,ERV_2234794_ERVL_B4_int_MLT2B4
ERV_2072131,ERV_2072131_ERVL_B4_int
Clade_2284,ERVL-12_B4-11_int-12_MLT2D-3_MLT2C1-2_MLT2B1-2_MLT2B2-1_MLT2B4-3
Clade_2285,ERVL-9_B4-8_int-9_MLT2D-3_MLT2C1-2_MLT2B1-1_MLT2B2-1_MLT2B4-1
Clade_2286,ERVL-7_B4-6_int-7_MLT2D-3_MLT2C1-2
ERV_2648934,ERV_2648934_ERVL_B4_int
Clade_2287,ERVL-6_B4-5_int-6_MLT2D-3_MLT2C1-2
ERV_4357325,ERV_4357325_ERVL_B4_int_MLT2D
Clade_2288,ERVL-5_B4-4_int-5_MLT2D-2_MLT2C1-2
Clade_2289,ERVL-2_B4-2_int-2_MLT2D-2
ERV_4360290,ERV_4360290_ERVL_B4_int_MLT2D
ERV_3941412,ERV_3941412_MLT2D_ERVL_B4_int
Clade_2290,MLT2C1-2_ERVL-3_B4-2_int-3
ERV_2963577,ERV_2963577_MLT2C1_ERVL_B4_int
Clade_2291,MLT2C1-1_ERVL-2_B4-1_int-2
ERV_1213663,ERV_1213663_MLT2C1_ERVL_B4_int
ERV_4358760,ERV_4358760_ERVL_int
Clade_2292,MLT2B1-1_MLT2B2-1_ERVL-2_B4-2_int-2_MLT2B4-1
ERV_1030625,ERV_1030625_MLT2B1_MLT2B2_ERVL_B4_int
ERV_2726983,ERV_2726983_MLT2B4_ERVL_B4_int
Clade_2293,ERVL-3_B4-3_int-3_MLT2B4-2_MLT2B1-1
ERV_1763741,ERV_1763741_MLT2B1_ERVL_B4_int_MLT2B4
Clade_2294,ERVL-2_B4-2_int-2_MLT2B4-1
ERV_3693062,ERV_3693062_ERVL_B4_int
ERV_3270641,ERV_3270641_ERVL_B4_int_MLT2B4
Clade_2295,MLT2B1-3_ERVL-3_B4-3_int-3
ERV_3701791,ERV_3701791_MLT2B1_ERVL_B4_int
Clade_2296,MLT2B1-2_ERVL-2_B4-2_int-2
ERV_3551861,ERV_3551861_MLT2B1_ERVL_B4_int
ERV_4054717,ERV_4054717_MLT2B1_ERVL_B4_int
Clade_2297,LOR1a-2_LOR1-2_int-3_PABL-1_B-1
ERV_4381426,ERV_4381426_LOR1a_LOR1_int
Clade_2298,LOR1a-1_LOR1-1_int-2_PABL-1_B-1
ERV_4286550,ERV_4286550_LOR1a_LOR1_int
ERV_1052796,ERV_1052796_PABL_B_int
Clade_2299,LTR3B-16_HERVK3-18_int-19_LTR3-2_-1_LTR10B1-1_HERVIP10B3-1_LTR3A-1
Clade_2300,LTR3B-16_HERVK3-16_int-17_LTR3-1_-1_LTR10B1-1_HERVIP10B3-1
ERV_4428568,ERV_4428568_LTR10B1_HERVIP10B3_int
Clade_2301,LTR3B-16_HERVK3-16_int-16_LTR3-1_-1
ERV_2970658,ERV_2970658_LTR3B_HERVK3_int
Clade_2302,LTR3B-15_HERVK3-15_int-15_LTR3-1_-1
ERV_2986209,ERV_2986209_LTR3B_HERVK3_int
Clade_2303,LTR3B-14_HERVK3-14_int-14_LTR3-1_-1
Clade_2304,LTR3B-12_HERVK3-12_int-12
Clade_2305,LTR3B-2_HERVK3-2_int-2
ERV_4432876,ERV_4432876_LTR3B_HERVK3_int
ERV_4445811,ERV_4445811_LTR3B_HERVK3_int
Clade_2306,LTR3B-10_HERVK3-10_int-10
Clade_2307,LTR3B-4_HERVK3-4_int-4
Clade_2308,LTR3B-2_HERVK3-2_int-2
ERV_4432746,ERV_4432746_LTR3B_HERVK3_int
ERV_4445892,ERV_4445892_LTR3B_HERVK3_int
Clade_2309,LTR3B-2_HERVK3-2_int-2
ERV_4443395,ERV_4443395_LTR3B_HERVK3_int
ERV_4427664,ERV_4427664_LTR3B_HERVK3_int
Clade_2310,LTR3B-6_HERVK3-6_int-6
Clade_2311,LTR3B-2_HERVK3-2_int-2
ERV_4427595,ERV_4427595_LTR3B_HERVK3_int
ERV_4443430,ERV_4443430_LTR3B_HERVK3_int
Clade_2312,LTR3B-4_HERVK3-4_int-4
ERV_4445932,ERV_4445932_LTR3B_HERVK3_int
Clade_2313,LTR3B-3_HERVK3-3_int-3
ERV_4446720,ERV_4446720_LTR3B_HERVK3_int
Clade_2314,LTR3B-2_HERVK3-2_int-2
ERV_4432672,ERV_4432672_LTR3B_HERVK3_int
ERV_4431553,ERV_4431553_LTR3B_HERVK3_int
Clade_2315,LTR3-1_HERVK3-2_int-2_LTR3B-2_-1
ERV_1903808,ERV_1903808_LTR3_HERVK3_int
ERV_1858825,ERV_1858825_LTR3B_LTR3B__HERVK3_int
Clade_2316,LTR3-1_HERVK3-2_int-2_LTR3A-1
ERV_1903352,ERV_1903352_LTR3_HERVK3_int
ERV_1871227,ERV_1871227_LTR3A_HERVK3_int
Clade_2317,HERVK14-1_int-48_HERV1-2_LTRb-1_I-2_LTR3-9_HERVK3-42_LTR3A-19_HERVI-1_LTR3B-12_-6_LTR66-1_HERVL66-1_LTR16-1_ERV3-1_16A3-1_ERVL47-1_LTR47B3-1
Clade_2318,HERVK14-1_int-46_HERV1-2_LTRb-1_I-1_LTR3-9_HERVK3-42_LTR3A-19_HERVI-1_LTR3B-12_-6_LTR66-1_HERVL66-1
Clade_2319,HERVK14-1_int-30_HERV1-2_LTRb-1_I-1_LTR3-6_HERVK3-27_LTR3A-10_HERVI-1_LTR3B-9_-4
Clade_2320,HERVK14-1_int-2_HERV1-2_LTRb-1_I-1
ERV_1221497,ERV_1221497_HERVK14_int
ERV_4358026,ERV_4358026_HERV1_LTRb_HERV1_I_int
Clade_2321,LTR3-6_HERVK3-27_int-28_LTR3A-10_HERVI-1_LTR3B-9_-4
ERV_1009097,ERV_1009097_LTR3B__HERVK3_int
Clade_2322,LTR3-6_HERVK3-26_int-27_LTR3A-10_HERVI-1_LTR3B-8_-3
ERV_2685277,ERV_2685277_LTR3B_HERVK3_int
Clade_2323,LTR3-6_HERVK3-25_int-26_LTR3A-10_HERVI-1_LTR3B-7_-3
ERV_1585426,ERV_1585426_LTR3B__HERVK3_int
Clade_2324,LTR3-6_HERVK3-24_int-25_LTR3A-10_HERVI-1_LTR3B-6_-2
Clade_2325,LTR3-4_HERVK3-17_int-18_LTR3A-10_HERVI-1
ERV_1903403,ERV_1903403_LTR3_HERVK3_int
Clade_2326,LTR3-3_HERVK3-16_int-17_LTR3A-10_HERVI-1
ERV_2991138,ERV_2991138_LTR3_HERVK3_int
Clade_2327,LTR3-2_HERVK3-15_int-16_LTR3A-10_HERVI-1
Clade_2328,LTR3-2_HERVK3-2_int-2
ERV_3333245,ERV_3333245_LTR3_HERVK3_int
ERV_3333197,ERV_3333197_LTR3_HERVK3_int
Clade_2329,HERVK3-13_int-14_LTR3A-10_HERVI-1
Clade_2330,HERVK3-2_int-2
ERV_4444522,ERV_4444522_HERVK3_int
ERV_4444505,ERV_4444505_HERVK3_int
Clade_2331,LTR3A-10_HERVK3-11_int-12_HERVI-1
ERV_1880649,ERV_1880649_LTR3A_HERVK3_int
Clade_2332,LTR3A-9_HERVK3-10_int-11_HERVI-1
ERV_3946702,ERV_3946702_LTR3A_HERVK3_int
Clade_2333,LTR3A-8_HERVK3-9_int-10_HERVI-1
Clade_2334,LTR3A-8_HERVK3-8_int-8
Clade_2335,LTR3A-5_HERVK3-5_int-5
Clade_2336,LTR3A-3_HERVK3-3_int-3
ERV_4427139,ERV_4427139_LTR3A_HERVK3_int
Clade_2337,LTR3A-2_HERVK3-2_int-2
ERV_4258386,ERV_4258386_LTR3A_HERVK3_int
ERV_1902852,ERV_1902852_LTR3A_HERVK3_int
Clade_2338,LTR3A-2_HERVK3-2_int-2
ERV_2339621,ERV_2339621_LTR3A_HERVK3_int
ERV_4248616,ERV_4248616_LTR3A_HERVK3_int
Clade_2339,LTR3A-3_HERVK3-3_int-3
ERV_3813005,ERV_3813005_LTR3A_HERVK3_int
Clade_2340,LTR3A-2_HERVK3-2_int-2
ERV_2694696,ERV_2694696_LTR3A_HERVK3_int
ERV_2532252,ERV_2532252_LTR3A_HERVK3_int
Clade_2341,HERVI-1_int-2_HERVK3-1
ERV_3923339,ERV_3923339_HERVI_int
ERV_2262272,ERV_2262272_HERVK3_int
Clade_2342,LTR3B-6_HERVK3-7_int-7_-2_LTR3-2
Clade_2343,LTR3B-3_HERVK3-3_int-3
ERV_4404555,ERV_4404555_LTR3B_HERVK3_int
Clade_2344,LTR3B-2_HERVK3-2_int-2
ERV_4427939,ERV_4427939_LTR3B_HERVK3_int
ERV_4443223,ERV_4443223_LTR3B_HERVK3_int
Clade_2345,LTR3B-3_-2_HERVK3-4_int-4_LTR3-2
Clade_2346,LTR3B-3_-2_HERVK3-2_int-2
ERV_1507715,ERV_1507715_LTR3B__HERVK3_int
ERV_1434576,ERV_1434576_LTR3B_LTR3B__HERVK3_int
Clade_2347,LTR3-2_HERVK3-2_int-2
ERV_3329145,ERV_3329145_LTR3_HERVK3_int
ERV_1859582,ERV_1859582_LTR3_HERVK3_int
Clade_2348,LTR66-1_HERVL66-1_int-16_LTR3B-3_HERVK3-15_-2_LTR3A-9_LTR3-3
ERV_1882228,ERV_1882228_LTR66_HERVL66_int
Clade_2349,LTR3B-3_HERVK3-15_int-15_-2_LTR3A-9_LTR3-3
Clade_2350,LTR3B-3_HERVK3-3_int-3_-2
ERV_1821938,ERV_1821938_LTR3B_HERVK3_int
Clade_2351,LTR3B-2_-2_HERVK3-2_int-2
ERV_3242035,ERV_3242035_LTR3B__HERVK3_int
ERV_3216055,ERV_3216055_LTR3B__HERVK3_int
Clade_2352,LTR3A-9_HERVK3-12_int-12_LTR3-3
Clade_2353,LTR3A-7_HERVK3-10_int-10_LTR3-3
ERV_1135179,ERV_1135179_LTR3A_HERVK3_int
Clade_2354,LTR3A-6_HERVK3-9_int-9_LTR3-3
Clade_2355,LTR3A-6_HERVK3-6_int-6
ERV_1170686,ERV_1170686_LTR3A_HERVK3_int
Clade_2356,LTR3A-5_HERVK3-5_int-5
ERV_4358467,ERV_4358467_LTR3A_HERVK3_int
Clade_2357,LTR3A-4_HERVK3-4_int-4
Clade_2358,LTR3A-2_HERVK3-2_int-2
ERV_3072093,ERV_3072093_LTR3A_HERVK3_int
ERV_2198730,ERV_2198730_LTR3A_HERVK3_int
Clade_2359,LTR3A-2_HERVK3-2_int-2
ERV_1852367,ERV_1852367_LTR3A_HERVK3_int
ERV_2504151,ERV_2504151_LTR3A_HERVK3_int
Clade_2360,LTR3-3_HERVK3-3_int-3
ERV_1871469,ERV_1871469_LTR3_HERVK3_int
Clade_2361,LTR3-2_HERVK3-2_int-2
ERV_1868862,ERV_1868862_LTR3_HERVK3_int
ERV_1824014,ERV_1824014_LTR3_HERVK3_int
Clade_2362,LTR3A-2_HERVK3-2_int-2
ERV_3108417,ERV_3108417_LTR3A_HERVK3_int
ERV_1902853,ERV_1902853_LTR3A_HERVK3_int
Clade_2363,LTR16-1_ERV3-1_16A3-1_I-1_int-2_ERVL47-1_LTR47B3-1
ERV_1672727,ERV_1672727_LTR16_ERV3_16A3_I_int
ERV_2166403,ERV_2166403_ERVL47_int_LTR47B3
Clade_2364,HERV4-5_I-5_int-23_MER51E-1_MER51A-4_ERVL-1_B4-1_HERVS71-1_LTR6A-1_HERVK14-1_LTR14C-10_HERVK14C-10_MER66-3_MER66D-3_HERVIP10B3-1_HERVIP10F-1
Clade_2365,HERV4-5_I-5_int-5_MER51E-1_MER51A-4
ERV_4006069,ERV_4006069_HERV4_I_int_MER51E
Clade_2366,HERV4-4_I-4_int-4_MER51A-4
ERV_2875093,ERV_2875093_HERV4_I_int_MER51A
Clade_2367,HERV4-3_I-3_int-3_MER51A-3
ERV_4195481,ERV_4195481_HERV4_I_int_MER51A
Clade_2368,HERV4-2_I-2_int-2_MER51A-2
ERV_3289760,ERV_3289760_HERV4_I_int_MER51A
ERV_1632270,ERV_1632270_HERV4_I_int_MER51A
Clade_2369,ERVL-1_B4-1_int-18_HERVS71-1_LTR6A-1_HERVK14-1_LTR14C-10_HERVK14C-10_MER66-3_MER66D-3_HERVIP10B3-1_HERVIP10F-1
Clade_2370,ERVL-1_B4-1_int-16_HERVS71-1_LTR6A-1_HERVK14-1_LTR14C-10_HERVK14C-10_MER66-3_MER66D-3
Clade_2371,ERVL-1_B4-1_int-13_HERVS71-1_LTR6A-1_HERVK14-1_LTR14C-10_HERVK14C-10
Clade_2372,ERVL-1_B4-1_int-2_HERVS71-1_LTR6A-1
ERV_2018155,ERV_2018155_ERVL_B4_int
ERV_3946606,ERV_3946606_HERVS71_int_LTR6A
Clade_2373,HERVK14-1_int-11_LTR14C-10_HERVK14C-10
ERV_3858065,ERV_3858065_HERVK14_int
Clade_2374,LTR14C-10_HERVK14C-10_int-10
ERV_3946614,ERV_3946614_LTR14C_HERVK14C_int
Clade_2375,LTR14C-9_HERVK14C-9_int-9
ERV_4420696,ERV_4420696_LTR14C_HERVK14C_int
Clade_2376,LTR14C-8_HERVK14C-8_int-8
ERV_3457964,ERV_3457964_LTR14C_HERVK14C_int
Clade_2377,LTR14C-7_HERVK14C-7_int-7
ERV_3041619,ERV_3041619_LTR14C_HERVK14C_int
Clade_2378,LTR14C-6_HERVK14C-6_int-6
ERV_1048876,ERV_1048876_LTR14C_HERVK14C_int
Clade_2379,LTR14C-5_HERVK14C-5_int-5
Clade_2380,LTR14C-3_HERVK14C-3_int-3
ERV_1982578,ERV_1982578_LTR14C_HERVK14C_int
Clade_2381,LTR14C-2_HERVK14C-2_int-2
ERV_1496823,ERV_1496823_LTR14C_HERVK14C_int
ERV_3919348,ERV_3919348_LTR14C_HERVK14C_int
Clade_2382,LTR14C-2_HERVK14C-2_int-2
ERV_1354728,ERV_1354728_LTR14C_HERVK14C_int
ERV_3946624,ERV_3946624_LTR14C_HERVK14C_int
Clade_2383,MER66-3_int-3_MER66D-3
ERV_3665586,ERV_3665586_MER66_int_MER66D
Clade_2384,MER66-2_int-2_MER66D-2
ERV_2298105,ERV_2298105_MER66_int_MER66D
ERV_4147261,ERV_4147261_MER66_int_MER66D
Clade_2385,HERVIP10B3-1_int-2_HERVIP10F-1
ERV_2731806,ERV_2731806_HERVIP10B3_int
ERV_1894162,ERV_1894162_HERVIP10F_int
Clade_2386,HERVL18-1_int-3_LTR18A-1_LTR52-4
ERV_1212551,ERV_1212551_HERVL18_int_LTR18A
Clade_2387,LTR52-4_int-2
ERV_1662538,ERV_1662538_LTR52_LTR52_int
ERV_4401954,ERV_4401954_LTR52_LTR52_int
Clade_2388,HERVS71-12_int-12_LTR6B-10_LTR6A-2
Clade_2389,HERVS71-10_int-10_LTR6B-10
ERV_1888144,ERV_1888144_HERVS71_int_LTR6B
Clade_2390,HERVS71-9_int-9_LTR6B-9
Clade_2391,HERVS71-6_int-6_LTR6B-6
ERV_2743701,ERV_2743701_HERVS71_int_LTR6B
Clade_2392,HERVS71-5_int-5_LTR6B-5
ERV_2948044,ERV_2948044_HERVS71_int_LTR6B
Clade_2393,HERVS71-4_int-4_LTR6B-4
Clade_2394,HERVS71-2_int-2_LTR6B-2
ERV_3798846,ERV_3798846_HERVS71_int_LTR6B
ERV_3926089,ERV_3926089_HERVS71_int_LTR6B
Clade_2395,HERVS71-2_int-2_LTR6B-2
ERV_2794437,ERV_2794437_HERVS71_int_LTR6B
ERV_3700174,ERV_3700174_HERVS71_int_LTR6B
Clade_2396,HERVS71-3_int-3_LTR6B-3
ERV_2794807,ERV_2794807_HERVS71_int_LTR6B
Clade_2397,HERVS71-2_int-2_LTR6B-2
ERV_2599211,ERV_2599211_HERVS71_int_LTR6B
ERV_2715419,ERV_2715419_HERVS71_int_LTR6B
Clade_2398,HERVS71-2_int-2_LTR6A-2
ERV_1510428,ERV_1510428_HERVS71_int_LTR6A
ERV_1726696,ERV_1726696_HERVS71_int_LTR6A
Clade_2399,HERVFH21-1_int-8_LTR21B-1_HERV-12_Fc2-2_LTR-1_Fc1-10_LTR1-4_MER57E3-1_LTR3-1_HERVFH19-1
ERV_4189940,ERV_4189940_HERVFH19_int
Clade_2400,HERVFH21-1_int-7_LTR21B-1_HERV-12_Fc2-2_LTR-1_Fc1-10_LTR1-4_MER57E3-1_LTR3-1
ERV_4440697,ERV_4440697_HERVFH21_int_LTR21B
Clade_2401,HERV-12_Fc2-2_LTR-1_int-6_Fc1-10_LTR1-4_MER57E3-1_LTR3-1
ERV_4273783,ERV_4273783_HERV_Fc2_LTR_HERV_Fc2_int
Clade_2402,HERV-10_Fc1-10_int-5_LTR1-4_MER57E3-1_LTR3-1
Clade_2403,HERV-4_Fc1-4_int-2_LTR1-2_MER57E3-1
ERV_4443554,ERV_4443554_HERV_Fc1_int_HERV_Fc1_LTR1
ERV_4427369,ERV_4427369_MER57E3_HERV_Fc1_int_HERV_Fc1_LTR1
Clade_2404,HERV-6_Fc1-6_int-3_LTR3-1_LTR1-2
ERV_2168972,ERV_2168972_HERV_Fc1_int_HERV_Fc1_LTR3
Clade_2405,HERV-4_Fc1-4_int-2_LTR1-2
ERV_3789618,ERV_3789618_HERV_Fc1_int_HERV_Fc1_LTR1
ERV_3731451,ERV_3731451_HERV_Fc1_int_HERV_Fc1_LTR1
Clade_2406,HERVH-3_int-3_LTR7B-1_LTR7-2
ERV_1280411,ERV_1280411_HERVH_int_LTR7B
Clade_2407,LTR7-2_HERVH-2_int-2
ERV_4407739,ERV_4407739_LTR7_HERVH_int
ERV_3467458,ERV_3467458_LTR7_HERVH_int
Clade_2408,LTR7-8_HERVH-9_int-9
ERV_4405866,ERV_4405866_LTR7_HERVH_int
Clade_2409,LTR7-7_HERVH-8_int-8
ERV_4444465,ERV_4444465_LTR7_HERVH_int
Clade_2410,LTR7-6_HERVH-7_int-7
ERV_3678068,ERV_3678068_HERVH_int
Clade_2411,LTR7-6_HERVH-6_int-6
ERV_3879479,ERV_3879479_LTR7_HERVH_int
Clade_2412,LTR7-5_HERVH-5_int-5
ERV_1879800,ERV_1879800_LTR7_HERVH_int
Clade_2413,LTR7-4_HERVH-4_int-4
ERV_4157311,ERV_4157311_LTR7_HERVH_int
Clade_2414,LTR7-3_HERVH-3_int-3
ERV_2897467,ERV_2897467_LTR7_HERVH_int
Clade_2415,LTR7-2_HERVH-2_int-2
ERV_4143281,ERV_4143281_LTR7_HERVH_int
ERV_4049162,ERV_4049162_LTR7_HERVH_int
Clade_2416,LTR7-40_HERVH-84_int-85_LTR7B-11_LTR7C-25_LTR7Y-3_HERVL-1_MLT2A2-1
Clade_2417,LTR7-10_HERVH-13_int-13_LTR7B-2
ERV_2693392,ERV_2693392_LTR7_HERVH_int
Clade_2418,LTR7-9_HERVH-12_int-12_LTR7B-2
Clade_2419,LTR7-7_HERVH-10_int-10_LTR7B-2
Clade_2420,LTR7-4_HERVH-5_int-5_LTR7B-1
ERV_2038476,ERV_2038476_LTR7_HERVH_int
Clade_2421,LTR7-3_HERVH-4_int-4_LTR7B-1
Clade_2422,LTR7-1_HERVH-2_int-2_LTR7B-1
ERV_2997777,ERV_2997777_LTR7_HERVH_int
ERV_2544411,ERV_2544411_HERVH_int_LTR7B
Clade_2423,LTR7-2_HERVH-2_int-2
ERV_4367630,ERV_4367630_LTR7_HERVH_int
ERV_3268492,ERV_3268492_LTR7_HERVH_int
Clade_2424,HERVH-5_int-5_LTR7B-1_LTR7-3
ERV_4256040,ERV_4256040_HERVH_int_LTR7B
Clade_2425,LTR7-3_HERVH-4_int-4
ERV_3187336,ERV_3187336_LTR7_HERVH_int
Clade_2426,LTR7-2_HERVH-3_int-3
ERV_3228808,ERV_3228808_HERVH_int
Clade_2427,LTR7-2_HERVH-2_int-2
ERV_3726386,ERV_3726386_LTR7_HERVH_int
ERV_2751186,ERV_2751186_LTR7_HERVH_int
Clade_2428,LTR7-2_HERVH-2_int-2
ERV_3088356,ERV_3088356_LTR7_HERVH_int
ERV_1747408,ERV_1747408_LTR7_HERVH_int
Clade_2429,HERVH-71_int-72_LTR7B-9_LTR7C-25_LTR7-30_LTR7Y-3_HERVL-1_MLT2A2-1
Clade_2430,HERVH-50_int-51_LTR7B-9_LTR7C-25_LTR7-10_LTR7Y-2_HERVL-1_MLT2A2-1
Clade_2431,HERVH-36_int-36_LTR7B-9_LTR7C-18_LTR7-4_LTR7Y-2
Clade_2432,HERVH-28_int-28_LTR7B-9_LTR7C-17_LTR7-1_LTR7Y-2
Clade_2433,HERVH-25_int-25_LTR7B-9_LTR7C-14_LTR7-1_LTR7Y-2
Clade_2434,HERVH-18_int-18_LTR7B-3_LTR7C-13_LTR7-1
Clade_2435,HERVH-3_int-3_LTR7B-3
ERV_2373218,ERV_2373218_HERVH_int_LTR7B
Clade_2436,HERVH-2_int-2_LTR7B-2
ERV_1802130,ERV_1802130_HERVH_int_LTR7B
ERV_2818766,ERV_2818766_HERVH_int_LTR7B
Clade_2437,LTR7C-13_HERVH-15_int-15_LTR7-1
ERV_3608373,ERV_3608373_LTR7C_HERVH_int
Clade_2438,LTR7C-12_HERVH-14_int-14_LTR7-1
ERV_4009157,ERV_4009157_LTR7C_HERVH_int
Clade_2439,HERVH-13_int-13_LTR7C-11_LTR7-1
ERV_2694919,ERV_2694919_LTR7C_HERVH_int
Clade_2440,HERVH-12_int-12_LTR7C-10_LTR7-1
Clade_2441,HERVH-6_int-6_LTR7C-4_LTR7-1
ERV_1597742,ERV_1597742_LTR7C_HERVH_int
Clade_2442,HERVH-5_int-5_LTR7C-3_LTR7-1
Clade_2443,HERVH-2_int-2_LTR7C-1
ERV_1597745,ERV_1597745_HERVH_int
ERV_3862325,ERV_3862325_LTR7C_HERVH_int
Clade_2444,LTR7-1_HERVH-3_int-3_LTR7C-2
ERV_3331172,ERV_3331172_LTR7_HERVH_int
Clade_2445,LTR7C-2_HERVH-2_int-2
ERV_2173129,ERV_2173129_LTR7C_HERVH_int
ERV_1989054,ERV_1989054_LTR7C_HERVH_int
Clade_2446,LTR7C-6_HERVH-6_int-6
Clade_2447,LTR7C-2_HERVH-2_int-2
ERV_4411158,ERV_4411158_LTR7C_HERVH_int
ERV_3649830,ERV_3649830_LTR7C_HERVH_int
Clade_2448,LTR7C-4_HERVH-4_int-4
ERV_1803091,ERV_1803091_LTR7C_HERVH_int
Clade_2449,LTR7C-3_HERVH-3_int-3
ERV_1815557,ERV_1815557_LTR7C_HERVH_int
Clade_2450,LTR7C-2_HERVH-2_int-2
ERV_2707035,ERV_2707035_LTR7C_HERVH_int
ERV_3687521,ERV_3687521_LTR7C_HERVH_int
Clade_2451,LTR7C-1_HERVH-7_int-7_LTR7B-6_LTR7Y-2
ERV_2715987,ERV_2715987_LTR7C_HERVH_int
Clade_2452,HERVH-6_int-6_LTR7B-6_LTR7Y-2
ERV_1868968,ERV_1868968_HERVH_int_LTR7B
Clade_2453,HERVH-5_int-5_LTR7B-5_LTR7Y-2
ERV_1807351,ERV_1807351_HERVH_int_LTR7B
Clade_2454,HERVH-4_int-4_LTR7B-4_LTR7Y-2
Clade_2455,HERVH-2_int-2_LTR7B-2
ERV_4367799,ERV_4367799_HERVH_int_LTR7B
ERV_2901225,ERV_2901225_HERVH_int_LTR7B
Clade_2456,HERVH-2_int-2_LTR7Y-2_LTR7B-2
ERV_2575997,ERV_2575997_HERVH_int_LTR7Y_LTR7B
ERV_3156169,ERV_3156169_LTR7Y_HERVH_int_LTR7B
Clade_2457,LTR7C-3_HERVH-3_int-3
ERV_1880196,ERV_1880196_LTR7C_HERVH_int
Clade_2458,LTR7C-2_HERVH-2_int-2
ERV_4368492,ERV_4368492_LTR7C_HERVH_int
ERV_3228350,ERV_3228350_LTR7C_HERVH_int
Clade_2459,LTR7-3_HERVH-8_int-8_LTR7C-1
Clade_2460,LTR7-1_HERVH-3_int-3
ERV_2481490,ERV_2481490_LTR7_HERVH_int
Clade_2461,HERVH-2_int-2
ERV_2945894,ERV_2945894_HERVH_int
ERV_2847940,ERV_2847940_HERVH_int
Clade_2462,LTR7-2_HERVH-5_int-5_LTR7C-1
ERV_3800507,ERV_3800507_LTR7_HERVH_int
Clade_2463,HERVH-4_int-4_LTR7-1_LTR7C-1
Clade_2464,HERVH-2_int-2_LTR7-1
ERV_2038477,ERV_2038477_HERVH_int
ERV_4429442,ERV_4429442_LTR7_HERVH_int
Clade_2465,HERVH-2_int-2_LTR7C-1
ERV_1757211,ERV_1757211_HERVH_int
ERV_3642501,ERV_3642501_LTR7C_HERVH_int
Clade_2466,LTR7-6_HERVH-14_int-15_LTR7C-7_HERVL-1_MLT2A2-1
Clade_2467,LTR7-5_HERVH-12_int-12_LTR7C-7
Clade_2468,LTR7-5_HERVH-10_int-10_LTR7C-5
ERV_1210135,ERV_1210135_LTR7_HERVH_int
Clade_2469,LTR7C-5_HERVH-9_int-9_LTR7-4
Clade_2470,LTR7C-1_HERVH-5_int-5_LTR7-3
Clade_2471,LTR7C-1_HERVH-3_int-3_LTR7-1
ERV_1822463,ERV_1822463_LTR7C_HERVH_int
Clade_2472,HERVH-2_int-2_LTR7-1
ERV_2694888,ERV_2694888_HERVH_int
ERV_2092271,ERV_2092271_LTR7_HERVH_int
Clade_2473,LTR7-2_HERVH-2_int-2
ERV_2261747,ERV_2261747_LTR7_HERVH_int
ERV_1239394,ERV_1239394_LTR7_HERVH_int
Clade_2474,LTR7C-4_HERVH-4_int-4_LTR7-1
ERV_3130513,ERV_3130513_LTR7C_HERVH_int
Clade_2475,LTR7C-3_HERVH-3_int-3_LTR7-1
ERV_2564188,ERV_2564188_LTR7C_LTR7_HERVH_int
Clade_2476,LTR7C-2_HERVH-2_int-2
ERV_1823776,ERV_1823776_LTR7C_HERVH_int
ERV_1128748,ERV_1128748_LTR7C_HERVH_int
Clade_2477,LTR7C-2_HERVH-2_int-2
ERV_1807134,ERV_1807134_LTR7C_HERVH_int
ERV_3541435,ERV_3541435_LTR7C_HERVH_int
Clade_2478,LTR7-1_HERVH-2_int-3_HERVL-1_MLT2A2-1
ERV_2009513,ERV_2009513_LTR7_HERVH_int
Clade_2479,HERVL-1_int-2_MLT2A2-1_HERVH-1
ERV_3665895,ERV_3665895_HERVL_int_MLT2A2
ERV_1280412,ERV_1280412_HERVH_int
Clade_2480,LTR7-20_HERVH-21_int-21_LTR7Y-1
Clade_2481,LTR7-5_HERVH-5_int-5
ERV_3582883,ERV_3582883_LTR7_HERVH_int
Clade_2482,LTR7-4_HERVH-4_int-4
Clade_2483,LTR7-2_HERVH-2_int-2
ERV_3338518,ERV_3338518_LTR7_HERVH_int
ERV_3153994,ERV_3153994_LTR7_HERVH_int
Clade_2484,LTR7-2_HERVH-2_int-2
ERV_3037836,ERV_3037836_LTR7_HERVH_int
ERV_3623580,ERV_3623580_LTR7_HERVH_int
Clade_2485,LTR7-15_HERVH-16_int-16_LTR7Y-1
Clade_2486,LTR7-10_HERVH-11_int-11
ERV_1202173,ERV_1202173_LTR7_HERVH_int
Clade_2487,LTR7-9_HERVH-10_int-10
Clade_2488,LTR7-6_HERVH-7_int-7
Clade_2489,LTR7-1_HERVH-2_int-2
ERV_4065477,ERV_4065477_LTR7_HERVH_int
ERV_1879801,ERV_1879801_HERVH_int
Clade_2490,LTR7-5_HERVH-5_int-5
Clade_2491,LTR7-3_HERVH-3_int-3
ERV_2118392,ERV_2118392_LTR7_HERVH_int
Clade_2492,LTR7-2_HERVH-2_int-2
ERV_2089050,ERV_2089050_LTR7_HERVH_int
ERV_3576024,ERV_3576024_LTR7_HERVH_int
Clade_2493,LTR7-2_HERVH-2_int-2
ERV_3966831,ERV_3966831_LTR7_HERVH_int
ERV_2773189,ERV_2773189_LTR7_HERVH_int
Clade_2494,LTR7-3_HERVH-3_int-3
ERV_1881357,ERV_1881357_LTR7_HERVH_int
Clade_2495,LTR7-2_HERVH-2_int-2
ERV_1980003,ERV_1980003_LTR7_HERVH_int
ERV_2936594,ERV_2936594_LTR7_HERVH_int
Clade_2496,LTR7-5_HERVH-5_int-5_LTR7Y-1
Clade_2497,LTR7-2_HERVH-2_int-2_LTR7Y-1
ERV_4362351,ERV_4362351_LTR7_HERVH_int
ERV_4380071,ERV_4380071_HERVH_int_LTR7Y_LTR7
Clade_2498,LTR7-3_HERVH-3_int-3
ERV_1783524,ERV_1783524_LTR7_HERVH_int
Clade_2499,LTR7-2_HERVH-2_int-2
ERV_3007856,ERV_3007856_LTR7_HERVH_int
ERV_2191434,ERV_2191434_LTR7_HERVH_int
Clade_2500,LTR7-2_HERVH-3_int-3_LTR7B-1
ERV_3002597,ERV_3002597_LTR7_HERVH_int
Clade_2501,HERVH-2_int-2_LTR7B-1_LTR7-1
ERV_2744507,ERV_2744507_HERVH_int_LTR7B
ERV_4347116,ERV_4347116_LTR7_HERVH_int
Clade_2502,LTR7-10_HERVH-11_int-11_LTR7B-1
Clade_2503,LTR7-7_HERVH-8_int-8_LTR7B-1
Clade_2504,LTR7-5_HERVH-5_int-5
Clade_2505,LTR7-3_HERVH-3_int-3
ERV_3353908,ERV_3353908_LTR7_HERVH_int
Clade_2506,LTR7-2_HERVH-2_int-2
ERV_2719204,ERV_2719204_LTR7_HERVH_int
ERV_3763105,ERV_3763105_LTR7_HERVH_int
Clade_2507,LTR7-2_HERVH-2_int-2
ERV_2570523,ERV_2570523_LTR7_HERVH_int
ERV_4440687,ERV_4440687_LTR7_HERVH_int
Clade_2508,LTR7-2_HERVH-3_int-3_LTR7B-1
ERV_2981255,ERV_2981255_LTR7_HERVH_int
Clade_2509,LTR7-1_HERVH-2_int-2_LTR7B-1
ERV_3571489,ERV_3571489_LTR7_HERVH_int
ERV_1328262,ERV_1328262_HERVH_int_LTR7B
Clade_2510,LTR7-3_HERVH-3_int-3
ERV_1926091,ERV_1926091_LTR7_HERVH_int
Clade_2511,LTR7-2_HERVH-2_int-2
ERV_3834019,ERV_3834019_LTR7_HERVH_int
ERV_3954180,ERV_3954180_LTR7_HERVH_int
Clade_2512,LTR7-17_HERVH-98_int-99_LTR7B-66_LTR7C-11_HUERS-1_P3-1
Clade_2513,LTR7-15_HERVH-96_int-97_LTR7B-66_LTR7C-11_HUERS-1_P3-1
Clade_2514,LTR7-13_HERVH-94_int-95_LTR7B-66_LTR7C-11_HUERS-1_P3-1
Clade_2515,LTR7-6_HERVH-6_int-6
Clade_2516,LTR7-3_HERVH-3_int-3
ERV_4440247,ERV_4440247_LTR7_HERVH_int
Clade_2517,LTR7-2_HERVH-2_int-2
ERV_2634912,ERV_2634912_LTR7_HERVH_int
ERV_3339616,ERV_3339616_LTR7_HERVH_int
Clade_2518,LTR7-3_HERVH-3_int-3
ERV_2076833,ERV_2076833_LTR7_HERVH_int
Clade_2519,LTR7-2_HERVH-2_int-2
ERV_1253611,ERV_1253611_LTR7_HERVH_int
ERV_2615517,ERV_2615517_LTR7_HERVH_int
Clade_2520,LTR7-7_HERVH-88_int-89_LTR7B-66_LTR7C-11_HUERS-1_P3-1
Clade_2521,LTR7-7_HERVH-74_int-75_LTR7B-63_LTR7C-1_HUERS-1_P3-1
Clade_2522,LTR7-3_HERVH-3_int-3_LTR7B-1
ERV_2572887,ERV_2572887_LTR7_HERVH_int
Clade_2523,LTR7-2_HERVH-2_int-2_LTR7B-1
ERV_4250694,ERV_4250694_LTR7_HERVH_int
ERV_3861041,ERV_3861041_LTR7_HERVH_int_LTR7B
Clade_2524,HERVH-71_int-72_LTR7B-62_LTR7-4_LTR7C-1_HUERS-1_P3-1
Clade_2525,HERVH-69_int-70_LTR7B-62_LTR7-2_LTR7C-1_HUERS-1_P3-1
Clade_2526,HERVH-67_int-68_LTR7B-61_LTR7-2_LTR7C-1_HUERS-1_P3-1
Clade_2527,HERVH-9_int-9_LTR7B-9
ERV_2147149,ERV_2147149_HERVH_int_LTR7B
Clade_2528,HERVH-8_int-8_LTR7B-8
ERV_2693778,ERV_2693778_HERVH_int_LTR7B
Clade_2529,HERVH-7_int-7_LTR7B-7
Clade_2530,HERVH-3_int-3_LTR7B-3
ERV_3405668,ERV_3405668_HERVH_int_LTR7B
Clade_2531,HERVH-2_int-2_LTR7B-2
ERV_1624328,ERV_1624328_HERVH_int_LTR7B
ERV_1207273,ERV_1207273_HERVH_int_LTR7B
Clade_2532,HERVH-4_int-4_LTR7B-4
ERV_4116927,ERV_4116927_HERVH_int_LTR7B
Clade_2533,HERVH-3_int-3_LTR7B-3
ERV_2519695,ERV_2519695_HERVH_int_LTR7B
Clade_2534,HERVH-2_int-2_LTR7B-2
ERV_2301585,ERV_2301585_HERVH_int_LTR7B
ERV_3303787,ERV_3303787_HERVH_int_LTR7B
Clade_2535,HERVH-58_int-59_LTR7B-52_LTR7-2_LTR7C-1_HUERS-1_P3-1
ERV_3621839,ERV_3621839_HERVH_int
Clade_2536,HERVH-57_int-58_LTR7B-52_LTR7-2_LTR7C-1_HUERS-1_P3-1
ERV_3548509,ERV_3548509_HERVH_int_LTR7B
Clade_2537,HERVH-56_int-57_LTR7B-51_LTR7-2_LTR7C-1_HUERS-1_P3-1
Clade_2538,HERVH-12_int-12_LTR7B-11
Clade_2539,HERVH-3_int-3_LTR7B-2
ERV_1856041,ERV_1856041_HERVH_int_LTR7B
Clade_2540,HERVH-2_int-2_LTR7B-1
ERV_3955809,ERV_3955809_HERVH_int
ERV_2763409,ERV_2763409_HERVH_int_LTR7B
Clade_2541,HERVH-9_int-9_LTR7B-9
ERV_3676737,ERV_3676737_HERVH_int_LTR7B
Clade_2542,HERVH-8_int-8_LTR7B-8
Clade_2543,HERVH-6_int-6_LTR7B-6
ERV_3567638,ERV_3567638_HERVH_int_LTR7B
Clade_2544,HERVH-5_int-5_LTR7B-5
ERV_3233579,ERV_3233579_HERVH_int_LTR7B
Clade_2545,HERVH-4_int-4_LTR7B-4
Clade_2546,HERVH-2_int-2_LTR7B-2
ERV_3681349,ERV_3681349_HERVH_int_LTR7B
ERV_1642427,ERV_1642427_HERVH_int_LTR7B
Clade_2547,HERVH-2_int-2_LTR7B-2
ERV_3143845,ERV_3143845_HERVH_int_LTR7B
ERV_4333831,ERV_4333831_HERVH_int_LTR7B
Clade_2548,HERVH-2_int-2_LTR7B-2
ERV_2833973,ERV_2833973_HERVH_int_LTR7B
ERV_1430995,ERV_1430995_HERVH_int_LTR7B
Clade_2549,HERVH-44_int-45_LTR7B-40_LTR7-2_LTR7C-1_HUERS-1_P3-1
Clade_2550,HERVH-31_int-31_LTR7B-29_LTR7-1
ERV_3676768,ERV_3676768_HERVH_int_LTR7B
Clade_2551,HERVH-30_int-30_LTR7B-28_LTR7-1
Clade_2552,HERVH-3_int-3_LTR7B-3
ERV_4419414,ERV_4419414_HERVH_int_LTR7B
Clade_2553,HERVH-2_int-2_LTR7B-2
ERV_1496296,ERV_1496296_HERVH_int_LTR7B
ERV_1710800,ERV_1710800_HERVH_int_LTR7B
Clade_2554,HERVH-27_int-27_LTR7B-25_LTR7-1
Clade_2555,HERVH-14_int-14_LTR7B-14
Clade_2556,HERVH-8_int-8_LTR7B-8
Clade_2557,HERVH-2_int-2_LTR7B-2
ERV_3761343,ERV_3761343_HERVH_int_LTR7B
ERV_4289103,ERV_4289103_HERVH_int_LTR7B
Clade_2558,HERVH-6_int-6_LTR7B-6
Clade_2559,HERVH-4_int-4_LTR7B-4
ERV_2144586,ERV_2144586_HERVH_int_LTR7B
Clade_2560,HERVH-3_int-3_LTR7B-3
ERV_3381423,ERV_3381423_HERVH_int_LTR7B
Clade_2561,HERVH-2_int-2_LTR7B-2
ERV_2038821,ERV_2038821_HERVH_int_LTR7B
ERV_2255511,ERV_2255511_HERVH_int_LTR7B
Clade_2562,HERVH-2_int-2_LTR7B-2
ERV_2151229,ERV_2151229_HERVH_int_LTR7B
ERV_2777320,ERV_2777320_HERVH_int_LTR7B
Clade_2563,HERVH-6_int-6_LTR7B-6
Clade_2564,HERVH-4_int-4_LTR7B-4
Clade_2565,HERVH-2_int-2_LTR7B-2
ERV_1632129,ERV_1632129_HERVH_int_LTR7B
ERV_2758275,ERV_2758275_HERVH_int_LTR7B
Clade_2566,HERVH-2_int-2_LTR7B-2
ERV_2524346,ERV_2524346_HERVH_int_LTR7B
ERV_3246228,ERV_3246228_HERVH_int_LTR7B
Clade_2567,HERVH-2_int-2_LTR7B-2
ERV_1088658,ERV_1088658_HERVH_int_LTR7B
ERV_3258272,ERV_3258272_HERVH_int_LTR7B
Clade_2568,HERVH-13_int-13_LTR7B-11_LTR7-1
Clade_2569,HERVH-8_int-8_LTR7B-6_LTR7-1
ERV_3379534,ERV_3379534_HERVH_int_LTR7B
Clade_2570,HERVH-7_int-7_LTR7B-5_LTR7-1
Clade_2571,HERVH-2_int-2_LTR7B-2
ERV_2742602,ERV_2742602_HERVH_int_LTR7B
ERV_1241628,ERV_1241628_HERVH_int_LTR7B
Clade_2572,HERVH-5_int-5_LTR7B-3_LTR7-1
Clade_2573,HERVH-3_int-3_LTR7B-1_LTR7-1
ERV_3398209,ERV_3398209_HERVH_int
Clade_2574,HERVH-2_int-2_LTR7B-1_LTR7-1
ERV_4137279,ERV_4137279_HERVH_int_LTR7B
ERV_3352937,ERV_3352937_LTR7_HERVH_int
Clade_2575,HERVH-2_int-2_LTR7B-2
ERV_4263606,ERV_4263606_HERVH_int_LTR7B
ERV_1282261,ERV_1282261_HERVH_int_LTR7B
Clade_2576,HERVH-5_int-5_LTR7B-5
ERV_2747423,ERV_2747423_HERVH_int_LTR7B
Clade_2577,HERVH-4_int-4_LTR7B-4
ERV_3074832,ERV_3074832_HERVH_int_LTR7B
Clade_2578,HERVH-3_int-3_LTR7B-3
ERV_1092512,ERV_1092512_HERVH_int_LTR7B
Clade_2579,HERVH-2_int-2_LTR7B-2
ERV_3771268,ERV_3771268_HERVH_int_LTR7B
ERV_2335591,ERV_2335591_HERVH_int_LTR7B
Clade_2580,HERVH-13_int-14_LTR7B-11_LTR7-1_LTR7C-1_HUERS-1_P3-1
Clade_2581,HERVH-8_int-9_LTR7B-6_LTR7-1_LTR7C-1_HUERS-1_P3-1
ERV_1896950,ERV_1896950_HERVH_int_LTR7B
Clade_2582,HERVH-7_int-8_LTR7B-5_LTR7-1_LTR7C-1_HUERS-1_P3-1
Clade_2583,HERVH-4_int-4_LTR7B-3_LTR7-1
ERV_4256041,ERV_4256041_HERVH_int
Clade_2584,HERVH-3_int-3_LTR7B-3_LTR7-1
ERV_4368568,ERV_4368568_HERVH_int_LTR7B
Clade_2585,HERVH-2_int-2_LTR7B-2_LTR7-1
ERV_1155895,ERV_1155895_HERVH_int_LTR7B
ERV_3272740,ERV_3272740_LTR7_HERVH_int_LTR7B
Clade_2586,LTR7C-1_HERVH-3_int-4_LTR7B-2_HUERS-1_P3-1
Clade_2587,LTR7C-1_HERVH-2_int-2_LTR7B-1
ERV_2254072,ERV_2254072_LTR7C_HERVH_int
ERV_4443842,ERV_4443842_HERVH_int_LTR7B
Clade_2588,HUERS-1_P3-1_int-2_HERVH-1_LTR7B-1
ERV_1675841,ERV_1675841_HUERS_P3_int
ERV_1150025,ERV_1150025_HERVH_int_LTR7B
Clade_2589,HERVH-5_int-5_LTR7B-5
ERV_4439400,ERV_4439400_HERVH_int_LTR7B
Clade_2590,HERVH-4_int-4_LTR7B-4
Clade_2591,HERVH-2_int-2_LTR7B-2
ERV_4360317,ERV_4360317_HERVH_int_LTR7B
ERV_1617994,ERV_1617994_HERVH_int_LTR7B
Clade_2592,HERVH-2_int-2_LTR7B-2
ERV_2481487,ERV_2481487_HERVH_int_LTR7B
ERV_3884792,ERV_3884792_HERVH_int_LTR7B
Clade_2593,HERVH-2_int-2_LTR7B-1
ERV_2967746,ERV_2967746_HERVH_int
ERV_2515725,ERV_2515725_HERVH_int_LTR7B
Clade_2594,LTR7-2_HERVH-2_int-2
ERV_1252266,ERV_1252266_LTR7_HERVH_int
ERV_3751182,ERV_3751182_LTR7_HERVH_int
Clade_2595,HERVH-14_int-14_LTR7C-10_LTR7B-3
Clade_2596,HERVH-12_int-12_LTR7C-10_LTR7B-1
ERV_3208576,ERV_3208576_HERVH_int
Clade_2597,LTR7C-10_HERVH-11_int-11_LTR7B-1
Clade_2598,LTR7C-6_HERVH-6_int-6
Clade_2599,LTR7C-4_HERVH-4_int-4
ERV_1946039,ERV_1946039_LTR7C_HERVH_int
Clade_2600,LTR7C-3_HERVH-3_int-3
ERV_1853059,ERV_1853059_LTR7C_HERVH_int
Clade_2601,LTR7C-2_HERVH-2_int-2
ERV_1192773,ERV_1192773_LTR7C_HERVH_int
ERV_1510362,ERV_1510362_LTR7C_HERVH_int
Clade_2602,LTR7C-2_HERVH-2_int-2
ERV_4341441,ERV_4341441_LTR7C_HERVH_int
ERV_2696673,ERV_2696673_LTR7C_HERVH_int
Clade_2603,LTR7C-4_HERVH-5_int-5_LTR7B-1
ERV_3942545,ERV_3942545_LTR7C_HERVH_int
Clade_2604,LTR7C-3_HERVH-4_int-4_LTR7B-1
ERV_1596755,ERV_1596755_LTR7C_HERVH_int
Clade_2605,LTR7C-2_HERVH-3_int-3_LTR7B-1
ERV_2915997,ERV_2915997_LTR7C_HERVH_int
Clade_2606,LTR7C-1_HERVH-2_int-2_LTR7B-1
ERV_1823362,ERV_1823362_LTR7C_HERVH_int
ERV_2805120,ERV_2805120_HERVH_int_LTR7B
Clade_2607,HERVH-2_int-2_LTR7B-2
ERV_3442008,ERV_3442008_HERVH_int_LTR7B
ERV_1719443,ERV_1719443_HERVH_int_LTR7B
Clade_2608,LTR7-2_HERVH-2_int-2
ERV_2720623,ERV_2720623_LTR7_HERVH_int
ERV_4342164,ERV_4342164_LTR7_HERVH_int
Clade_2609,LTR7-2_HERVH-2_int-2
ERV_2575965,ERV_2575965_LTR7_HERVH_int
ERV_2845586,ERV_2845586_LTR7_HERVH_int
Clade_2610,LTR7-6_HERVH-6_int-6
Clade_2611,LTR7-2_HERVH-2_int-2
ERV_2053126,ERV_2053126_LTR7_HERVH_int
ERV_2249377,ERV_2249377_LTR7_HERVH_int
Clade_2612,LTR7-4_HERVH-4_int-4
ERV_3256774,ERV_3256774_LTR7_HERVH_int
Clade_2613,LTR7-3_HERVH-3_int-3
ERV_3278233,ERV_3278233_LTR7_HERVH_int
Clade_2614,LTR7-2_HERVH-2_int-2
ERV_3466676,ERV_3466676_LTR7_HERVH_int
ERV_3467745,ERV_3467745_LTR7_HERVH_int
Clade_2615,LTR7-5_HERVH-5_int-5
Clade_2616,LTR7-2_HERVH-2_int-2
ERV_2812716,ERV_2812716_LTR7_HERVH_int
ERV_4257994,ERV_4257994_LTR7_HERVH_int
Clade_2617,LTR7-3_HERVH-3_int-3
ERV_1257287,ERV_1257287_LTR7_HERVH_int
Clade_2618,LTR7-2_HERVH-2_int-2
ERV_2202081,ERV_2202081_LTR7_HERVH_int
ERV_1436320,ERV_1436320_LTR7_HERVH_int
Clade_2619,LTR7-1_HERVH-2_int-2_LTR7B-1_LTR7A-1
ERV_2208625,ERV_2208625_LTR7_HERVH_int
ERV_4311200,ERV_4311200_HERVH_int_LTR7B_LTR7A
Clade_2620,LTR7-9_HERVH-9_int-9
Clade_2621,LTR7-2_HERVH-2_int-2
ERV_4111570,ERV_4111570_LTR7_HERVH_int
ERV_3271852,ERV_3271852_LTR7_HERVH_int
Clade_2622,LTR7-7_HERVH-7_int-7
ERV_3516970,ERV_3516970_LTR7_HERVH_int
Clade_2623,LTR7-6_HERVH-6_int-6
ERV_1404999,ERV_1404999_LTR7_HERVH_int
Clade_2624,LTR7-5_HERVH-5_int-5
Clade_2625,LTR7-2_HERVH-2_int-2
ERV_1341792,ERV_1341792_LTR7_HERVH_int
ERV_3467628,ERV_3467628_LTR7_HERVH_int
Clade_2626,LTR7-3_HERVH-3_int-3
ERV_4288413,ERV_4288413_LTR7_HERVH_int
Clade_2627,LTR7-2_HERVH-2_int-2
ERV_3360830,ERV_3360830_LTR7_HERVH_int
ERV_4016539,ERV_4016539_LTR7_HERVH_int
Clade_2628,LTR7-2_HERVH-2_int-2
ERV_2645213,ERV_2645213_LTR7_HERVH_int
ERV_1940047,ERV_1940047_LTR7_HERVH_int
Clade_2629,LTR7-16_HERVH-16_int-16
Clade_2630,LTR7-5_HERVH-5_int-5
ERV_3001113,ERV_3001113_LTR7_HERVH_int
Clade_2631,LTR7-4_HERVH-4_int-4
ERV_2959296,ERV_2959296_LTR7_HERVH_int
Clade_2632,LTR7-3_HERVH-3_int-3
ERV_1719904,ERV_1719904_LTR7_HERVH_int
Clade_2633,LTR7-2_HERVH-2_int-2
ERV_4272729,ERV_4272729_LTR7_HERVH_int
ERV_4379364,ERV_4379364_LTR7_HERVH_int
Clade_2634,LTR7-11_HERVH-11_int-11
Clade_2635,LTR7-2_HERVH-2_int-2
ERV_4060952,ERV_4060952_LTR7_HERVH_int
ERV_2724200,ERV_2724200_LTR7_HERVH_int
Clade_2636,LTR7-9_HERVH-9_int-9
Clade_2637,LTR7-7_HERVH-7_int-7
ERV_3573973,ERV_3573973_LTR7_HERVH_int
Clade_2638,LTR7-6_HERVH-6_int-6
Clade_2639,LTR7-2_HERVH-2_int-2
ERV_2757964,ERV_2757964_LTR7_HERVH_int
ERV_1221389,ERV_1221389_LTR7_HERVH_int
Clade_2640,LTR7-4_HERVH-4_int-4
ERV_2186793,ERV_2186793_LTR7_HERVH_int
Clade_2641,LTR7-3_HERVH-3_int-3
ERV_2029808,ERV_2029808_LTR7_HERVH_int
Clade_2642,LTR7-2_HERVH-2_int-2
ERV_1095867,ERV_1095867_LTR7_HERVH_int
ERV_3360766,ERV_3360766_LTR7_HERVH_int
Clade_2643,LTR7-2_HERVH-2_int-2
ERV_2087276,ERV_2087276_LTR7_HERVH_int
ERV_3130248,ERV_3130248_LTR7_HERVH_int
Clade_2644,LTR7-7_HERVH-7_int-7
Clade_2645,LTR7-3_HERVH-3_int-3
ERV_2935653,ERV_2935653_LTR7_HERVH_int
Clade_2646,LTR7-2_HERVH-2_int-2
ERV_3665282,ERV_3665282_LTR7_HERVH_int
ERV_3701538,ERV_3701538_LTR7_HERVH_int
Clade_2647,LTR7-4_HERVH-4_int-4
ERV_1905580,ERV_1905580_LTR7_HERVH_int
Clade_2648,LTR7-3_HERVH-3_int-3
ERV_3923836,ERV_3923836_LTR7_HERVH_int
Clade_2649,LTR7-2_HERVH-2_int-2
ERV_1122233,ERV_1122233_LTR7_HERVH_int
ERV_3150468,ERV_3150468_LTR7_HERVH_int
Clade_2650,LTR7-66_HERVH-66_int-66_LTR7B-3
Clade_2651,LTR7-11_HERVH-11_int-11_LTR7B-1
ERV_1029535,ERV_1029535_LTR7_HERVH_int
Clade_2652,LTR7-10_HERVH-10_int-10_LTR7B-1
Clade_2653,LTR7-6_HERVH-6_int-6_LTR7B-1
Clade_2654,LTR7-4_HERVH-4_int-4_LTR7B-1
ERV_2166444,ERV_2166444_LTR7_HERVH_int
Clade_2655,LTR7-3_HERVH-3_int-3_LTR7B-1
ERV_2936854,ERV_2936854_LTR7_HERVH_int
Clade_2656,LTR7-2_HERVH-2_int-2_LTR7B-1
ERV_3185473,ERV_3185473_LTR7_HERVH_int
ERV_3185472,ERV_3185472_LTR7_HERVH_int_LTR7B
Clade_2657,LTR7-2_HERVH-2_int-2
ERV_3903592,ERV_3903592_LTR7_HERVH_int
ERV_2632180,ERV_2632180_LTR7_HERVH_int
Clade_2658,LTR7-4_HERVH-4_int-4
ERV_3392077,ERV_3392077_LTR7_HERVH_int
Clade_2659,LTR7-3_HERVH-3_int-3
ERV_3863526,ERV_3863526_LTR7_HERVH_int
Clade_2660,LTR7-2_HERVH-2_int-2
ERV_2899170,ERV_2899170_LTR7_HERVH_int
ERV_2685671,ERV_2685671_LTR7_HERVH_int
Clade_2661,LTR7-55_HERVH-55_int-55_LTR7B-2
Clade_2662,LTR7-49_HERVH-49_int-49_LTR7B-2
Clade_2663,LTR7-42_HERVH-42_int-42_LTR7B-2
Clade_2664,LTR7-39_HERVH-39_int-39_LTR7B-2
Clade_2665,LTR7-13_HERVH-13_int-13_LTR7B-1
Clade_2666,LTR7-9_HERVH-9_int-9_LTR7B-1
ERV_2378265,ERV_2378265_LTR7_HERVH_int
Clade_2667,LTR7-8_HERVH-8_int-8_LTR7B-1
Clade_2668,LTR7-4_HERVH-4_int-4_LTR7B-1
ERV_2140091,ERV_2140091_LTR7_HERVH_int_LTR7B
Clade_2669,LTR7-3_HERVH-3_int-3
ERV_1348929,ERV_1348929_LTR7_HERVH_int
Clade_2670,LTR7-2_HERVH-2_int-2
ERV_1186809,ERV_1186809_LTR7_HERVH_int
ERV_3284608,ERV_3284608_LTR7_HERVH_int
Clade_2671,LTR7-4_HERVH-4_int-4
ERV_2149715,ERV_2149715_LTR7_HERVH_int
Clade_2672,LTR7-3_HERVH-3_int-3
ERV_4165634,ERV_4165634_LTR7_HERVH_int
Clade_2673,LTR7-2_HERVH-2_int-2
ERV_1325048,ERV_1325048_LTR7_HERVH_int
ERV_2444330,ERV_2444330_LTR7_HERVH_int
Clade_2674,LTR7-4_HERVH-4_int-4
Clade_2675,LTR7-2_HERVH-2_int-2
ERV_1769467,ERV_1769467_LTR7_HERVH_int
ERV_3050431,ERV_3050431_LTR7_HERVH_int
Clade_2676,LTR7-2_HERVH-2_int-2
ERV_3660419,ERV_3660419_LTR7_HERVH_int
ERV_4405265,ERV_4405265_LTR7_HERVH_int
Clade_2677,LTR7-26_HERVH-26_int-26_LTR7B-1
Clade_2678,LTR7-23_HERVH-23_int-23_LTR7B-1
Clade_2679,LTR7-20_HERVH-20_int-20
Clade_2680,LTR7-14_HERVH-14_int-14
Clade_2681,LTR7-12_HERVH-12_int-12
Clade_2682,LTR7-5_HERVH-5_int-5
ERV_3573600,ERV_3573600_LTR7_HERVH_int
Clade_2683,LTR7-4_HERVH-4_int-4
ERV_4396227,ERV_4396227_LTR7_HERVH_int
Clade_2684,LTR7-3_HERVH-3_int-3
ERV_3043043,ERV_3043043_LTR7_HERVH_int
Clade_2685,LTR7-2_HERVH-2_int-2
ERV_4297615,ERV_4297615_LTR7_HERVH_int
ERV_2769360,ERV_2769360_LTR7_HERVH_int
Clade_2686,LTR7-7_HERVH-7_int-7
Clade_2687,LTR7-2_HERVH-2_int-2
ERV_2068836,ERV_2068836_LTR7_HERVH_int
ERV_3643914,ERV_3643914_LTR7_HERVH_int
Clade_2688,LTR7-5_HERVH-5_int-5
Clade_2689,LTR7-3_HERVH-3_int-3
ERV_3355927,ERV_3355927_LTR7_HERVH_int
Clade_2690,LTR7-2_HERVH-2_int-2
ERV_2388751,ERV_2388751_LTR7_HERVH_int
ERV_3460528,ERV_3460528_LTR7_HERVH_int
Clade_2691,LTR7-2_HERVH-2_int-2
ERV_3013387,ERV_3013387_LTR7_HERVH_int
ERV_2372994,ERV_2372994_LTR7_HERVH_int
Clade_2692,LTR7-2_HERVH-2_int-2
ERV_1713969,ERV_1713969_LTR7_HERVH_int
ERV_2681649,ERV_2681649_LTR7_HERVH_int
Clade_2693,LTR7-6_HERVH-6_int-6
Clade_2694,LTR7-3_HERVH-3_int-3
ERV_2861060,ERV_2861060_LTR7_HERVH_int
Clade_2695,LTR7-2_HERVH-2_int-2
ERV_4342418,ERV_4342418_LTR7_HERVH_int
ERV_2037763,ERV_2037763_LTR7_HERVH_int
Clade_2696,LTR7-3_HERVH-3_int-3
ERV_4226263,ERV_4226263_LTR7_HERVH_int
Clade_2697,LTR7-2_HERVH-2_int-2
ERV_4008980,ERV_4008980_LTR7_HERVH_int
ERV_2542935,ERV_2542935_LTR7_HERVH_int
Clade_2698,LTR7-3_HERVH-3_int-3_LTR7B-1
ERV_1897082,ERV_1897082_LTR7_HERVH_int
Clade_2699,LTR7-2_HERVH-2_int-2_LTR7B-1
ERV_2997631,ERV_2997631_LTR7_HERVH_int_LTR7B
ERV_3585049,ERV_3585049_LTR7_HERVH_int
Clade_2700,LTR7-3_HERVH-3_int-3
ERV_3363946,ERV_3363946_LTR7_HERVH_int
Clade_2701,LTR7-2_HERVH-2_int-2
ERV_2875079,ERV_2875079_LTR7_HERVH_int
ERV_2759059,ERV_2759059_LTR7_HERVH_int
Clade_2702,LTR7-3_HERVH-3_int-3
ERV_4297379,ERV_4297379_LTR7_HERVH_int
Clade_2703,LTR7-2_HERVH-2_int-2
ERV_1107814,ERV_1107814_LTR7_HERVH_int
ERV_1018595,ERV_1018595_LTR7_HERVH_int
Clade_2704,LTR7-7_HERVH-7_int-7
Clade_2705,LTR7-2_HERVH-2_int-2
ERV_3920794,ERV_3920794_LTR7_HERVH_int
ERV_1332663,ERV_1332663_LTR7_HERVH_int
Clade_2706,LTR7-5_HERVH-5_int-5
ERV_3021706,ERV_3021706_LTR7_HERVH_int
Clade_2707,LTR7-4_HERVH-4_int-4
ERV_3906672,ERV_3906672_LTR7_HERVH_int
Clade_2708,LTR7-3_HERVH-3_int-3
ERV_2617558,ERV_2617558_LTR7_HERVH_int
Clade_2709,LTR7-2_HERVH-2_int-2
ERV_4224993,ERV_4224993_LTR7_HERVH_int
ERV_4225079,ERV_4225079_LTR7_HERVH_int
Clade_2710,LTR7-6_HERVH-6_int-6
ERV_1940865,ERV_1940865_LTR7_HERVH_int
Clade_2711,LTR7-5_HERVH-5_int-5
ERV_3921744,ERV_3921744_LTR7_HERVH_int
Clade_2712,LTR7-4_HERVH-4_int-4
Clade_2713,LTR7-2_HERVH-2_int-2
ERV_4036865,ERV_4036865_LTR7_HERVH_int
ERV_1330635,ERV_1330635_LTR7_HERVH_int
Clade_2714,LTR7-2_HERVH-2_int-2
ERV_2230432,ERV_2230432_LTR7_HERVH_int
ERV_1246334,ERV_1246334_LTR7_HERVH_int
Clade_2715,LTR7-10_HERVH-10_int-10
ERV_2354567,ERV_2354567_LTR7_HERVH_int
Clade_2716,LTR7-9_HERVH-9_int-9
ERV_3019504,ERV_3019504_LTR7_HERVH_int
Clade_2717,LTR7-8_HERVH-8_int-8
Clade_2718,LTR7-5_HERVH-5_int-5
Clade_2719,LTR7-2_HERVH-2_int-2
ERV_2397218,ERV_2397218_LTR7_HERVH_int
ERV_1045157,ERV_1045157_LTR7_HERVH_int
Clade_2720,LTR7-3_HERVH-3_int-3
ERV_1779226,ERV_1779226_LTR7_HERVH_int
Clade_2721,LTR7-2_HERVH-2_int-2
ERV_3033523,ERV_3033523_LTR7_HERVH_int
ERV_1046464,ERV_1046464_LTR7_HERVH_int
Clade_2722,LTR7-3_HERVH-3_int-3
ERV_2138716,ERV_2138716_LTR7_HERVH_int
Clade_2723,LTR7-2_HERVH-2_int-2
ERV_4135240,ERV_4135240_LTR7_HERVH_int
ERV_4387715,ERV_4387715_LTR7_HERVH_int
Clade_2724,LTR7-2_HERVH-2_int-2
ERV_3301059,ERV_3301059_LTR7_HERVH_int
ERV_3069893,ERV_3069893_LTR7_HERVH_int
Clade_2725,LTR7-100_HERVH-100_int-100_LTR7B-1
Clade_2726,LTR7-64_HERVH-64_int-64
ERV_1683202,ERV_1683202_LTR7_HERVH_int
Clade_2727,LTR7-63_HERVH-63_int-63
Clade_2728,LTR7-39_HERVH-39_int-39
Clade_2729,LTR7-33_HERVH-33_int-33
Clade_2730,LTR7-12_HERVH-12_int-12
Clade_2731,LTR7-8_HERVH-8_int-8
Clade_2732,LTR7-2_HERVH-2_int-2
ERV_1980273,ERV_1980273_LTR7_HERVH_int
ERV_2904325,ERV_2904325_LTR7_HERVH_int
Clade_2733,LTR7-6_HERVH-6_int-6
Clade_2734,LTR7-4_HERVH-4_int-4
ERV_2878956,ERV_2878956_LTR7_HERVH_int
Clade_2735,LTR7-3_HERVH-3_int-3
ERV_3426694,ERV_3426694_LTR7_HERVH_int
Clade_2736,LTR7-2_HERVH-2_int-2
ERV_2998774,ERV_2998774_LTR7_HERVH_int
ERV_1961082,ERV_1961082_LTR7_HERVH_int
Clade_2737,LTR7-2_HERVH-2_int-2
ERV_2140506,ERV_2140506_LTR7_HERVH_int
ERV_3384474,ERV_3384474_LTR7_HERVH_int
Clade_2738,LTR7-4_HERVH-4_int-4
ERV_3784947,ERV_3784947_LTR7_HERVH_int
Clade_2739,LTR7-3_HERVH-3_int-3
ERV_2664344,ERV_2664344_LTR7_HERVH_int
Clade_2740,LTR7-2_HERVH-2_int-2
ERV_1247542,ERV_1247542_LTR7_HERVH_int
ERV_3537846,ERV_3537846_LTR7_HERVH_int
Clade_2741,LTR7-21_HERVH-21_int-21
Clade_2742,LTR7-12_HERVH-12_int-12
Clade_2743,LTR7-9_HERVH-9_int-9
ERV_3406547,ERV_3406547_LTR7_HERVH_int
Clade_2744,LTR7-8_HERVH-8_int-8
Clade_2745,LTR7-3_HERVH-3_int-3
ERV_3376898,ERV_3376898_LTR7_HERVH_int
Clade_2746,LTR7-2_HERVH-2_int-2
ERV_3324485,ERV_3324485_LTR7_HERVH_int
ERV_4425509,ERV_4425509_LTR7_HERVH_int
Clade_2747,LTR7-5_HERVH-5_int-5
ERV_3134893,ERV_3134893_LTR7_HERVH_int
Clade_2748,LTR7-4_HERVH-4_int-4
ERV_2497551,ERV_2497551_LTR7_HERVH_int
Clade_2749,LTR7-3_HERVH-3_int-3
ERV_2789392,ERV_2789392_LTR7_HERVH_int
Clade_2750,LTR7-2_HERVH-2_int-2
ERV_2603326,ERV_2603326_LTR7_HERVH_int
ERV_3563217,ERV_3563217_LTR7_HERVH_int
Clade_2751,LTR7-3_HERVH-3_int-3
ERV_2236810,ERV_2236810_LTR7_HERVH_int
Clade_2752,LTR7-2_HERVH-2_int-2
ERV_2101030,ERV_2101030_LTR7_HERVH_int
ERV_2101094,ERV_2101094_LTR7_HERVH_int
Clade_2753,LTR7-9_HERVH-9_int-9
ERV_1044459,ERV_1044459_LTR7_HERVH_int
Clade_2754,LTR7-8_HERVH-8_int-8
Clade_2755,LTR7-5_HERVH-5_int-5
ERV_3322670,ERV_3322670_LTR7_HERVH_int
Clade_2756,LTR7-4_HERVH-4_int-4
ERV_3012620,ERV_3012620_LTR7_HERVH_int
Clade_2757,LTR7-3_HERVH-3_int-3
ERV_4333705,ERV_4333705_LTR7_HERVH_int
Clade_2758,LTR7-2_HERVH-2_int-2
ERV_2897874,ERV_2897874_LTR7_HERVH_int
ERV_2209696,ERV_2209696_LTR7_HERVH_int
Clade_2759,LTR7-3_HERVH-3_int-3
ERV_3117627,ERV_3117627_LTR7_HERVH_int
Clade_2760,LTR7-2_HERVH-2_int-2
ERV_3298102,ERV_3298102_LTR7_HERVH_int
ERV_2113455,ERV_2113455_LTR7_HERVH_int
Clade_2761,LTR7-6_HERVH-6_int-6
Clade_2762,LTR7-4_HERVH-4_int-4
Clade_2763,LTR7-2_HERVH-2_int-2
ERV_1222667,ERV_1222667_LTR7_HERVH_int
ERV_3636699,ERV_3636699_LTR7_HERVH_int
Clade_2764,LTR7-2_HERVH-2_int-2
ERV_2927403,ERV_2927403_LTR7_HERVH_int
ERV_2929330,ERV_2929330_LTR7_HERVH_int
Clade_2765,LTR7-2_HERVH-2_int-2
ERV_2903000,ERV_2903000_LTR7_HERVH_int
ERV_3396831,ERV_3396831_LTR7_HERVH_int
Clade_2766,LTR7-24_HERVH-24_int-24
Clade_2767,LTR7-20_HERVH-20_int-20
Clade_2768,LTR7-17_HERVH-17_int-17
Clade_2769,LTR7-10_HERVH-10_int-10
Clade_2770,LTR7-5_HERVH-5_int-5
ERV_4327304,ERV_4327304_LTR7_HERVH_int
Clade_2771,LTR7-4_HERVH-4_int-4
ERV_4402784,ERV_4402784_LTR7_HERVH_int
Clade_2772,LTR7-3_HERVH-3_int-3
ERV_1739269,ERV_1739269_LTR7_HERVH_int
Clade_2773,LTR7-2_HERVH-2_int-2
ERV_3394113,ERV_3394113_LTR7_HERVH_int
ERV_4266311,ERV_4266311_LTR7_HERVH_int
Clade_2774,LTR7-5_HERVH-5_int-5
Clade_2775,LTR7-2_HERVH-2_int-2
ERV_3408809,ERV_3408809_LTR7_HERVH_int
ERV_3408640,ERV_3408640_LTR7_HERVH_int
Clade_2776,LTR7-3_HERVH-3_int-3
ERV_1853062,ERV_1853062_LTR7_HERVH_int
Clade_2777,LTR7-2_HERVH-2_int-2
ERV_3064855,ERV_3064855_LTR7_HERVH_int
ERV_2781987,ERV_2781987_LTR7_HERVH_int
Clade_2778,LTR7-7_HERVH-7_int-7
ERV_2923025,ERV_2923025_LTR7_HERVH_int
Clade_2779,LTR7-6_HERVH-6_int-6
ERV_2527073,ERV_2527073_LTR7_HERVH_int
Clade_2780,LTR7-5_HERVH-5_int-5
Clade_2781,LTR7-3_HERVH-3_int-3
ERV_2753552,ERV_2753552_LTR7_HERVH_int
Clade_2782,LTR7-2_HERVH-2_int-2
ERV_1031099,ERV_1031099_LTR7_HERVH_int
ERV_1221656,ERV_1221656_LTR7_HERVH_int
Clade_2783,LTR7-2_HERVH-2_int-2
ERV_2690286,ERV_2690286_LTR7_HERVH_int
ERV_3022340,ERV_3022340_LTR7_HERVH_int
Clade_2784,LTR7-3_HERVH-3_int-3
ERV_3031643,ERV_3031643_LTR7_HERVH_int
Clade_2785,LTR7-2_HERVH-2_int-2
ERV_4270173,ERV_4270173_LTR7_HERVH_int
ERV_4418374,ERV_4418374_LTR7_HERVH_int
Clade_2786,LTR7-4_HERVH-4_int-4
ERV_2655780,ERV_2655780_LTR7_HERVH_int
Clade_2787,LTR7-3_HERVH-3_int-3
ERV_2779015,ERV_2779015_LTR7_HERVH_int
Clade_2788,LTR7-2_HERVH-2_int-2
ERV_3664272,ERV_3664272_LTR7_HERVH_int
ERV_2678490,ERV_2678490_LTR7_HERVH_int
Clade_2789,LTR7-36_HERVH-36_int-36_LTR7B-1
Clade_2790,LTR7-3_HERVH-3_int-3
ERV_4343427,ERV_4343427_LTR7_HERVH_int
Clade_2791,LTR7-2_HERVH-2_int-2
ERV_3522196,ERV_3522196_LTR7_HERVH_int
ERV_1059549,ERV_1059549_LTR7_HERVH_int
Clade_2792,LTR7-33_HERVH-33_int-33_LTR7B-1
ERV_2885898,ERV_2885898_LTR7_HERVH_int
Clade_2793,LTR7-32_HERVH-32_int-32_LTR7B-1
Clade_2794,LTR7-30_HERVH-30_int-30_LTR7B-1
Clade_2795,LTR7-3_HERVH-3_int-3
ERV_3967606,ERV_3967606_LTR7_HERVH_int
Clade_2796,LTR7-2_HERVH-2_int-2
ERV_4301387,ERV_4301387_LTR7_HERVH_int
ERV_1710537,ERV_1710537_LTR7_HERVH_int
Clade_2797,LTR7-27_HERVH-27_int-27_LTR7B-1
ERV_3906173,ERV_3906173_LTR7_HERVH_int
Clade_2798,LTR7-26_HERVH-26_int-26_LTR7B-1
Clade_2799,LTR7-8_HERVH-8_int-8
Clade_2800,LTR7-6_HERVH-6_int-6
Clade_2801,LTR7-3_HERVH-3_int-3
ERV_3422480,ERV_3422480_LTR7_HERVH_int
Clade_2802,LTR7-2_HERVH-2_int-2
ERV_2072492,ERV_2072492_LTR7_HERVH_int
ERV_3636916,ERV_3636916_LTR7_HERVH_int
Clade_2803,LTR7-3_HERVH-3_int-3
ERV_1332662,ERV_1332662_LTR7_HERVH_int
Clade_2804,LTR7-2_HERVH-2_int-2
ERV_2687897,ERV_2687897_LTR7_HERVH_int
ERV_4177979,ERV_4177979_LTR7_HERVH_int
Clade_2805,LTR7-2_HERVH-2_int-2
ERV_3769058,ERV_3769058_LTR7_HERVH_int
ERV_1171870,ERV_1171870_LTR7_HERVH_int
Clade_2806,LTR7-18_HERVH-18_int-18_LTR7B-1
Clade_2807,LTR7-14_HERVH-14_int-14
Clade_2808,LTR7-11_HERVH-11_int-11
Clade_2809,LTR7-8_HERVH-8_int-8
Clade_2810,LTR7-2_HERVH-2_int-2
ERV_3150599,ERV_3150599_LTR7_HERVH_int
ERV_2764355,ERV_2764355_LTR7_HERVH_int
Clade_2811,LTR7-6_HERVH-6_int-6
ERV_2616572,ERV_2616572_LTR7_HERVH_int
Clade_2812,LTR7-5_HERVH-5_int-5
Clade_2813,LTR7-3_HERVH-3_int-3
ERV_1112354,ERV_1112354_LTR7_HERVH_int
Clade_2814,LTR7-2_HERVH-2_int-2
ERV_1818045,ERV_1818045_LTR7_HERVH_int
ERV_3042518,ERV_3042518_LTR7_HERVH_int
Clade_2815,LTR7-2_HERVH-2_int-2
ERV_2199728,ERV_2199728_LTR7_HERVH_int
ERV_2658297,ERV_2658297_LTR7_HERVH_int
Clade_2816,LTR7-3_HERVH-3_int-3
ERV_4209410,ERV_4209410_LTR7_HERVH_int
Clade_2817,LTR7-2_HERVH-2_int-2
ERV_2617562,ERV_2617562_LTR7_HERVH_int
ERV_2796868,ERV_2796868_LTR7_HERVH_int
Clade_2818,LTR7-3_HERVH-3_int-3
ERV_4307710,ERV_4307710_LTR7_HERVH_int
Clade_2819,LTR7-2_HERVH-2_int-2
ERV_2781895,ERV_2781895_LTR7_HERVH_int
ERV_2168930,ERV_2168930_LTR7_HERVH_int
Clade_2820,LTR7-4_HERVH-4_int-4_LTR7B-1
ERV_2157049,ERV_2157049_LTR7_HERVH_int_LTR7B
Clade_2821,LTR7-3_HERVH-3_int-3
ERV_2763178,ERV_2763178_LTR7_HERVH_int
Clade_2822,LTR7-2_HERVH-2_int-2
ERV_4333803,ERV_4333803_LTR7_HERVH_int
ERV_3132785,ERV_3132785_LTR7_HERVH_int
Clade_2823,LTR7-2_HERVH-2_int-2
ERV_2617018,ERV_2617018_LTR7_HERVH_int
ERV_1719664,ERV_1719664_LTR7_HERVH_int
Clade_2824,LTR7-1_HERVH-2_int-2_LTR7A-1
ERV_3404739,ERV_3404739_LTR7_HERVH_int
ERV_4282551,ERV_4282551_HERVH_int_LTR7A
Clade_2825,LTR7-17_HERVH-19_int-19_LTR7Y-1
Clade_2826,LTR7-2_HERVH-2_int-2
ERV_2767778,ERV_2767778_LTR7_HERVH_int
ERV_2041653,ERV_2041653_LTR7_HERVH_int
Clade_2827,LTR7-15_HERVH-17_int-17_LTR7Y-1
ERV_2495957,ERV_2495957_LTR7_HERVH_int
Clade_2828,LTR7-14_HERVH-16_int-16_LTR7Y-1
ERV_1782425,ERV_1782425_LTR7_HERVH_int
Clade_2829,LTR7-13_HERVH-15_int-15_LTR7Y-1
Clade_2830,LTR7-2_HERVH-2_int-2
ERV_2641953,ERV_2641953_LTR7_HERVH_int
ERV_3532089,ERV_3532089_LTR7_HERVH_int
Clade_2831,LTR7-11_HERVH-13_int-13_LTR7Y-1
ERV_1773329,ERV_1773329_LTR7_HERVH_int
Clade_2832,LTR7-10_HERVH-12_int-12_LTR7Y-1
ERV_1520486,ERV_1520486_LTR7_HERVH_int
Clade_2833,LTR7-9_HERVH-11_int-11_LTR7Y-1
Clade_2834,LTR7-2_HERVH-2_int-2
ERV_4065070,ERV_4065070_LTR7_HERVH_int
ERV_2226967,ERV_2226967_LTR7_HERVH_int
Clade_2835,LTR7-7_HERVH-9_int-9_LTR7Y-1
ERV_4033339,ERV_4033339_LTR7_HERVH_int
Clade_2836,LTR7-6_HERVH-8_int-8_LTR7Y-1
ERV_2214485,ERV_2214485_LTR7_HERVH_int
Clade_2837,LTR7-5_HERVH-7_int-7_LTR7Y-1
Clade_2838,LTR7-3_HERVH-3_int-3
ERV_4250312,ERV_4250312_LTR7_HERVH_int
Clade_2839,LTR7-2_HERVH-2_int-2
ERV_4428766,ERV_4428766_LTR7_HERVH_int
ERV_4444513,ERV_4444513_LTR7_HERVH_int
Clade_2840,LTR7-2_HERVH-4_int-4_LTR7Y-1
ERV_1879509,ERV_1879509_LTR7_HERVH_int
Clade_2841,HERVH-3_int-3_LTR7Y-1_LTR7-1
ERV_2425136,ERV_2425136_HERVH_int_LTR7Y
Clade_2842,LTR7-1_HERVH-2_int-2
ERV_4100521,ERV_4100521_LTR7_HERVH_int
ERV_1514779,ERV_1514779_HERVH_int
Clade_2843,HERVH-196_int-196_LTR7-102_LTR7Y-64_LTR7B-32
Clade_2844,HERVH-191_int-191_LTR7-97_LTR7Y-64_LTR7B-32
Clade_2845,HERVH-165_int-165_LTR7-71_LTR7Y-63_LTR7B-32
Clade_2846,HERVH-47_int-47_LTR7-46
Clade_2847,HERVH-8_int-8_LTR7-7
ERV_1821110,ERV_1821110_LTR7_HERVH_int
Clade_2848,HERVH-7_int-7_LTR7-6
ERV_4075384,ERV_4075384_HERVH_int
Clade_2849,LTR7-6_HERVH-6_int-6
ERV_3368330,ERV_3368330_LTR7_HERVH_int
Clade_2850,LTR7-5_HERVH-5_int-5
Clade_2851,LTR7-3_HERVH-3_int-3
ERV_1150488,ERV_1150488_LTR7_HERVH_int
Clade_2852,LTR7-2_HERVH-2_int-2
ERV_3270375,ERV_3270375_LTR7_HERVH_int
ERV_1088513,ERV_1088513_LTR7_HERVH_int
Clade_2853,LTR7-2_HERVH-2_int-2
ERV_1021404,ERV_1021404_LTR7_HERVH_int
ERV_1966699,ERV_1966699_LTR7_HERVH_int
Clade_2854,LTR7-39_HERVH-39_int-39
Clade_2855,LTR7-2_HERVH-2_int-2
ERV_1731870,ERV_1731870_LTR7_HERVH_int
ERV_2164422,ERV_2164422_LTR7_HERVH_int
Clade_2856,LTR7-37_HERVH-37_int-37
Clade_2857,LTR7-12_HERVH-12_int-12
ERV_2656475,ERV_2656475_LTR7_HERVH_int
Clade_2858,LTR7-11_HERVH-11_int-11
Clade_2859,LTR7-9_HERVH-9_int-9
ERV_1490949,ERV_1490949_LTR7_HERVH_int
Clade_2860,LTR7-8_HERVH-8_int-8
ERV_1854478,ERV_1854478_LTR7_HERVH_int
Clade_2861,LTR7-7_HERVH-7_int-7
Clade_2862,LTR7-2_HERVH-2_int-2
ERV_4389674,ERV_4389674_LTR7_HERVH_int
ERV_2982865,ERV_2982865_LTR7_HERVH_int
Clade_2863,LTR7-5_HERVH-5_int-5
ERV_1391082,ERV_1391082_LTR7_HERVH_int
Clade_2864,LTR7-4_HERVH-4_int-4
ERV_2087579,ERV_2087579_LTR7_HERVH_int
Clade_2865,LTR7-3_HERVH-3_int-3
ERV_2700836,ERV_2700836_LTR7_HERVH_int
Clade_2866,LTR7-2_HERVH-2_int-2
ERV_4437330,ERV_4437330_LTR7_HERVH_int
ERV_4375754,ERV_4375754_LTR7_HERVH_int
Clade_2867,LTR7-2_HERVH-2_int-2
ERV_1540629,ERV_1540629_LTR7_HERVH_int
ERV_4018188,ERV_4018188_LTR7_HERVH_int
Clade_2868,LTR7-25_HERVH-25_int-25
Clade_2869,LTR7-3_HERVH-3_int-3
ERV_3523119,ERV_3523119_LTR7_HERVH_int
Clade_2870,LTR7-2_HERVH-2_int-2
ERV_3000907,ERV_3000907_LTR7_HERVH_int
ERV_3214882,ERV_3214882_LTR7_HERVH_int
Clade_2871,LTR7-22_HERVH-22_int-22
Clade_2872,LTR7-19_HERVH-19_int-19
ERV_3996431,ERV_3996431_LTR7_HERVH_int
Clade_2873,LTR7-18_HERVH-18_int-18
ERV_2771217,ERV_2771217_LTR7_HERVH_int
Clade_2874,LTR7-17_HERVH-17_int-17
Clade_2875,LTR7-15_HERVH-15_int-15
ERV_3066788,ERV_3066788_LTR7_HERVH_int
Clade_2876,LTR7-14_HERVH-14_int-14
Clade_2877,LTR7-10_HERVH-10_int-10
Clade_2878,LTR7-6_HERVH-6_int-6
ERV_4201590,ERV_4201590_LTR7_HERVH_int
Clade_2879,LTR7-5_HERVH-5_int-5
Clade_2880,LTR7-3_HERVH-3_int-3
ERV_2296653,ERV_2296653_LTR7_HERVH_int
Clade_2881,LTR7-2_HERVH-2_int-2
ERV_4375214,ERV_4375214_LTR7_HERVH_int
ERV_4436912,ERV_4436912_LTR7_HERVH_int
Clade_2882,LTR7-2_HERVH-2_int-2
ERV_2227024,ERV_2227024_LTR7_HERVH_int
ERV_2908732,ERV_2908732_LTR7_HERVH_int
Clade_2883,LTR7-4_HERVH-4_int-4
Clade_2884,LTR7-2_HERVH-2_int-2
ERV_4270019,ERV_4270019_LTR7_HERVH_int
ERV_4418217,ERV_4418217_LTR7_HERVH_int
Clade_2885,LTR7-2_HERVH-2_int-2
ERV_4129742,ERV_4129742_LTR7_HERVH_int
ERV_2161683,ERV_2161683_LTR7_HERVH_int
Clade_2886,LTR7-4_HERVH-4_int-4
ERV_3056226,ERV_3056226_LTR7_HERVH_int
Clade_2887,LTR7-3_HERVH-3_int-3
ERV_2694829,ERV_2694829_LTR7_HERVH_int
Clade_2888,LTR7-2_HERVH-2_int-2
ERV_2772070,ERV_2772070_LTR7_HERVH_int
ERV_2689314,ERV_2689314_LTR7_HERVH_int
Clade_2889,LTR7-2_HERVH-2_int-2
ERV_1968737,ERV_1968737_LTR7_HERVH_int
ERV_3523147,ERV_3523147_LTR7_HERVH_int
Clade_2890,LTR7-3_HERVH-3_int-3
ERV_2809223,ERV_2809223_LTR7_HERVH_int
Clade_2891,LTR7-2_HERVH-2_int-2
ERV_3286881,ERV_3286881_LTR7_HERVH_int
ERV_2009627,ERV_2009627_LTR7_HERVH_int
Clade_2892,LTR7-25_HERVH-118_int-118_LTR7Y-63_LTR7B-32
Clade_2893,LTR7-7_HERVH-7_int-7
Clade_2894,LTR7-5_HERVH-5_int-5
Clade_2895,LTR7-2_HERVH-2_int-2
ERV_3119886,ERV_3119886_LTR7_HERVH_int
ERV_2961139,ERV_2961139_LTR7_HERVH_int
Clade_2896,LTR7-3_HERVH-3_int-3
ERV_3889697,ERV_3889697_LTR7_HERVH_int
Clade_2897,LTR7-2_HERVH-2_int-2
ERV_3278720,ERV_3278720_LTR7_HERVH_int
ERV_3771417,ERV_3771417_LTR7_HERVH_int
Clade_2898,LTR7-2_HERVH-2_int-2
ERV_4180463,ERV_4180463_LTR7_HERVH_int
ERV_4178449,ERV_4178449_LTR7_HERVH_int
Clade_2899,LTR7-18_HERVH-111_int-111_LTR7Y-63_LTR7B-32
ERV_1523783,ERV_1523783_LTR7_HERVH_int
Clade_2900,LTR7-17_HERVH-110_int-110_LTR7Y-63_LTR7B-32
ERV_1528536,ERV_1528536_LTR7_HERVH_int
Clade_2901,LTR7-16_HERVH-109_int-109_LTR7Y-63_LTR7B-32
Clade_2902,LTR7-15_HERVH-107_int-107_LTR7Y-62_LTR7B-32
Clade_2903,LTR7-15_HERVH-49_int-49_LTR7Y-35
ERV_3040100,ERV_3040100_LTR7_HERVH_int
Clade_2904,HERVH-48_int-48_LTR7Y-35_LTR7-14
ERV_1746613,ERV_1746613_HERVH_int_LTR7Y
Clade_2905,LTR7-14_HERVH-47_int-47_LTR7Y-34
Clade_2906,LTR7-12_HERVH-40_int-40_LTR7Y-28
Clade_2907,LTR7-3_HERVH-3_int-3
ERV_3876194,ERV_3876194_LTR7_HERVH_int
Clade_2908,LTR7-2_HERVH-2_int-2
ERV_3783523,ERV_3783523_LTR7_HERVH_int
ERV_3681883,ERV_3681883_LTR7_HERVH_int
Clade_2909,HERVH-37_int-37_LTR7Y-28_LTR7-9
ERV_3965214,ERV_3965214_HERVH_int_LTR7Y
Clade_2910,HERVH-36_int-36_LTR7Y-27_LTR7-9
ERV_3518020,ERV_3518020_HERVH_int_LTR7Y
Clade_2911,HERVH-35_int-35_LTR7Y-26_LTR7-9
ERV_3006067,ERV_3006067_HERVH_int_LTR7Y
Clade_2912,HERVH-34_int-34_LTR7Y-25_LTR7-9
ERV_3315937,ERV_3315937_LTR7_HERVH_int
Clade_2913,HERVH-33_int-33_LTR7Y-25_LTR7-8
ERV_4391200,ERV_4391200_HERVH_int_LTR7Y
Clade_2914,HERVH-32_int-32_LTR7Y-24_LTR7-8
Clade_2915,HERVH-5_int-5_LTR7Y-5
Clade_2916,HERVH-2_int-2_LTR7Y-2
ERV_4375869,ERV_4375869_HERVH_int_LTR7Y
ERV_1919398,ERV_1919398_HERVH_int_LTR7Y
Clade_2917,HERVH-3_int-3_LTR7Y-3
ERV_2153274,ERV_2153274_HERVH_int_LTR7Y
Clade_2918,HERVH-2_int-2_LTR7Y-2
ERV_1359791,ERV_1359791_HERVH_int_LTR7Y
ERV_3971180,ERV_3971180_HERVH_int_LTR7Y
Clade_2919,LTR7-8_HERVH-27_int-27_LTR7Y-19
Clade_2920,LTR7-4_HERVH-11_int-11_LTR7Y-7
Clade_2921,LTR7-4_HERVH-9_int-9_LTR7Y-5
Clade_2922,LTR7-2_HERVH-3_int-3_LTR7Y-1
ERV_3259271,ERV_3259271_LTR7_HERVH_int
Clade_2923,LTR7-1_HERVH-2_int-2_LTR7Y-1
ERV_3657642,ERV_3657642_LTR7_HERVH_int
ERV_3873633,ERV_3873633_HERVH_int_LTR7Y
Clade_2924,HERVH-6_int-6_LTR7Y-4_LTR7-2
Clade_2925,HERVH-3_int-3_LTR7Y-3
ERV_2296478,ERV_2296478_HERVH_int_LTR7Y
Clade_2926,HERVH-2_int-2_LTR7Y-2
ERV_2441692,ERV_2441692_HERVH_int_LTR7Y
ERV_1894170,ERV_1894170_HERVH_int_LTR7Y
Clade_2927,LTR7-2_HERVH-3_int-3_LTR7Y-1
ERV_2739772,ERV_2739772_LTR7_HERVH_int
Clade_2928,HERVH-2_int-2_LTR7Y-1_LTR7-1
ERV_2939276,ERV_2939276_HERVH_int_LTR7Y
ERV_2167468,ERV_2167468_LTR7_HERVH_int
Clade_2929,HERVH-2_int-2_LTR7Y-2
ERV_3534837,ERV_3534837_HERVH_int_LTR7Y
ERV_1053757,ERV_1053757_HERVH_int_LTR7Y
Clade_2930,HERVH-16_int-16_LTR7Y-12_LTR7-4
Clade_2931,HERVH-5_int-5_LTR7Y-5
ERV_1069516,ERV_1069516_HERVH_int_LTR7Y
Clade_2932,HERVH-4_int-4_LTR7Y-4
ERV_2072195,ERV_2072195_HERVH_int_LTR7Y
Clade_2933,HERVH-3_int-3_LTR7Y-3
ERV_4325625,ERV_4325625_HERVH_int_LTR7Y
Clade_2934,HERVH-2_int-2_LTR7Y-2
ERV_1765980,ERV_1765980_HERVH_int_LTR7Y
ERV_3126159,ERV_3126159_HERVH_int_LTR7Y
Clade_2935,HERVH-11_int-11_LTR7Y-7_LTR7-4
Clade_2936,HERVH-2_int-2_LTR7Y-2
ERV_3397548,ERV_3397548_HERVH_int_LTR7Y
ERV_2734688,ERV_2734688_HERVH_int_LTR7Y
Clade_2937,HERVH-9_int-9_LTR7Y-5_LTR7-4
Clade_2938,HERVH-5_int-5_LTR7Y-3_LTR7-2
ERV_1556232,ERV_1556232_HERVH_int_LTR7Y
Clade_2939,HERVH-4_int-4_LTR7Y-2_LTR7-2
ERV_1275360,ERV_1275360_HERVH_int_LTR7Y
Clade_2940,HERVH-3_int-3_LTR7Y-1_LTR7-2
ERV_2809034,ERV_2809034_HERVH_int_LTR7Y
Clade_2941,LTR7-2_HERVH-2_int-2
ERV_3360759,ERV_3360759_LTR7_HERVH_int
ERV_3480005,ERV_3480005_LTR7_HERVH_int
Clade_2942,LTR7-2_HERVH-4_int-4_LTR7Y-2
Clade_2943,LTR7-1_HERVH-2_int-2_LTR7Y-1
ERV_3022495,ERV_3022495_LTR7_HERVH_int
ERV_3018088,ERV_3018088_HERVH_int_LTR7Y
Clade_2944,HERVH-2_int-2_LTR7Y-1_LTR7-1
ERV_1888023,ERV_1888023_HERVH_int_LTR7Y
ERV_4001706,ERV_4001706_LTR7_HERVH_int
Clade_2945,LTR7-2_HERVH-7_int-7_LTR7Y-6
ERV_2126516,ERV_2126516_LTR7_HERVH_int
Clade_2946,HERVH-6_int-6_LTR7Y-6_LTR7-1
Clade_2947,HERVH-2_int-2_LTR7Y-2
ERV_3278710,ERV_3278710_HERVH_int_LTR7Y
ERV_3498717,ERV_3498717_HERVH_int_LTR7Y
Clade_2948,HERVH-4_int-4_LTR7Y-4_LTR7-1
ERV_2728150,ERV_2728150_HERVH_int_LTR7Y
Clade_2949,HERVH-3_int-3_LTR7Y-3_LTR7-1
ERV_1523813,ERV_1523813_HERVH_int_LTR7Y_LTR7
Clade_2950,HERVH-2_int-2_LTR7Y-2
ERV_1574727,ERV_1574727_HERVH_int_LTR7Y
ERV_2638491,ERV_2638491_HERVH_int_LTR7Y
Clade_2951,HERVH-58_int-58_LTR7Y-27_LTR7B-32
Clade_2952,HERVH-55_int-55_LTR7Y-26_LTR7B-31
Clade_2953,HERVH-25_int-25_LTR7Y-22_LTR7B-3
Clade_2954,HERVH-16_int-16_LTR7Y-13_LTR7B-3
ERV_3032215,ERV_3032215_HERVH_int_LTR7Y
Clade_2955,HERVH-15_int-15_LTR7Y-12_LTR7B-3
Clade_2956,HERVH-4_int-4_LTR7Y-3_LTR7B-1
Clade_2957,HERVH-2_int-2_LTR7Y-1_LTR7B-1
ERV_3710500,ERV_3710500_HERVH_int_LTR7Y
ERV_3001054,ERV_3001054_HERVH_int_LTR7B
Clade_2958,HERVH-2_int-2_LTR7Y-2
ERV_4288999,ERV_4288999_HERVH_int_LTR7Y
ERV_1960237,ERV_1960237_LTR7Y_HERVH_int
Clade_2959,HERVH-11_int-11_LTR7Y-9_LTR7B-2
ERV_3715813,ERV_3715813_HERVH_int_LTR7Y
Clade_2960,HERVH-10_int-10_LTR7Y-8_LTR7B-2
ERV_4326325,ERV_4326325_HERVH_int_LTR7Y
Clade_2961,HERVH-9_int-9_LTR7Y-7_LTR7B-2
Clade_2962,HERVH-2_int-2_LTR7Y-2
ERV_3714808,ERV_3714808_HERVH_int_LTR7Y
ERV_4155259,ERV_4155259_HERVH_int_LTR7Y
Clade_2963,HERVH-7_int-7_LTR7Y-5_LTR7B-2
ERV_2602063,ERV_2602063_HERVH_int_LTR7Y
Clade_2964,HERVH-6_int-6_LTR7B-2_LTR7Y-4
Clade_2965,HERVH-3_int-3_LTR7B-2_LTR7Y-1
ERV_2923323,ERV_2923323_HERVH_int_LTR7B
Clade_2966,HERVH-2_int-2_LTR7Y-1_LTR7B-1
ERV_3890211,ERV_3890211_HERVH_int_LTR7Y
ERV_2336438,ERV_2336438_HERVH_int_LTR7B
Clade_2967,HERVH-3_int-3_LTR7Y-3
ERV_3765011,ERV_3765011_HERVH_int_LTR7Y
Clade_2968,HERVH-2_int-2_LTR7Y-2
ERV_1962856,ERV_1962856_HERVH_int_LTR7Y
ERV_4385642,ERV_4385642_HERVH_int_LTR7Y
Clade_2969,HERVH-9_int-9_LTR7Y-9
ERV_3661443,ERV_3661443_HERVH_int_LTR7Y
Clade_2970,HERVH-8_int-8_LTR7Y-8
ERV_1006908,ERV_1006908_HERVH_int_LTR7Y
Clade_2971,HERVH-7_int-7_LTR7Y-7
Clade_2972,HERVH-3_int-3_LTR7Y-3
ERV_3868935,ERV_3868935_HERVH_int_LTR7Y
Clade_2973,HERVH-2_int-2_LTR7Y-2
ERV_3061637,ERV_3061637_HERVH_int_LTR7Y
ERV_1213075,ERV_1213075_HERVH_int_LTR7Y
Clade_2974,HERVH-4_int-4_LTR7Y-4
ERV_3311583,ERV_3311583_HERVH_int_LTR7Y
Clade_2975,HERVH-3_int-3_LTR7Y-3
ERV_1801750,ERV_1801750_HERVH_int_LTR7Y
Clade_2976,HERVH-2_int-2_LTR7Y-2
ERV_2664543,ERV_2664543_HERVH_int_LTR7Y
ERV_1476147,ERV_1476147_HERVH_int_LTR7Y
Clade_2977,HERVH-30_int-30_LTR7B-28_LTR7Y-4
ERV_1979329,ERV_1979329_HERVH_int_LTR7B
Clade_2978,HERVH-29_int-29_LTR7B-27_LTR7Y-4
Clade_2979,HERVH-2_int-2_LTR7B-2
ERV_3880493,ERV_3880493_HERVH_int_LTR7B
ERV_3359269,ERV_3359269_HERVH_int_LTR7B
Clade_2980,HERVH-27_int-27_LTR7B-25_LTR7Y-4
Clade_2981,HERVH-24_int-24_LTR7B-22_LTR7Y-4
Clade_2982,HERVH-8_int-8_LTR7B-8
Clade_2983,HERVH-3_int-3_LTR7B-3
ERV_3970514,ERV_3970514_HERVH_int_LTR7B
Clade_2984,HERVH-2_int-2_LTR7B-2
ERV_3523212,ERV_3523212_HERVH_int_LTR7B
ERV_1486597,ERV_1486597_HERVH_int_LTR7B
Clade_2985,HERVH-5_int-5_LTR7B-5
ERV_2742601,ERV_2742601_HERVH_int_LTR7B
Clade_2986,HERVH-4_int-4_LTR7B-4
ERV_2245284,ERV_2245284_HERVH_int_LTR7B
Clade_2987,HERVH-3_int-3_LTR7B-3
ERV_2049291,ERV_2049291_HERVH_int_LTR7B
Clade_2988,HERVH-2_int-2_LTR7B-2
ERV_3519492,ERV_3519492_HERVH_int_LTR7B
ERV_4072892,ERV_4072892_HERVH_int_LTR7B
Clade_2989,HERVH-16_int-16_LTR7B-14_LTR7Y-4
Clade_2990,HERVH-7_int-7_LTR7B-7
ERV_2618961,ERV_2618961_HERVH_int_LTR7B
Clade_2991,HERVH-6_int-6_LTR7B-6
ERV_1618857,ERV_1618857_HERVH_int_LTR7B
Clade_2992,HERVH-5_int-5_LTR7B-5
Clade_2993,HERVH-3_int-3_LTR7B-3
ERV_3053047,ERV_3053047_HERVH_int_LTR7B
Clade_2994,HERVH-2_int-2_LTR7B-2
ERV_2124289,ERV_2124289_HERVH_int_LTR7B
ERV_4274102,ERV_4274102_HERVH_int_LTR7B
Clade_2995,HERVH-2_int-2_LTR7B-2
ERV_2145356,ERV_2145356_HERVH_int_LTR7B
ERV_1941502,ERV_1941502_HERVH_int_LTR7B
Clade_2996,LTR7Y-4_HERVH-9_int-9_LTR7B-7
Clade_2997,LTR7Y-2_HERVH-5_int-5_LTR7B-4
Clade_2998,LTR7Y-1_HERVH-2_int-2_LTR7B-1
ERV_1528537,ERV_1528537_LTR7Y_HERVH_int
ERV_1897873,ERV_1897873_HERVH_int_LTR7B
Clade_2999,HERVH-3_int-3_LTR7B-3_LTR7Y-1
ERV_1174455,ERV_1174455_HERVH_int_LTR7B
Clade_3000,HERVH-2_int-2_LTR7B-2_LTR7Y-1
ERV_1110817,ERV_1110817_HERVH_int_LTR7B
ERV_3542635,ERV_3542635_HERVH_int_LTR7Y_LTR7B
Clade_3001,LTR7Y-2_HERVH-4_int-4_LTR7B-3
ERV_4317020,ERV_4317020_LTR7Y_HERVH_int_LTR7B
Clade_3002,HERVH-3_int-3_LTR7B-2_LTR7Y-1
ERV_3160383,ERV_3160383_HERVH_int_LTR7B
Clade_3003,HERVH-2_int-2_LTR7B-1_LTR7Y-1
ERV_1888137,ERV_1888137_HERVH_int_LTR7B
ERV_1522479,ERV_1522479_HERVH_int_LTR7Y
Clade_3004,HERVH-3_int-3_LTR7B-3
ERV_2765548,ERV_2765548_HERVH_int_LTR7B
Clade_3005,HERVH-2_int-2_LTR7B-2
ERV_3582255,ERV_3582255_HERVH_int_LTR7B
ERV_1486598,ERV_1486598_HERVH_int_LTR7B
Clade_3006,HERVH-3_int-3_LTR7B-1_LTR7Y-1
ERV_4093413,ERV_4093413_HERVH_int
Clade_3007,HERVH-2_int-2_LTR7B-1_LTR7Y-1
ERV_2161744,ERV_2161744_HERVH_int_LTR7B
ERV_3361163,ERV_3361163_HERVH_int_LTR7Y
Clade_3008,LTR7-1_HERVH-2_int-2_LTR7Y-1
ERV_1101615,ERV_1101615_LTR7_HERVH_int
ERV_2331656,ERV_2331656_HERVH_int_LTR7Y
Clade_3009,HERVH-26_int-26_LTR7Y-1_LTR7-26
Clade_3010,HERVH-23_int-23_LTR7Y-1_LTR7-23
Clade_3011,HERVH-14_int-14_LTR7Y-1_LTR7-14
ERV_1096549,ERV_1096549_LTR7_HERVH_int
Clade_3012,HERVH-13_int-13_LTR7Y-1_LTR7-13
ERV_2888120,ERV_2888120_LTR7_HERVH_int
Clade_3013,HERVH-12_int-12_LTR7Y-1_LTR7-12
ERV_3523142,ERV_3523142_LTR7_HERVH_int
Clade_3014,HERVH-11_int-11_LTR7Y-1_LTR7-11
Clade_3015,HERVH-8_int-8_LTR7Y-1_LTR7-8
Clade_3016,HERVH-6_int-6_LTR7Y-1_LTR7-6
Clade_3017,HERVH-2_int-2_LTR7Y-1_LTR7-2
ERV_3379763,ERV_3379763_HERVH_int_LTR7Y_LTR7
ERV_3291431,ERV_3291431_LTR7_HERVH_int
Clade_3018,LTR7-4_HERVH-4_int-4
Clade_3019,LTR7-2_HERVH-2_int-2
ERV_2418734,ERV_2418734_LTR7_HERVH_int
ERV_3052360,ERV_3052360_LTR7_HERVH_int
Clade_3020,LTR7-2_HERVH-2_int-2
ERV_1101674,ERV_1101674_LTR7_HERVH_int
ERV_2078201,ERV_2078201_LTR7_HERVH_int
Clade_3021,LTR7-2_HERVH-2_int-2
ERV_2563014,ERV_2563014_LTR7_HERVH_int
ERV_4054808,ERV_4054808_LTR7_HERVH_int
Clade_3022,LTR7-3_HERVH-3_int-3
ERV_4395023,ERV_4395023_LTR7_HERVH_int
Clade_3023,LTR7-2_HERVH-2_int-2
ERV_3923067,ERV_3923067_LTR7_HERVH_int
ERV_3798336,ERV_3798336_LTR7_HERVH_int
Clade_3024,LTR7-9_HERVH-9_int-9
ERV_3901930,ERV_3901930_LTR7_HERVH_int
Clade_3025,LTR7-8_HERVH-8_int-8
ERV_3138427,ERV_3138427_LTR7_HERVH_int
Clade_3026,LTR7-7_HERVH-7_int-7
Clade_3027,LTR7-5_HERVH-5_int-5
Clade_3028,LTR7-2_HERVH-2_int-2
ERV_3998962,ERV_3998962_LTR7_HERVH_int
ERV_2120594,ERV_2120594_LTR7_HERVH_int
Clade_3029,LTR7-3_HERVH-3_int-3
ERV_1822931,ERV_1822931_LTR7_HERVH_int
Clade_3030,LTR7-2_HERVH-2_int-2
ERV_2049413,ERV_2049413_LTR7_HERVH_int
ERV_2436338,ERV_2436338_LTR7_HERVH_int
Clade_3031,LTR7-2_HERVH-2_int-2
ERV_3046294,ERV_3046294_LTR7_HERVH_int
ERV_1153890,ERV_1153890_LTR7_HERVH_int
Clade_3032,LTR7-3_HERVH-3_int-3
ERV_1024064,ERV_1024064_LTR7_HERVH_int
Clade_3033,LTR7-2_HERVH-2_int-2
ERV_1199191,ERV_1199191_LTR7_HERVH_int
ERV_2732601,ERV_2732601_LTR7_HERVH_int
Clade_3034,LTR7-5_HERVH-5_int-5
Clade_3035,LTR7-3_HERVH-3_int-3
ERV_1114055,ERV_1114055_LTR7_HERVH_int
Clade_3036,LTR7-2_HERVH-2_int-2
ERV_4293493,ERV_4293493_LTR7_HERVH_int
ERV_1978572,ERV_1978572_LTR7_HERVH_int
Clade_3037,LTR7-2_HERVH-2_int-2
ERV_3577322,ERV_3577322_LTR7_HERVH_int
ERV_3137168,ERV_3137168_LTR7_HERVH_int
Clade_3038,LTR7-4_HERVH-4_int-4
ERV_3171607,ERV_3171607_LTR7_HERVH_int
Clade_3039,LTR7-3_HERVH-3_int-3
ERV_1143818,ERV_1143818_LTR7_HERVH_int
Clade_3040,LTR7-2_HERVH-2_int-2
ERV_2687295,ERV_2687295_LTR7_HERVH_int
ERV_3721053,ERV_3721053_LTR7_HERVH_int
